养殖场,监测时间,真实水温,预测水温,水温_model,真实pH,预测pH,pH_model,真实溶解氧,预测溶解氧,溶解氧_model,真实氨氮,预测氨氮,氨氮_model,真实盐度,预测盐度,盐度_model,真实亚硝酸盐,预测亚硝酸盐,亚硝酸盐_model
天津市滨海新区志敏养殖场,2025-09-19 00:31:00,22.8,22.712999999999994,random_forest,6.63,7.1397999999999975,random_forest,5.77,7.720100000000002,random_forest,0.176,0.16790500000000005,random_forest,18.773,18.81,baseline,0.183,0.07880000000000001,knn
天津市滨海新区志敏养殖场,2025-09-19 05:44:00,25.1,23.647500000000008,random_forest,8.26,7.194450000000004,random_forest,8.9,7.183400000000001,random_forest,0.233,0.16436,random_forest,18.803,18.773,baseline,0.191,0.09560000000000002,knn
天津市滨海新区志敏养殖场,2025-09-19 10:34:00,22.9,23.6965,random_forest,8.56,8.378299999999989,random_forest,7.99,6.79785,random_forest,0.16,0.15788500000000003,random_forest,18.971,18.803,baseline,0.335,0.05700000000000001,knn
天津市滨海新区志敏养殖场,2025-09-19 15:37:00,21.7,22.6655,random_forest,8.23,8.198650000000002,random_forest,8.52,6.778049999999997,random_forest,0.208,0.15956,random_forest,19.114,18.971,baseline,0.082,0.11000000000000001,knn
天津市滨海新区志敏养殖场,2025-09-19 21:19:00,20.9,22.439499999999985,random_forest,8.03,8.078900000000004,random_forest,9.51,7.153399999999998,random_forest,0.162,0.16229999999999994,random_forest,19.178,19.114,baseline,0.062,0.07100000000000001,knn
天津市滨海新区志敏养殖场,2025-09-20 00:38:00,21.8,22.92300000000002,random_forest,8.19,7.067999999999999,random_forest,9.11,7.551249999999993,random_forest,0.177,0.16432999999999998,random_forest,19.177,19.178,baseline,0.071,0.059800000000000006,knn
天津市滨海新区志敏养殖场,2025-09-20 05:51:00,23.3,23.558499999999984,random_forest,7.36,7.060949999999998,random_forest,5.88,7.219950000000001,random_forest,0.136,0.17305000000000015,random_forest,18.981,19.177,baseline,0.049,0.038400000000000004,knn
天津市滨海新区志敏养殖场,2025-09-20 10:07:00,24.2,23.923499999999994,random_forest,8.58,8.400800000000006,random_forest,8.45,7.012399999999996,random_forest,0.19,0.17100499999999993,random_forest,19.019,18.981,baseline,0.058,0.0874,knn
天津市滨海新区志敏养殖场,2025-09-20 15:31:00,22.2,22.991000000000003,random_forest,8.29,8.239750000000006,random_forest,6.48,6.639999999999999,random_forest,0.162,0.16201000000000007,random_forest,19.047,19.019,baseline,0.081,0.06539999999999999,knn
天津市滨海新区志敏养殖场,2025-09-20 21:28:00,21.5,21.979999999999986,random_forest,8.07,8.111099999999999,random_forest,5.01,6.984749999999999,random_forest,0.197,0.16167999999999993,random_forest,19.238,19.047,baseline,0.099,0.049,knn
天津市滨海新区志敏养殖场,2025-09-21 00:02:00,23.4,22.418999999999997,random_forest,8.17,7.225849999999999,random_forest,9.22,7.45785,random_forest,0.182,0.16858499999999996,random_forest,19.216,19.238,baseline,0.269,0.0706,knn
天津市滨海新区志敏养殖场,2025-09-21 05:59:00,24.7,23.355000000000008,random_forest,7.46,7.151500000000002,random_forest,5.69,6.8276,random_forest,0.242,0.16928500000000013,random_forest,19.311,19.216,baseline,0.029,0.1082,knn
天津市滨海新区志敏养殖场,2025-09-21 10:03:00,22.5,23.23150000000001,random_forest,8.33,8.381100000000005,random_forest,7.82,6.407099999999994,random_forest,0.219,0.16540499999999983,random_forest,19.301,19.311,baseline,0.105,0.14079999999999998,knn
天津市滨海新区志敏养殖场,2025-09-21 15:41:00,22.2,22.948500000000003,random_forest,8.3,8.259950000000002,random_forest,8.34,6.7103500000000045,random_forest,0.13,0.17379500000000003,random_forest,19.544,19.301,baseline,0.183,0.1008,knn
天津市滨海新区志敏养殖场,2025-09-21 21:17:00,21.4,21.822000000000003,random_forest,8.17,8.114150000000008,random_forest,10.04,6.984850000000003,random_forest,0.115,0.15376999999999996,random_forest,19.491,19.544,baseline,0.052,0.0746,knn
天津市滨海新区志敏养殖场,2025-09-22 00:04:00,21.9,22.697499999999994,random_forest,7.42,7.1246999999999945,random_forest,10.04,7.3949,random_forest,0.187,0.17063999999999993,random_forest,19.444,19.491,baseline,0.09,0.05940000000000001,knn
天津市滨海新区志敏养殖场,2025-09-22 05:37:00,21.5,23.47650000000002,random_forest,7.19,7.066500000000007,random_forest,6.81,6.88615,random_forest,0.14,0.16772999999999996,random_forest,19.458,19.444,baseline,0.08,0.05439999999999999,knn
天津市滨海新区志敏养殖场,2025-09-22 10:35:00,24.4,23.291999999999987,random_forest,8.34,8.3965,random_forest,6.55,6.816499999999998,random_forest,0.195,0.16579500000000003,random_forest,19.547,19.458,baseline,0.052,0.058199999999999995,knn
天津市滨海新区志敏养殖场,2025-09-22 15:43:00,21.7,23.097,random_forest,8.17,8.257850000000005,random_forest,8.8,7.128600000000002,random_forest,0.146,0.16455999999999993,random_forest,19.5,19.547,baseline,0.106,0.0824,knn
天津市滨海新区志敏养殖场,2025-09-22 21:04:00,21.2,22.09750000000001,random_forest,7.95,8.125850000000002,random_forest,9.41,7.217849999999998,random_forest,0.196,0.16574499999999998,random_forest,19.468,19.5,baseline,0.038,0.05840000000000001,knn
天津市滨海新区志敏养殖场,2025-10-12 00:16:00,15.4,21.876000000000012,random_forest,7.13,7.072049999999998,random_forest,9.96,6.708800000000004,random_forest,0.169,0.16187999999999994,random_forest,19.411,19.468,baseline,0.032,0.10899999999999999,knn
天津市滨海新区志敏养殖场,2025-10-12 05:59:00,16.3,16.507999999999992,random_forest,6.61,7.270550000000001,random_forest,10.2,8.865650000000002,random_forest,0.108,0.180285,random_forest,19.384,19.411,baseline,0.086,0.044,knn
天津市滨海新区志敏养殖场,2025-10-12 10:37:00,18.0,17.388499999999993,random_forest,8.44,8.432150000000005,random_forest,8.37,8.476849999999999,random_forest,0.203,0.17446999999999993,random_forest,19.196,19.384,baseline,0.127,0.0366,knn
天津市滨海新区志敏养殖场,2025-10-12 15:52:00,14.4,16.479500000000005,random_forest,8.1,8.274850000000002,random_forest,10.14,8.826450000000001,random_forest,0.167,0.16073999999999988,random_forest,19.159,19.196,baseline,0.055,0.0838,knn
天津市滨海新区志敏养殖场,2025-10-12 21:25:00,17.0,15.629499999999997,random_forest,8.02,8.148250000000008,random_forest,10.17,10.150350000000008,random_forest,0.115,0.17766,random_forest,19.092,19.159,baseline,0.097,0.0872,knn
天津市滨海新区志敏养殖场,2025-10-13 00:13:00,15.8,15.923499999999999,random_forest,6.79,7.1785000000000005,random_forest,9.39,9.695300000000003,random_forest,0.068,0.181145,random_forest,19.178,19.092,baseline,0.198,0.0512,knn
天津市滨海新区志敏养殖场,2025-10-13 05:57:00,16.6,17.412999999999982,random_forest,7.49,7.218049999999998,random_forest,10.31,9.106949999999996,random_forest,0.147,0.16855500000000004,random_forest,19.049,19.178,baseline,0.028,0.057999999999999996,knn
天津市滨海新区志敏养殖场,2025-10-13 10:14:00,17.3,17.236999999999995,random_forest,8.47,8.422950000000004,random_forest,9.34,9.090450000000011,random_forest,0.105,0.17487000000000003,random_forest,19.031,19.049,baseline,0.261,0.0624,knn
天津市滨海新区志敏养殖场,2025-10-13 15:47:00,16.8,16.24199999999999,random_forest,8.24,8.306000000000001,random_forest,9.25,9.224599999999999,random_forest,0.183,0.17160499999999998,random_forest,19.001,19.031,baseline,0.056,0.0754,knn
天津市滨海新区志敏养殖场,2025-10-13 21:00:00,16.7,15.649500000000007,random_forest,8.09,8.115499999999992,random_forest,10.96,10.299900000000012,random_forest,0.222,0.15916500000000003,random_forest,19.057,19.001,baseline,0.061,0.05600000000000001,knn
天津市滨海新区志敏养殖场,2025-10-14 00:03:00,15.7,15.713000000000001,random_forest,6.57,7.0573000000000015,random_forest,10.86,10.197300000000014,random_forest,0.139,0.16609499999999996,random_forest,19.077,19.057,baseline,0.031,0.12000000000000002,knn
天津市滨海新区志敏养殖场,2025-10-14 05:41:00,16.6,16.9465,random_forest,6.79,7.08625,random_forest,9.58,9.456199999999999,random_forest,0.121,0.18274999999999988,random_forest,18.963,19.077,baseline,0.082,0.05500000000000001,knn
天津市滨海新区志敏养殖场,2025-10-14 10:25:00,17.1,16.469000000000015,random_forest,8.45,8.442250000000007,random_forest,8.74,9.339300000000003,random_forest,0.154,0.18311500000000006,random_forest,18.908,18.963,baseline,0.042,0.05499999999999999,knn
天津市滨海新区志敏养殖场,2025-10-14 15:31:00,15.9,16.266999999999992,random_forest,8.3,8.27945,random_forest,10.01,9.404800000000003,random_forest,0.066,0.16622499999999998,random_forest,18.828,18.908,baseline,0.06,0.09559999999999999,knn
天津市滨海新区志敏养殖场,2025-10-14 21:08:00,16.4,15.739,random_forest,8.2,8.1049,random_forest,9.96,10.21745000000001,random_forest,0.111,0.17136500000000005,random_forest,18.763,18.828,baseline,0.073,0.0652,knn
天津市滨海新区志敏养殖场,2025-10-15 00:09:00,17.5,15.774000000000008,random_forest,7.23,7.165999999999998,random_forest,10.28,10.357750000000008,random_forest,0.181,0.16611499999999998,random_forest,18.861,18.763,baseline,0.034,0.13399999999999998,knn
天津市滨海新区志敏养殖场,2025-10-15 05:56:00,16.4,17.177999999999987,random_forest,7.41,7.050400000000004,random_forest,9.46,9.11065,random_forest,0.263,0.18192500000000003,random_forest,18.825,18.861,baseline,0.052,0.0452,knn
天津市滨海新区志敏养殖场,2025-10-15 10:06:00,18.8,17.063999999999997,random_forest,8.5,8.4576,random_forest,8.92,9.161999999999999,random_forest,0.102,0.173865,random_forest,18.947,18.825,baseline,0.147,0.1182,knn
天津市滨海新区志敏养殖场,2025-10-15 15:51:00,14.9,16.634000000000004,random_forest,8.29,8.276449999999999,random_forest,8.77,8.556199999999995,random_forest,0.131,0.17688500000000001,random_forest,18.92,18.947,baseline,0.298,0.0792,knn
天津市滨海新区志敏养殖场,2025-10-15 21:28:00,16.4,14.958000000000009,random_forest,8.04,8.116350000000004,random_forest,9.64,10.13975,random_forest,0.116,0.15701499999999996,random_forest,19.061,18.92,baseline,0.284,0.07859999999999999,knn
天津市滨海新区志敏养殖场,2025-10-16 00:10:00,16.3,15.349499999999999,random_forest,7.29,7.046849999999999,random_forest,10.18,10.130650000000005,random_forest,0.123,0.16418500000000003,random_forest,19.217,19.061,baseline,0.057,0.1706,knn
天津市滨海新区志敏养殖场,2025-10-16 05:41:00,17.3,17.388999999999996,random_forest,7.43,7.102950000000002,random_forest,9.59,9.24485,random_forest,0.187,0.17002499999999995,random_forest,19.197,19.217,baseline,0.071,0.11840000000000002,knn
天津市滨海新区志敏养殖场,2025-10-16 10:25:00,16.5,17.466,random_forest,8.42,8.436300000000005,random_forest,9.42,9.100949999999997,random_forest,0.117,0.1745600000000001,random_forest,19.028,19.197,baseline,0.037,0.053200000000000004,knn
天津市滨海新区志敏养殖场,2025-10-16 15:40:00,16.9,15.910500000000003,random_forest,8.22,8.320950000000002,random_forest,8.69,9.297350000000002,random_forest,0.145,0.17010499999999998,random_forest,18.915,19.028,baseline,0.051,0.11399999999999999,knn
天津市滨海新区志敏养殖场,2025-10-16 21:09:00,17.4,15.388499999999997,random_forest,8.1,8.126300000000004,random_forest,9.62,10.011,random_forest,0.199,0.17322999999999988,random_forest,18.912,18.915,baseline,0.04,0.1016,knn
天津市滨海新区志敏养殖场,2025-10-17 00:17:00,15.1,16.026499999999988,random_forest,7.41,7.086000000000004,random_forest,9.9,9.78500000000001,random_forest,0.279,0.16267999999999996,random_forest,18.794,18.912,baseline,0.152,0.10899999999999999,knn
天津市滨海新区志敏养殖场,2025-10-17 05:33:00,17.1,16.591500000000003,random_forest,8.37,7.0310000000000015,random_forest,9.65,9.511900000000008,random_forest,0.177,0.18120500000000006,random_forest,18.836,18.794,baseline,0.062,0.09720000000000001,knn
天津市滨海新区志敏养殖场,2025-10-17 10:22:00,17.9,17.253000000000007,random_forest,8.36,8.449100000000003,random_forest,8.97,9.235750000000005,random_forest,0.066,0.17137999999999998,random_forest,18.935,18.836,baseline,0.062,0.049,knn
天津市滨海新区志敏养殖场,2025-10-17 15:22:00,17.5,16.168,random_forest,8.48,8.264849999999997,random_forest,8.7,9.392399999999999,random_forest,0.204,0.165695,random_forest,18.894,18.935,baseline,0.324,0.11380000000000001,knn
天津市滨海新区志敏养殖场,2025-10-17 21:10:00,16.3,15.566999999999993,random_forest,8.2,8.076100000000006,random_forest,9.92,10.001450000000002,random_forest,0.222,0.15575999999999998,random_forest,18.812,18.894,baseline,0.073,0.0518,knn
天津市滨海新区志敏养殖场,2025-10-18 00:24:00,15.2,15.152000000000008,random_forest,6.8,7.151600000000006,random_forest,10.0,10.093550000000008,random_forest,0.14,0.15824000000000005,random_forest,18.995,18.812,baseline,0.079,0.07339999999999999,knn
天津市滨海新区志敏养殖场,2025-10-18 05:59:00,17.6,16.243500000000008,random_forest,7.0,7.292649999999994,random_forest,10.04,9.748750000000005,random_forest,0.154,0.17304999999999995,random_forest,19.15,18.995,baseline,0.098,0.14300000000000002,knn
天津市滨海新区志敏养殖场,2025-10-18 10:19:00,17.7,17.460500000000003,random_forest,8.36,8.420850000000012,random_forest,8.04,9.274700000000001,random_forest,0.197,0.17615500000000003,random_forest,19.113,19.15,baseline,0.04,0.08620000000000001,knn
天津市滨海新区志敏养殖场,2025-10-18 15:40:00,18.8,16.150500000000015,random_forest,8.13,8.286150000000005,random_forest,9.46,9.149949999999999,random_forest,0.224,0.17154499999999998,random_forest,19.266,19.113,baseline,0.025,0.0576,knn
天津市滨海新区志敏养殖场,2025-10-18 21:14:00,15.0,15.74000000000001,random_forest,8.13,8.1312,random_forest,11.45,9.141700000000002,random_forest,0.277,0.175705,random_forest,19.333,19.266,baseline,0.064,0.10779999999999998,knn
天津市滨海新区志敏养殖场,2025-10-19 00:10:00,15.4,15.167500000000004,random_forest,7.31,7.035099999999997,random_forest,10.79,9.840400000000008,random_forest,0.272,0.18286999999999992,random_forest,19.262,19.333,baseline,0.094,0.10919999999999999,knn
天津市滨海新区志敏养殖场,2025-10-19 05:55:00,17.6,16.9985,random_forest,6.85,7.126950000000001,random_forest,10.36,9.167950000000005,random_forest,0.284,0.17210500000000006,random_forest,19.277,19.262,baseline,0.095,0.1384,knn
天津市滨海新区志敏养殖场,2025-10-19 10:33:00,16.8,17.07650000000001,random_forest,8.52,8.438550000000006,random_forest,9.19,8.91149999999999,random_forest,0.144,0.19326499999999977,random_forest,19.348,19.277,baseline,0.274,0.10600000000000001,knn
天津市滨海新区志敏养殖场,2025-10-19 15:36:00,18.3,16.34949999999999,random_forest,8.26,8.303149999999997,random_forest,8.91,9.14904999999999,random_forest,0.235,0.1764999999999999,random_forest,19.419,19.348,baseline,0.049,0.0436,knn
天津市滨海新区志敏养殖场,2025-10-19 21:00:00,15.9,15.367000000000013,random_forest,8.0,8.148249999999999,random_forest,10.2,10.002299999999998,random_forest,0.148,0.16417500000000002,random_forest,19.471,19.419,baseline,0.035,0.08959999999999999,knn
天津市滨海新区志敏养殖场,2025-10-20 00:27:00,15.6,15.193999999999996,random_forest,7.32,7.125299999999998,random_forest,10.85,10.3521,random_forest,0.299,0.17599000000000004,random_forest,19.323,19.471,baseline,0.042,0.1018,knn
天津市滨海新区志敏养殖场,2025-10-20 05:48:00,19.0,16.731500000000015,random_forest,7.5,7.413100000000003,random_forest,8.96,9.45930000000001,random_forest,0.18,0.1898200000000001,random_forest,19.366,19.323,baseline,0.087,0.0596,knn
天津市滨海新区志敏养殖场,2025-10-20 10:21:00,15.7,17.648000000000003,random_forest,8.37,8.423050000000009,random_forest,8.79,7.951649999999992,random_forest,0.19,0.18391,random_forest,19.399,19.366,baseline,0.205,0.06,knn
天津市滨海新区志敏养殖场,2025-10-20 15:54:00,18.2,15.643500000000016,random_forest,8.38,8.262150000000002,random_forest,8.79,9.33005,random_forest,0.247,0.17587000000000003,random_forest,19.464,19.399,baseline,0.031,0.1246,knn
天津市滨海新区志敏养殖场,2025-10-20 21:21:00,17.6,15.305500000000004,random_forest,8.02,8.111199999999995,random_forest,9.82,9.83475,random_forest,0.14,0.16234499999999985,random_forest,19.203,19.464,baseline,0.03,0.059800000000000006,knn
天津市滨海新区志敏养殖场,2025-10-21 00:02:00,16.5,16.327499999999997,random_forest,6.92,7.060199999999998,random_forest,10.91,9.870800000000008,random_forest,0.13,0.1694549999999999,random_forest,19.227,19.203,baseline,0.04,0.06659999999999999,knn
天津市滨海新区志敏养殖场,2025-10-21 05:57:00,18.4,16.96050000000001,random_forest,6.56,7.336999999999998,random_forest,9.94,9.464850000000006,random_forest,0.246,0.17787,random_forest,19.276,19.227,baseline,0.066,0.1486,knn
天津市滨海新区志敏养殖场,2025-10-21 10:15:00,17.3,17.516500000000004,random_forest,8.35,8.457200000000002,random_forest,9.57,8.957800000000002,random_forest,0.052,0.17976,random_forest,19.298,19.276,baseline,0.071,0.08020000000000001,knn
天津市滨海新区志敏养殖场,2025-10-21 15:32:00,17.2,16.212999999999994,random_forest,8.2,8.30135,random_forest,9.53,9.381000000000009,random_forest,0.226,0.18521500000000019,random_forest,19.079,19.298,baseline,0.039,0.0902,knn
天津市滨海新区志敏养殖场,2025-10-21 21:00:00,15.0,15.404000000000003,random_forest,8.22,8.116299999999994,random_forest,10.46,9.857750000000005,random_forest,0.142,0.18737499999999982,random_forest,18.978,19.079,baseline,0.034,0.059199999999999996,knn
天津市滨海新区志敏养殖场,2025-10-22 00:34:00,17.9,15.547499999999996,random_forest,7.18,7.145699999999996,random_forest,10.06,10.049850000000006,random_forest,0.124,0.16783,random_forest,18.973,18.978,baseline,0.066,0.057999999999999996,knn
天津市滨海新区志敏养殖场,2025-10-22 05:59:00,18.1,17.486499999999992,random_forest,6.95,7.1664499999999975,random_forest,9.31,9.281950000000005,random_forest,0.129,0.16920500000000005,random_forest,18.962,18.973,baseline,0.051,0.14040000000000002,knn
天津市滨海新区志敏养殖场,2025-10-22 10:24:00,16.5,17.064,random_forest,8.29,8.446750000000007,random_forest,9.11,8.7977,random_forest,0.054,0.19383999999999993,random_forest,18.958,18.962,baseline,0.033,0.047,knn
天津市滨海新区志敏养殖场,2025-10-22 15:30:00,16.5,15.909,random_forest,8.25,8.295850000000007,random_forest,8.84,8.987650000000011,random_forest,0.173,0.17789499999999994,random_forest,18.705,18.958,baseline,0.04,0.1322,knn
天津市滨海新区志敏养殖场,2025-10-22 21:04:00,15.8,15.097000000000012,random_forest,8.25,8.106599999999995,random_forest,9.87,10.137250000000009,random_forest,0.252,0.18907999999999986,random_forest,18.64,18.705,baseline,0.064,0.0858,knn
天津市滨海新区志敏养殖场,2025-10-23 00:15:00,14.3,15.706500000000014,random_forest,8.18,7.078449999999997,random_forest,10.38,10.197250000000004,random_forest,0.273,0.16447,random_forest,18.644,18.64,baseline,0.035,0.0796,knn
天津市滨海新区志敏养殖场,2025-10-23 05:38:00,16.7,17.166000000000007,random_forest,8.35,7.211350000000001,random_forest,10.5,9.761650000000005,random_forest,0.129,0.17298999999999987,random_forest,18.609,18.644,baseline,0.09,0.0964,knn
天津市滨海新区志敏养殖场,2025-10-23 10:06:00,16.8,16.752000000000006,random_forest,8.38,7.823050000000006,random_forest,8.92,9.245349999999995,random_forest,0.146,0.16857499999999997,random_forest,18.675,18.609,baseline,0.049,0.054000000000000006,knn
天津市滨海新区志敏养殖场,2025-10-23 15:49:00,15.4,16.127,random_forest,8.24,8.221650000000002,random_forest,9.64,9.464749999999999,random_forest,0.114,0.160905,random_forest,18.729,18.675,baseline,0.294,0.0844,knn
天津市滨海新区志敏养殖场,2025-10-23 21:25:00,14.4,15.837499999999993,random_forest,8.24,7.903149999999996,random_forest,9.9,10.18865000000001,random_forest,0.101,0.17222000000000004,random_forest,18.812,18.729,baseline,0.069,0.0772,knn
天津市滨海新区志敏养殖场,2025-10-24 00:30:00,15.6,15.992000000000004,random_forest,7.29,7.210899999999997,random_forest,9.53,10.36645,random_forest,0.165,0.1628200000000001,random_forest,18.659,18.812,baseline,0.055,0.1066,knn
天津市滨海新区志敏养殖场,2025-10-24 05:56:00,16.2,16.589000000000013,random_forest,6.52,7.116450000000001,random_forest,9.82,9.676250000000005,random_forest,0.273,0.17581999999999995,random_forest,18.67,18.659,baseline,0.067,0.14679999999999999,knn
天津市滨海新区志敏养殖场,2025-10-24 10:33:00,17.1,16.294500000000006,random_forest,8.36,8.444400000000002,random_forest,8.91,9.426700000000007,random_forest,0.16,0.17399000000000003,random_forest,18.718,18.67,baseline,0.171,0.1018,knn
天津市滨海新区志敏养殖场,2025-10-24 15:23:00,17.5,16.201999999999995,random_forest,8.31,8.295200000000005,random_forest,8.78,9.323200000000003,random_forest,0.127,0.17253500000000002,random_forest,18.763,18.718,baseline,0.061,0.05339999999999999,knn
天津市滨海新区志敏养殖场,2025-10-24 21:14:00,19.3,15.611499999999987,random_forest,8.15,8.105349999999998,random_forest,9.44,9.810800000000004,random_forest,0.125,0.17261500000000002,random_forest,18.797,18.763,baseline,0.067,0.09540000000000001,knn
天津市滨海新区志敏养殖场,2025-10-25 00:12:00,16.2,16.14450000000001,random_forest,7.01,7.059699999999995,random_forest,9.74,9.054300000000005,random_forest,0.142,0.17144499999999993,random_forest,18.857,18.797,baseline,0.18,0.101,knn
天津市滨海新区志敏养殖场,2025-10-25 05:43:00,16.4,17.146500000000007,random_forest,6.51,6.915749999999996,random_forest,8.96,9.431950000000002,random_forest,0.175,0.176295,random_forest,18.859,18.857,baseline,0.047,0.053200000000000004,knn
天津市滨海新区志敏养殖场,2025-10-25 10:21:00,16.9,17.524999999999977,random_forest,8.35,8.447600000000005,random_forest,8.53,9.061749999999996,random_forest,0.191,0.17839,random_forest,18.796,18.859,baseline,0.07,0.0382,knn
天津市滨海新区志敏养殖场,2025-10-25 15:39:00,16.4,16.605499999999992,random_forest,8.38,8.264850000000001,random_forest,8.88,9.245800000000001,random_forest,0.253,0.17626000000000006,random_forest,18.781,18.796,baseline,0.051,0.0914,knn
天津市滨海新区志敏养殖场,2025-10-25 21:17:00,15.7,15.340499999999997,random_forest,8.15,8.092400000000003,random_forest,9.77,9.898849999999998,random_forest,0.125,0.16762999999999992,random_forest,18.841,18.781,baseline,0.063,0.0612,knn
天津市滨海新区志敏养殖场,2025-10-26 00:33:00,14.8,15.63900000000001,random_forest,6.87,7.185149999999998,random_forest,10.26,10.154500000000002,random_forest,0.14,0.16646999999999995,random_forest,19.027,18.841,baseline,0.455,0.0628,knn
天津市滨海新区志敏养殖场,2025-10-26 05:59:00,18.1,17.151000000000007,random_forest,7.04,7.102800000000003,random_forest,10.27,9.571699999999998,random_forest,0.202,0.171415,random_forest,18.949,19.027,baseline,0.066,0.10840000000000001,knn
天津市滨海新区志敏养殖场,2025-10-26 10:10:00,15.7,17.684499999999996,random_forest,8.39,8.436200000000008,random_forest,9.44,8.986850000000002,random_forest,0.12,0.17651500000000003,random_forest,19.002,18.949,baseline,0.023,0.14899999999999997,knn
天津市滨海新区志敏养殖场,2025-10-26 15:43:00,16.5,16.323999999999995,random_forest,8.22,8.313300000000002,random_forest,9.27,9.482099999999999,random_forest,0.255,0.18446999999999997,random_forest,19.048,19.002,baseline,0.066,0.07239999999999999,knn
天津市滨海新区志敏养殖场,2025-10-26 21:25:00,16.7,15.244999999999996,random_forest,8.14,8.155249999999997,random_forest,10.55,10.13550000000001,random_forest,0.158,0.169945,random_forest,19.025,19.048,baseline,0.206,0.059199999999999996,knn
天津市滨海新区志敏养殖场,2025-10-27 00:31:00,15.5,15.776999999999996,random_forest,6.55,7.10015,random_forest,10.34,10.310800000000008,random_forest,0.133,0.15321499999999996,random_forest,18.997,19.025,baseline,0.051,0.055200000000000006,knn
天津市滨海新区志敏养殖场,2025-10-27 05:59:00,18.1,17.169999999999995,random_forest,7.27,7.366550000000001,random_forest,9.74,9.514300000000002,random_forest,0.284,0.1744150000000001,random_forest,19.208,18.997,baseline,0.026,0.19580000000000003,knn
天津市滨海新区志敏养殖场,2025-10-27 10:29:00,19.2,17.160000000000004,random_forest,8.43,8.432100000000002,random_forest,8.92,9.095,random_forest,0.169,0.1757050000000001,random_forest,19.281,19.208,baseline,0.072,0.0762,knn
天津市滨海新区志敏养殖场,2025-10-27 15:55:00,18.1,16.352500000000006,random_forest,8.32,8.269799999999998,random_forest,9.08,8.128499999999999,random_forest,0.122,0.16368499999999994,random_forest,19.314,19.281,baseline,0.081,0.08659999999999998,knn
天津市滨海新区志敏养殖场,2025-10-27 21:13:00,15.6,15.349000000000004,random_forest,8.21,8.110899999999999,random_forest,10.58,9.871100000000002,random_forest,0.125,0.16052,random_forest,19.377,19.314,baseline,0.026,0.05700000000000001,knn
天津市滨海新区志敏养殖场,2025-10-28 00:36:00,17.1,14.738499999999993,random_forest,6.96,7.0881000000000025,random_forest,10.73,10.332650000000008,random_forest,0.101,0.16598000000000002,random_forest,19.435,19.377,baseline,0.092,0.13820000000000002,knn
天津市滨海新区志敏养殖场,2025-10-28 05:43:00,16.7,17.64999999999999,random_forest,6.83,7.067499999999999,random_forest,8.94,9.193700000000007,random_forest,0.138,0.17485000000000006,random_forest,19.59,19.435,baseline,0.029,0.0528,knn
天津市滨海新区志敏养殖场,2025-10-28 10:37:00,16.6,17.48899999999999,random_forest,8.46,8.441600000000001,random_forest,9.33,9.1865,random_forest,0.144,0.17657499999999993,random_forest,19.906,19.59,baseline,0.074,0.0418,knn
天津市滨海新区志敏养殖场,2025-10-28 15:51:00,14.5,16.01,random_forest,8.26,8.31345,random_forest,9.36,9.156799999999999,random_forest,0.126,0.18241500000000005,random_forest,19.947,19.906,baseline,0.097,0.0916,knn
天津市滨海新区志敏养殖场,2025-10-28 21:08:00,13.4,15.306499999999996,random_forest,8.1,8.123149999999992,random_forest,11.12,10.00635000000001,random_forest,0.23,0.16691999999999996,random_forest,19.95,19.947,baseline,0.094,0.0662,knn
天津市滨海新区志敏养殖场,2025-10-29 00:11:00,17.9,13.938499999999987,random_forest,7.08,7.097600000000003,random_forest,10.76,10.426550000000006,random_forest,0.123,0.14963000000000004,random_forest,19.928,19.95,baseline,0.056,0.0868,knn
天津市滨海新区志敏养殖场,2025-10-29 05:59:00,17.2,17.36350000000001,random_forest,7.5,7.140049999999999,random_forest,9.64,9.1783,random_forest,0.16,0.1714699999999999,random_forest,19.843,19.928,baseline,0.028,0.1036,knn
天津市滨海新区志敏养殖场,2025-10-29 10:30:00,16.7,17.172500000000003,random_forest,8.48,8.42255000000001,random_forest,8.63,9.163400000000001,random_forest,0.175,0.1753499999999998,random_forest,19.87,19.843,baseline,0.218,0.0844,knn
天津市滨海新区志敏养殖场,2025-10-29 15:40:00,14.6,15.945499999999992,random_forest,8.16,8.295899999999998,random_forest,10.02,9.270400000000004,random_forest,0.129,0.160975,random_forest,19.95,19.87,baseline,0.029,0.06339999999999998,knn
天津市滨海新区志敏养殖场,2025-10-29 21:00:00,16.5,13.494999999999978,random_forest,8.17,8.126999999999999,random_forest,10.74,10.238400000000002,random_forest,0.145,0.15118000000000006,random_forest,19.95,19.95,baseline,0.083,0.0852,knn
天津市滨海新区志敏养殖场,2025-10-30 00:18:00,15.5,13.641999999999982,random_forest,6.73,7.1338500000000025,random_forest,10.64,10.297800000000006,random_forest,0.163,0.17583500000000005,random_forest,19.95,19.95,baseline,0.067,0.10600000000000001,knn
天津市滨海新区志敏养殖场,2025-10-30 05:59:00,16.4,16.932,random_forest,6.93,7.184750000000003,random_forest,9.91,9.179150000000003,random_forest,0.201,0.16503999999999996,random_forest,19.915,19.95,baseline,0.185,0.058399999999999994,knn
天津市滨海新区志敏养殖场,2025-10-30 10:09:00,18.6,16.2105,random_forest,8.43,8.40125000000001,random_forest,9.06,9.304149999999998,random_forest,0.178,0.18299499999999994,random_forest,19.764,19.915,baseline,0.152,0.094,knn
天津市滨海新区志敏养殖场,2025-10-30 15:22:00,18.2,16.576500000000003,random_forest,8.28,8.281600000000003,random_forest,9.26,8.949599999999998,random_forest,0.177,0.16755000000000006,random_forest,19.736,19.764,baseline,0.025,0.048,knn
天津市滨海新区志敏养殖场,2025-10-30 21:17:00,15.2,15.291999999999994,random_forest,8.12,8.128699999999998,random_forest,10.63,10.074499999999999,random_forest,0.244,0.15844500000000003,random_forest,19.74,19.736,baseline,0.03,0.057999999999999996,knn
天津市滨海新区志敏养殖场,2025-10-31 00:30:00,17.1,14.14199999999999,random_forest,6.73,7.157049999999998,random_forest,9.94,10.28360000000001,random_forest,0.29,0.17794000000000007,random_forest,19.752,19.74,baseline,0.042,0.081,knn
天津市滨海新区志敏养殖场,2025-10-31 05:44:00,18.0,17.599500000000003,random_forest,7.39,7.0920000000000005,random_forest,9.36,9.409350000000007,random_forest,0.236,0.16526999999999986,random_forest,19.762,19.752,baseline,0.094,0.1002,knn
天津市滨海新区志敏养殖场,2025-10-31 10:14:00,15.5,17.0955,random_forest,8.44,8.416400000000012,random_forest,8.71,9.073049999999999,random_forest,0.299,0.16864,random_forest,19.781,19.762,baseline,0.092,0.0656,knn
天津市滨海新区志敏养殖场,2025-10-31 15:37:00,16.7,15.772499999999997,random_forest,8.3,8.250350000000005,random_forest,9.2,9.03215,random_forest,0.275,0.18436999999999987,random_forest,19.637,19.781,baseline,0.057,0.08940000000000001,knn
天津市滨海新区志敏养殖场,2025-10-31 21:10:00,17.6,14.750500000000004,random_forest,8.1,8.112949999999994,random_forest,10.8,10.067200000000012,random_forest,0.235,0.16461500000000012,random_forest,19.756,19.637,baseline,0.095,0.0442,knn
天津市滨海新区志敏养殖场,2025-11-06 00:35:00,9.4,16.068500000000007,random_forest,7.32,7.049649999999998,random_forest,10.86,9.997100000000007,random_forest,0.294,0.17671499999999996,random_forest,19.695,19.756,baseline,0.063,0.09899999999999999,knn
天津市滨海新区志敏养殖场,2025-11-06 05:38:00,11.9,11.573500000000001,random_forest,6.95,7.355849999999997,random_forest,10.75,9.754149999999996,random_forest,0.148,0.18781500000000004,random_forest,19.674,19.695,baseline,0.062,0.11080000000000001,knn
天津市滨海新区志敏养殖场,2025-11-06 10:21:00,9.7,11.434499999999996,random_forest,8.48,8.439300000000005,random_forest,10.23,9.669300000000003,random_forest,0.289,0.18198500000000006,random_forest,19.857,19.674,baseline,0.436,0.0506,knn
天津市滨海新区志敏养殖场,2025-11-06 15:37:00,9.7,10.28050000000001,random_forest,8.33,8.315399999999999,random_forest,10.17,10.055199999999996,random_forest,0.072,0.16512500000000008,random_forest,19.839,19.857,baseline,0.038,0.0776,knn
天津市滨海新区志敏养殖场,2025-11-06 21:00:00,7.6,9.7885,random_forest,8.08,8.19079999999999,random_forest,11.29,10.913149999999998,random_forest,0.155,0.16635000000000005,random_forest,19.683,19.839,baseline,0.056,0.0744,knn
天津市滨海新区志敏养殖场,2025-11-07 00:04:00,9.8,9.373999999999997,random_forest,7.06,7.253199999999997,random_forest,10.89,10.905150000000006,random_forest,0.154,0.17155500000000007,random_forest,19.662,19.683,baseline,0.067,0.0524,knn
天津市滨海新区志敏养殖场,2025-11-07 05:59:00,12.7,10.792500000000008,random_forest,6.75,7.157099999999998,random_forest,10.53,10.463600000000001,random_forest,0.181,0.18941499999999997,random_forest,19.716,19.662,baseline,0.053,0.048999999999999995,knn
天津市滨海新区志敏养殖场,2025-11-07 10:33:00,10.9,11.453499999999998,random_forest,8.47,8.442900000000003,random_forest,9.42,9.831150000000012,random_forest,0.152,0.17952499999999993,random_forest,19.823,19.716,baseline,0.155,0.11479999999999999,knn
天津市滨海新区志敏养殖场,2025-11-07 15:23:00,10.1,10.120000000000006,random_forest,8.42,8.306249999999999,random_forest,10.19,10.325800000000005,random_forest,0.166,0.1762000000000001,random_forest,19.74,19.823,baseline,0.083,0.1272,knn
天津市滨海新区志敏养殖场,2025-11-07 21:06:00,9.8,9.484500000000008,random_forest,8.15,8.184650000000005,random_forest,11.44,11.090050000000002,random_forest,0.172,0.15992500000000004,random_forest,19.676,19.74,baseline,0.02,0.0898,knn
天津市滨海新区志敏养殖场,2025-11-08 00:08:00,12.6,9.637000000000004,random_forest,7.17,7.2912,random_forest,10.29,11.26934999999999,random_forest,0.154,0.16272999999999993,random_forest,19.632,19.676,baseline,0.027,0.08900000000000001,knn
天津市滨海新区志敏养殖场,2025-11-08 05:59:00,11.8,11.188999999999998,random_forest,7.22,7.156449999999996,random_forest,10.66,10.172249999999998,random_forest,0.146,0.17245999999999984,random_forest,19.57,19.632,baseline,0.057,0.0916,knn
天津市滨海新区志敏养殖场,2025-11-08 10:10:00,12.0,11.092,random_forest,8.7,8.460950000000004,random_forest,10.06,9.825900000000004,random_forest,0.181,0.16474000000000003,random_forest,19.688,19.57,baseline,0.058,0.1244,knn
天津市滨海新区志敏养殖场,2025-11-08 15:22:00,10.1,10.634499999999994,random_forest,8.34,8.29599999999999,random_forest,10.57,10.297249999999996,random_forest,0.131,0.17118500000000003,random_forest,19.683,19.688,baseline,0.037,0.0728,knn
天津市滨海新区志敏养殖场,2025-11-08 21:00:00,9.1,9.788500000000003,random_forest,8.25,8.199199999999998,random_forest,11.55,11.053399999999993,random_forest,0.117,0.18458999999999995,random_forest,19.703,19.683,baseline,0.062,0.055200000000000006,knn
天津市滨海新区志敏养殖场,2025-11-09 00:12:00,8.9,9.526500000000008,random_forest,8.21,7.111349999999995,random_forest,10.81,11.112649999999997,random_forest,0.177,0.16203000000000004,random_forest,19.678,19.703,baseline,0.09,0.0874,knn
天津市滨海新区志敏养殖场,2025-11-09 05:52:00,10.2,10.5205,random_forest,8.55,7.0137,random_forest,11.09,10.255549999999994,random_forest,0.166,0.17393000000000008,random_forest,19.6,19.678,baseline,0.086,0.062,knn
天津市滨海新区志敏养殖场,2025-11-09 10:14:00,9.4,10.285,random_forest,8.4,8.22045,random_forest,10.44,10.207350000000002,random_forest,0.188,0.16339499999999998,random_forest,20.1,19.6,baseline,0.061,0.081,knn
天津市滨海新区志敏养殖场,2025-11-09 15:47:00,11.8,9.618500000000006,random_forest,8.35,8.275400000000007,random_forest,10.22,10.537949999999999,random_forest,0.086,0.17513999999999996,random_forest,20.05,20.1,baseline,0.479,0.0688,knn
天津市滨海新区志敏养殖场,2025-11-09 21:12:00,9.1,10.166999999999996,random_forest,8.15,8.173650000000011,random_forest,11.23,11.024599999999996,random_forest,0.154,0.16282500000000005,random_forest,20.05,20.05,baseline,0.035,0.0668,knn
天津市滨海新区志敏养殖场,2025-11-10 00:06:00,9.2,9.445500000000008,random_forest,8.14,7.084549999999996,random_forest,11.29,11.076899999999998,random_forest,0.204,0.17075999999999997,random_forest,20.05,20.05,baseline,0.068,0.19060000000000002,knn
天津市滨海新区志敏养殖场,2025-11-10 05:59:00,11.3,10.569499999999998,random_forest,6.77,7.464200000000001,random_forest,9.83,10.441150000000002,random_forest,0.118,0.17438000000000003,random_forest,20.05,20.05,baseline,0.02,0.076,knn
天津市滨海新区志敏养殖场,2025-11-10 10:30:00,10.5,10.698999999999991,random_forest,8.37,8.411600000000004,random_forest,10.37,10.156150000000004,random_forest,0.137,0.18654500000000007,random_forest,20.065,20.05,baseline,0.299,0.09140000000000001,knn
天津市滨海新区志敏养殖场,2025-11-10 15:53:00,11.0,9.926000000000004,random_forest,8.14,8.329749999999997,random_forest,10.44,10.225150000000008,random_forest,0.132,0.16824999999999998,random_forest,20.05,20.065,baseline,0.035,0.0486,knn
天津市滨海新区志敏养殖场,2025-11-10 21:11:00,10.1,10.245500000000007,random_forest,8.23,8.159049999999999,random_forest,11.19,10.939949999999994,random_forest,0.104,0.16122499999999995,random_forest,20.055,20.05,baseline,0.095,0.056799999999999996,knn
天津市滨海新区志敏养殖场,2025-11-11 00:37:00,9.4,8.9005,random_forest,7.44,7.385750000000001,random_forest,10.93,11.07069999999999,random_forest,0.13,0.1802999999999999,random_forest,20.214,20.055,baseline,0.064,0.09459999999999999,knn
天津市滨海新区志敏养殖场,2025-11-11 05:59:00,9.8,10.983500000000001,random_forest,6.79,7.275499999999998,random_forest,10.47,10.411149999999994,random_forest,0.052,0.16977000000000003,random_forest,20.174,20.214,baseline,0.043,0.0864,knn
天津市滨海新区志敏养殖场,2025-11-11 10:26:00,11.6,10.884500000000001,random_forest,8.42,8.466099999999997,random_forest,10.26,9.933750000000003,random_forest,0.293,0.18571499999999994,random_forest,20.114,20.174,baseline,0.141,0.0522,knn
天津市滨海新区志敏养殖场,2025-11-11 15:25:00,9.9,9.853000000000003,random_forest,8.29,8.3035,random_forest,9.88,10.45365,random_forest,0.171,0.191595,random_forest,20.149,20.114,baseline,0.401,0.081,knn
天津市滨海新区志敏养殖场,2025-11-11 21:08:00,9.2,8.85350000000001,random_forest,8.21,8.174499999999998,random_forest,11.72,10.781899999999993,random_forest,0.067,0.16676000000000002,random_forest,20.05,20.149,baseline,0.229,0.0918,knn
天津市滨海新区志敏养殖场,2025-11-12 00:06:00,10.1,8.832000000000013,random_forest,7.23,7.316800000000001,random_forest,11.22,10.881749999999995,random_forest,0.129,0.17439999999999997,random_forest,20.183,20.05,baseline,0.022,0.0516,knn
天津市滨海新区志敏养殖场,2025-11-12 05:46:00,10.4,10.619000000000002,random_forest,6.83,7.337649999999996,random_forest,11.02,10.582149999999988,random_forest,0.193,0.1777199999999999,random_forest,20.172,20.183,baseline,0.085,0.12140000000000002,knn
天津市滨海新区志敏养殖场,2025-11-12 10:30:00,14.1,11.209000000000001,random_forest,8.52,8.444149999999999,random_forest,9.45,10.115050000000002,random_forest,0.07,0.17691500000000002,random_forest,20.249,20.172,baseline,0.494,0.05620000000000001,knn
天津市滨海新区志敏养殖场,2025-11-12 15:45:00,10.8,11.522999999999994,random_forest,8.32,8.325050000000003,random_forest,10.1,9.895450000000002,random_forest,0.283,0.16906000000000002,random_forest,20.339,20.249,baseline,0.021,0.034199999999999994,knn
天津市滨海新区志敏养殖场,2025-11-12 21:21:00,8.7,10.586999999999996,random_forest,8.02,8.192650000000004,random_forest,10.83,10.979399999999991,random_forest,0.217,0.19071000000000002,random_forest,20.386,20.339,baseline,0.03,0.1768,knn
天津市滨海新区志敏养殖场,2025-11-13 00:28:00,11.4,9.039500000000002,random_forest,6.86,7.572099999999993,random_forest,11.25,10.706249999999995,random_forest,0.199,0.17447500000000002,random_forest,20.335,20.386,baseline,0.048,0.0748,knn
天津市滨海新区志敏养殖场,2025-11-13 05:52:00,10.9,11.11399999999999,random_forest,7.23,7.310000000000001,random_forest,10.67,10.34135,random_forest,0.191,0.17469999999999988,random_forest,20.418,20.335,baseline,0.093,0.1688,knn
天津市滨海新区志敏养殖场,2025-11-13 10:05:00,12.4,11.233000000000002,random_forest,8.58,8.444849999999999,random_forest,9.08,9.898450000000004,random_forest,0.131,0.1684700000000001,random_forest,20.586,20.418,baseline,0.042,0.0856,knn
天津市滨海新区志敏养殖场,2025-11-13 15:51:00,11.8,10.766999999999998,random_forest,8.3,8.27815,random_forest,10.89,10.027000000000003,random_forest,0.128,0.17132499999999998,random_forest,20.664,20.586,baseline,0.266,0.0968,knn
天津市滨海新区志敏养殖场,2025-11-13 21:13:00,11.1,9.353500000000007,random_forest,8.01,8.187549999999998,random_forest,10.6,10.754399999999999,random_forest,0.195,0.17331999999999986,random_forest,20.679,20.664,baseline,0.074,0.06399999999999999,knn
天津市滨海新区志敏养殖场,2025-11-14 00:13:00,8.8,10.641999999999996,random_forest,6.54,7.529149999999998,random_forest,11.6,10.740699999999995,random_forest,0.183,0.156965,random_forest,20.591,20.679,baseline,0.053,0.153,knn
天津市滨海新区志敏养殖场,2025-11-14 05:54:00,11.5,11.056000000000001,random_forest,8.42,7.358849999999992,random_forest,10.51,10.190050000000001,random_forest,0.074,0.15972000000000003,random_forest,20.569,20.591,baseline,0.049,0.10520000000000003,knn
天津市滨海新区志敏养殖场,2025-11-14 10:07:00,11.7,9.943500000000002,random_forest,8.55,8.448300000000005,random_forest,9.91,9.895150000000001,random_forest,0.111,0.1748250000000001,random_forest,20.609,20.569,baseline,0.078,0.0634,knn
天津市滨海新区志敏养殖场,2025-11-14 15:26:00,11.1,9.441000000000003,random_forest,8.37,8.277349999999998,random_forest,10.46,10.220549999999996,random_forest,0.154,0.16934000000000005,random_forest,20.672,20.609,baseline,0.03,0.055400000000000005,knn
天津市滨海新区志敏养殖场,2025-11-14 21:23:00,8.0,9.757000000000003,random_forest,8.27,8.145599999999996,random_forest,11.23,10.820299999999996,random_forest,0.114,0.17414500000000008,random_forest,20.71,20.672,baseline,0.025,0.06240000000000001,knn
天津市滨海新区志敏养殖场,2025-11-15 00:04:00,9.6,8.441500000000005,random_forest,6.7,7.547499999999993,random_forest,11.47,10.651399999999992,random_forest,0.136,0.16849500000000006,random_forest,20.742,20.71,baseline,0.098,0.16560000000000002,knn
天津市滨海新区志敏养殖场,2025-11-15 05:56:00,9.6,11.051000000000002,random_forest,6.56,7.284249999999997,random_forest,10.2,10.433999999999994,random_forest,0.229,0.17012999999999995,random_forest,20.81,20.742,baseline,0.152,0.05500000000000001,knn
天津市滨海新区志敏养殖场,2025-11-15 10:02:00,12.6,10.675500000000007,random_forest,8.44,8.424900000000001,random_forest,9.77,9.972900000000005,random_forest,0.239,0.165565,random_forest,20.72,20.81,baseline,0.13,0.131,knn
天津市滨海新区志敏养殖场,2025-11-15 15:38:00,12.0,10.567,random_forest,8.39,8.293000000000003,random_forest,9.91,10.254300000000002,random_forest,0.053,0.1712900000000001,random_forest,20.683,20.72,baseline,0.445,0.1376,knn
天津市滨海新区志敏养殖场,2025-11-15 21:14:00,10.1,9.338500000000002,random_forest,8.1,8.156400000000001,random_forest,10.13,10.622649999999997,random_forest,0.177,0.1585500000000002,random_forest,20.946,20.683,baseline,0.212,0.0874,knn
天津市滨海新区志敏养殖场,2025-11-16 00:06:00,8.2,9.174500000000005,random_forest,6.55,7.6138499999999985,random_forest,12.18,10.794449999999994,random_forest,0.224,0.18584499999999984,random_forest,20.727,20.946,baseline,0.075,0.1454,knn
天津市滨海新区志敏养殖场,2025-11-16 05:35:00,11.6,10.328499999999995,random_forest,7.25,7.484049999999995,random_forest,10.69,10.5101,random_forest,0.294,0.16915000000000002,random_forest,20.701,20.727,baseline,0.177,0.0726,knn
天津市滨海新区志敏养殖场,2025-11-16 10:02:00,10.6,11.151999999999992,random_forest,8.36,8.447500000000002,random_forest,9.61,9.919699999999997,random_forest,0.131,0.18109500000000012,random_forest,20.851,20.701,baseline,0.077,0.05900000000000001,knn
天津市滨海新区志敏养殖场,2025-11-16 15:48:00,9.2,9.302500000000006,random_forest,8.4,8.296300000000008,random_forest,10.54,10.260399999999994,random_forest,0.158,0.17698,random_forest,20.895,20.851,baseline,0.068,0.13440000000000002,knn
天津市滨海新区志敏养殖场,2025-11-16 21:14:00,8.7,8.634500000000008,random_forest,8.18,8.193950000000003,random_forest,11.23,10.756199999999996,random_forest,0.161,0.17689499999999994,random_forest,20.873,20.895,baseline,0.1,0.09040000000000001,knn
天津市滨海新区志敏养殖场,2025-11-17 00:12:00,9.8,8.107000000000012,random_forest,6.78,7.424899999999999,random_forest,10.95,10.88729999999999,random_forest,0.053,0.16496499999999997,random_forest,21.031,20.873,baseline,0.041,0.09459999999999999,knn
天津市滨海新区志敏养殖场,2025-11-17 05:38:00,11.5,10.777499999999993,random_forest,7.01,7.477749999999993,random_forest,10.44,10.461699999999997,random_forest,0.196,0.18083,random_forest,21.222,21.031,baseline,0.09,0.13880000000000003,knn
天津市滨海新区志敏养殖场,2025-11-17 10:04:00,8.9,10.645,random_forest,8.55,8.454900000000006,random_forest,10.37,9.905749999999998,random_forest,0.139,0.19949500000000003,random_forest,21.089,21.222,baseline,0.04,0.048799999999999996,knn
天津市滨海新区志敏养殖场,2025-11-17 15:48:00,7.3,8.400000000000007,random_forest,8.13,8.2743,random_forest,10.65,10.4363,random_forest,0.269,0.1643000000000001,random_forest,21.038,21.089,baseline,0.032,0.13799999999999998,knn
天津市滨海新区志敏养殖场,2025-11-17 21:07:00,10.6,8.158000000000005,random_forest,8.02,8.182000000000004,random_forest,10.8,10.888899999999996,random_forest,0.101,0.18302999999999997,random_forest,21.121,21.038,baseline,0.263,0.1532,knn
天津市滨海新区志敏养殖场,2025-11-18 00:11:00,12.0,10.271500000000001,random_forest,6.69,7.638049999999993,random_forest,10.16,11.030449999999995,random_forest,0.083,0.16672999999999993,random_forest,21.214,21.121,baseline,0.049,0.0606,knn
天津市滨海新区志敏养殖场,2025-11-18 05:35:00,11.6,11.128999999999996,random_forest,6.57,7.240649999999999,random_forest,9.78,10.259399999999996,random_forest,0.293,0.18492999999999987,random_forest,21.013,21.214,baseline,0.057,0.137,knn
天津市滨海新区志敏养殖场,2025-11-18 10:18:00,12.5,11.213500000000005,random_forest,8.44,8.4169,random_forest,9.86,9.87035,random_forest,0.167,0.18895999999999996,random_forest,21.023,21.013,baseline,0.028,0.13720000000000002,knn
天津市滨海新区志敏养殖场,2025-11-18 15:22:00,10.8,10.516999999999996,random_forest,8.27,8.3253,random_forest,9.86,10.194600000000003,random_forest,0.146,0.17728000000000013,random_forest,21.01,21.023,baseline,0.044,0.1436,knn
天津市滨海新区志敏养殖场,2025-11-18 21:18:00,7.0,9.323999999999998,random_forest,8.2,8.1544,random_forest,11.16,10.854800000000003,random_forest,0.175,0.16680999999999993,random_forest,20.981,21.01,baseline,0.098,0.0682,knn
天津市滨海新区志敏养殖场,2025-11-19 00:26:00,8.7,7.958500000000004,random_forest,7.48,7.528199999999993,random_forest,10.49,10.853349999999992,random_forest,0.121,0.16328499999999996,random_forest,20.97,20.981,baseline,0.098,0.11239999999999999,knn
天津市滨海新区志敏养殖场,2025-11-19 05:59:00,10.9,10.625499999999999,random_forest,7.21,7.388200000000001,random_forest,11.47,10.059000000000003,random_forest,0.185,0.16061,random_forest,21.204,20.97,baseline,0.155,0.08720000000000001,knn
天津市滨海新区志敏养殖场,2025-11-19 10:36:00,13.5,11.012500000000003,random_forest,8.36,8.387900000000004,random_forest,10.03,10.037349999999998,random_forest,0.143,0.1837349999999999,random_forest,21.312,21.204,baseline,0.04,0.0618,knn
天津市滨海新区志敏养殖场,2025-11-19 15:23:00,10.4,11.03999999999999,random_forest,8.28,8.318299999999995,random_forest,10.7,10.055650000000007,random_forest,0.104,0.16978500000000005,random_forest,21.303,21.312,baseline,0.084,0.13799999999999998,knn
天津市滨海新区志敏养殖场,2025-11-19 21:10:00,8.7,10.047500000000003,random_forest,8.08,8.184600000000005,random_forest,11.11,10.822399999999993,random_forest,0.278,0.17976000000000006,random_forest,21.165,21.303,baseline,0.095,0.062,knn
天津市滨海新区志敏养殖场,2025-11-20 00:30:00,10.7,8.563000000000008,random_forest,7.32,7.609249999999994,random_forest,10.81,11.202949999999992,random_forest,0.144,0.16290500000000008,random_forest,21.355,21.165,baseline,0.054,0.1186,knn
天津市滨海新区志敏养殖场,2025-11-20 05:35:00,11.2,10.931999999999999,random_forest,7.11,7.621299999999999,random_forest,10.01,10.348299999999997,random_forest,0.122,0.17749500000000012,random_forest,21.303,21.355,baseline,0.214,0.11440000000000002,knn
天津市滨海新区志敏养殖场,2025-11-20 10:09:00,10.3,10.865499999999999,random_forest,8.35,8.432200000000002,random_forest,10.22,9.930900000000001,random_forest,0.253,0.18274499999999982,random_forest,21.389,21.303,baseline,0.027,0.183,knn
天津市滨海新区志敏养殖场,2025-11-20 15:36:00,9.3,9.282000000000009,random_forest,8.33,8.321249999999997,random_forest,10.65,10.233450000000001,random_forest,0.097,0.17339999999999997,random_forest,21.461,21.389,baseline,0.084,0.055400000000000005,knn
天津市滨海新区志敏养殖场,2025-11-20 21:27:00,9.0,8.292500000000011,random_forest,8.23,8.203800000000006,random_forest,11.12,10.83084999999999,random_forest,0.134,0.173815,random_forest,21.478,21.461,baseline,0.094,0.057199999999999994,knn
天津市滨海新区志敏养殖场,2025-11-21 00:09:00,8.1,8.03350000000001,random_forest,6.52,7.601599999999996,random_forest,11.88,10.76979999999999,random_forest,0.154,0.16477500000000003,random_forest,21.297,21.478,baseline,0.348,0.11099999999999999,knn
天津市滨海新区志敏养殖场,2025-11-21 05:59:00,12.0,10.197999999999997,random_forest,7.11,7.493449999999998,random_forest,10.03,10.512149999999995,random_forest,0.166,0.17912000000000025,random_forest,21.321,21.297,baseline,0.225,0.0766,knn
天津市滨海新区志敏养殖场,2025-11-21 10:20:00,15.0,11.219499999999996,random_forest,8.49,8.451750000000006,random_forest,9.86,9.8651,random_forest,0.141,0.17784999999999995,random_forest,21.366,21.321,baseline,0.08,0.05339999999999999,knn
天津市滨海新区志敏养殖场,2025-11-21 15:24:00,11.7,10.486999999999991,random_forest,8.25,8.298850000000005,random_forest,9.84,9.871250000000007,random_forest,0.123,0.1745200000000001,random_forest,21.559,21.366,baseline,0.06,0.07780000000000001,knn
天津市滨海新区志敏养殖场,2025-11-21 21:13:00,9.8,10.609500000000002,random_forest,8.13,8.1538,random_forest,10.79,10.699349999999992,random_forest,0.259,0.17818,random_forest,21.486,21.559,baseline,0.059,0.0624,knn
天津市滨海新区志敏养殖场,2025-11-22 00:33:00,9.5,9.482500000000009,random_forest,6.64,7.586649999999996,random_forest,11.88,10.750949999999989,random_forest,0.251,0.1748500000000001,random_forest,21.55,21.486,baseline,0.075,0.0762,knn
天津市滨海新区志敏养殖场,2025-11-22 05:59:00,13.4,11.151,random_forest,7.03,7.3676999999999975,random_forest,10.38,11.29110000000001,random_forest,0.259,0.18216000000000007,random_forest,21.635,21.55,baseline,0.035,0.09,knn
天津市滨海新区志敏养殖场,2025-11-22 10:09:00,12.5,10.986499999999989,random_forest,8.44,8.440800000000007,random_forest,9.78,9.872750000000003,random_forest,0.081,0.19196000000000019,random_forest,21.732,21.635,baseline,0.062,0.1246,knn
天津市滨海新区志敏养殖场,2025-11-22 15:54:00,10.2,10.9255,random_forest,8.29,8.321449999999995,random_forest,10.4,9.9575,random_forest,0.125,0.179245,random_forest,21.734,21.732,baseline,0.072,0.06960000000000001,knn
天津市滨海新区志敏养殖场,2025-11-22 21:24:00,8.5,8.76050000000001,random_forest,8.17,8.184,random_forest,11.93,10.639499999999998,random_forest,0.151,0.16915499999999994,random_forest,21.867,21.734,baseline,0.071,0.0668,knn
天津市滨海新区志敏养殖场,2025-11-23 00:31:00,7.8,8.285000000000009,random_forest,7.02,7.398349999999996,random_forest,11.62,10.806749999999983,random_forest,0.18,0.16970000000000007,random_forest,21.8,21.867,baseline,0.406,0.12040000000000002,knn
天津市滨海新区志敏养殖场,2025-11-23 05:43:00,11.9,10.0265,random_forest,6.71,7.332000000000001,random_forest,10.77,10.572149999999999,random_forest,0.239,0.17198000000000005,random_forest,21.781,21.8,baseline,0.065,0.0702,knn
天津市滨海新区志敏养殖场,2025-11-23 10:27:00,11.7,10.974999999999998,random_forest,8.49,8.447300000000006,random_forest,10.21,9.789100000000007,random_forest,0.132,0.18660500000000022,random_forest,21.809,21.781,baseline,0.023,0.10459999999999998,knn
天津市滨海新区志敏养殖场,2025-11-23 15:30:00,10.4,9.497000000000002,random_forest,8.16,8.312650000000001,random_forest,10.38,10.429750000000002,random_forest,0.213,0.1916,random_forest,21.738,21.809,baseline,0.063,0.1032,knn
天津市滨海新区志敏养殖场,2025-11-23 21:10:00,11.0,9.350500000000006,random_forest,8.24,8.2026,random_forest,10.71,10.822099999999994,random_forest,0.177,0.1872050000000001,random_forest,21.505,21.738,baseline,0.1,0.086,knn
天津市滨海新区志敏养殖场,2025-11-24 00:19:00,9.4,9.928,random_forest,8.25,7.501499999999996,random_forest,11.09,11.079499999999994,random_forest,0.178,0.15761999999999987,random_forest,21.555,21.505,baseline,0.03,0.0596,knn
天津市滨海新区志敏养殖场,2025-11-24 05:33:00,10.5,9.8895,random_forest,7.4,7.503299999999999,random_forest,10.85,11.29370000000001,random_forest,0.143,0.19302500000000006,random_forest,21.562,21.555,baseline,0.043,0.12840000000000001,knn
天津市滨海新区志敏养殖场,2025-11-24 10:14:00,10.3,10.7905,random_forest,8.55,8.064649999999995,random_forest,9.67,10.25314999999999,random_forest,0.121,0.18936000000000003,random_forest,21.584,21.562,baseline,0.029,0.054000000000000006,knn
天津市滨海新区志敏养殖场,2025-11-24 15:44:00,10.0,9.031500000000008,random_forest,8.25,8.326249999999996,random_forest,9.74,10.020199999999997,random_forest,0.052,0.17599000000000006,random_forest,21.697,21.584,baseline,0.06,0.0616,knn
天津市滨海新区志敏养殖场,2025-11-24 21:03:00,8.8,9.020000000000003,random_forest,8.2,8.2082,random_forest,11.68,10.693849999999989,random_forest,0.086,0.1891700000000003,random_forest,21.571,21.697,baseline,0.045,0.16240000000000002,knn
天津市滨海新区志敏养殖场,2025-11-25 00:26:00,10.0,8.151500000000011,random_forest,6.83,7.583099999999994,random_forest,10.85,10.75569999999999,random_forest,0.241,0.17869499999999994,random_forest,21.371,21.571,baseline,0.076,0.1654,knn
天津市滨海新区志敏养殖场,2025-11-25 05:58:00,12.4,11.040000000000004,random_forest,6.53,7.484599999999997,random_forest,10.38,10.567450000000001,random_forest,0.112,0.18481000000000017,random_forest,21.412,21.371,baseline,0.084,0.06799999999999999,knn
天津市滨海新区志敏养殖场,2025-11-25 10:33:00,12.2,11.571999999999994,random_forest,8.44,8.446250000000006,random_forest,10.03,9.928350000000005,random_forest,0.124,0.1814750000000001,random_forest,21.221,21.412,baseline,0.043,0.1226,knn
天津市滨海新区志敏养殖场,2025-11-25 15:57:00,10.0,10.447999999999993,random_forest,8.41,8.308,random_forest,10.12,10.478650000000005,random_forest,0.191,0.18830000000000002,random_forest,21.255,21.221,baseline,0.088,0.039400000000000004,knn
天津市滨海新区志敏养殖场,2025-11-25 21:09:00,10.8,8.389000000000012,random_forest,8.18,8.231150000000003,random_forest,11.13,10.67324999999999,random_forest,0.213,0.17283500000000016,random_forest,21.286,21.255,baseline,0.065,0.0498,knn
天津市滨海新区志敏养殖场,2025-12-15 13:38:00,5.6,9.714000000000004,random_forest,9.0,7.473499999999999,random_forest,10.0,10.857449999999995,random_forest,0.14,0.17151500000000008,random_forest,21.236,21.286,baseline,0.08,0.077,knn
天津市滨海新区志敏养殖场,2025-12-15 17:38:00,5.3,6.831999999999998,random_forest,9.0,8.2382,random_forest,10.3,10.538699999999995,random_forest,0.16,0.17532000000000003,random_forest,21.177,21.236,baseline,0.398,0.07339999999999999,knn
天津市滨海新区志敏养殖场,2025-12-16 01:39:00,4.6,5.8795,random_forest,7.18,8.254450000000002,random_forest,10.9,10.573749999999995,random_forest,0.25,0.17776500000000003,random_forest,21.209,21.177,baseline,0.089,0.168,knn
天津市滨海新区志敏养殖场,2025-12-16 05:40:00,4.8,5.871500000000001,random_forest,7.04,7.110450000000002,random_forest,10.5,10.488399999999999,random_forest,0.138,0.17754999999999996,random_forest,21.221,21.209,baseline,0.075,0.1436,knn
天津市滨海新区志敏养殖场,2025-12-16 09:40:00,4.9,5.586999999999996,random_forest,9.0,8.55005000000001,random_forest,10.2,10.398250000000012,random_forest,0.158,0.17806999999999998,random_forest,21.283,21.221,baseline,0.091,0.0656,knn
天津市滨海新区志敏养殖场,2025-12-16 17:40:00,5.4,5.910999999999999,random_forest,9.0,8.465250000000012,random_forest,11.4,10.479600000000003,random_forest,0.148,0.18452,random_forest,21.309,21.283,baseline,0.259,0.11480000000000001,knn
天津市滨海新区志敏养殖场,2025-12-16 21:40:00,5.3,4.726000000000002,random_forest,9.0,8.36049999999999,random_forest,10.5,11.309449999999991,random_forest,0.104,0.1827150000000001,random_forest,21.386,21.309,baseline,0.04,0.131,knn
天津市滨海新区志敏养殖场,2025-12-17 01:41:00,5.3,5.020999999999997,random_forest,6.79,7.281150000000004,random_forest,10.5,11.150449999999994,random_forest,0.125,0.19231500000000007,random_forest,21.296,21.386,baseline,0.179,0.09680000000000001,knn
天津市滨海新区志敏养殖场,2025-12-17 05:41:00,4.9,5.394999999999997,random_forest,9.0,7.497399999999999,random_forest,9.5,11.62025000000001,random_forest,0.2,0.19567000000000004,random_forest,21.302,21.296,baseline,0.316,0.11760000000000001,knn
天津市滨海新区志敏养殖场,2025-12-17 09:41:00,4.7,5.735999999999997,random_forest,9.0,8.4344,random_forest,10.1,10.871750000000004,random_forest,0.184,0.17049000000000014,random_forest,21.259,21.302,baseline,0.364,0.0978,knn
天津市滨海新区志敏养殖场,2025-12-17 13:41:00,5.9,4.889500000000001,random_forest,9.0,8.232350000000007,random_forest,9.6,10.82075,random_forest,0.149,0.18372500000000003,random_forest,21.254,21.259,baseline,0.235,0.1002,knn
天津市滨海新区志敏养殖场,2025-12-17 17:41:00,5.4,5.003499999999999,random_forest,9.0,8.579500000000023,random_forest,9.7,10.416899999999998,random_forest,0.199,0.18720499999999995,random_forest,21.139,21.254,baseline,0.118,0.2016,knn
天津市滨海新区志敏养殖场,2025-12-17 21:42:00,4.9,4.913999999999999,random_forest,9.0,8.563500000000023,random_forest,10.2,10.316400000000003,random_forest,0.132,0.18548999999999996,random_forest,21.147,21.139,baseline,0.097,0.0438,knn
天津市滨海新区志敏养殖场,2025-12-18 01:42:00,4.9,5.020999999999995,random_forest,7.12,7.452700000000001,random_forest,10.2,10.701049999999995,random_forest,0.121,0.18775000000000006,random_forest,21.135,21.147,baseline,0.186,0.13999999999999999,knn
天津市滨海新区志敏养殖场,2025-12-18 05:42:00,4.6,5.1975000000000025,random_forest,7.29,7.171850000000002,random_forest,10.0,10.440050000000008,random_forest,0.234,0.19094999999999993,random_forest,21.035,21.135,baseline,0.121,0.1122,knn
天津市滨海新区志敏养殖场,2025-12-18 09:42:00,4.3,5.219500000000002,random_forest,9.0,8.584950000000015,random_forest,10.1,10.273299999999999,random_forest,0.215,0.18759000000000006,random_forest,21.139,21.035,baseline,0.021,0.0672,knn
天津市滨海新区志敏养殖场,2025-12-18 13:42:00,5.2,4.681499999999998,random_forest,9.0,8.476400000000014,random_forest,10.1,10.646349999999998,random_forest,0.136,0.18572,random_forest,21.019,21.139,baseline,0.061,0.17300000000000001,knn
天津市滨海新区志敏养殖场,2025-12-18 21:43:00,4.8,4.749,random_forest,9.0,8.422700000000015,random_forest,10.1,10.454650000000006,random_forest,0.168,0.1786949999999999,random_forest,21.057,21.019,baseline,0.131,0.06,knn
天津市滨海新区志敏养殖场,2025-12-19 01:43:00,4.8,4.59,random_forest,7.36,7.261250000000005,random_forest,10.1,10.583050000000005,random_forest,0.255,0.16733,random_forest,20.965,21.057,baseline,0.065,0.127,knn
天津市滨海新区志敏养殖场,2025-12-19 05:43:00,4.7,4.780499999999997,random_forest,6.67,7.390299999999997,random_forest,10.0,10.322750000000001,random_forest,0.248,0.17350500000000008,random_forest,20.707,20.965,baseline,0.328,0.0864,knn
天津市滨海新区志敏养殖场,2025-12-19 09:43:00,4.6,5.3345,random_forest,9.0,8.508349999999998,random_forest,9.9,10.26005,random_forest,0.143,0.1680750000000001,random_forest,20.685,20.707,baseline,0.463,0.0804,knn
天津市滨海新区志敏养殖场,2025-12-19 13:44:00,4.2,4.9305,random_forest,7.0,8.479650000000014,random_forest,12.2,10.64809999999999,random_forest,0.167,0.16532500000000008,random_forest,20.533,20.685,baseline,0.034,0.05800000000000001,knn
天津市滨海新区志敏养殖场,2025-12-19 17:44:00,4.6,4.7905000000000015,random_forest,7.0,8.396700000000001,random_forest,11.8,11.012300000000003,random_forest,0.11,0.19188499999999994,random_forest,20.493,20.533,baseline,0.094,0.17020000000000002,knn
天津市滨海新区志敏养殖场,2025-12-20 01:44:00,4.3,5.009499999999999,random_forest,7.0,8.2772,random_forest,11.7,11.201549999999992,random_forest,0.16,0.17888000000000004,random_forest,20.503,20.493,baseline,0.073,0.11480000000000001,knn
天津市滨海新区志敏养殖场,2025-12-20 05:44:00,3.8,5.035499999999999,random_forest,6.94,7.770799999999995,random_forest,10.3,11.040200000000002,random_forest,0.227,0.18156000000000003,random_forest,20.426,20.503,baseline,0.078,0.08080000000000001,knn
天津市滨海新区志敏养殖场,2025-12-20 21:45:00,4.0,4.218500000000004,random_forest,7.0,8.308100000000001,random_forest,9.6,10.923800000000004,random_forest,0.17,0.1800849999999999,random_forest,20.403,20.426,baseline,0.064,0.0824,knn
天津市滨海新区志敏养殖场,2025-12-21 01:46:00,4.0,4.037500000000002,random_forest,6.92,7.945500000000001,random_forest,9.6,10.267100000000006,random_forest,0.154,0.17801000000000006,random_forest,20.485,20.403,baseline,0.094,0.0648,knn
天津市滨海新区志敏养殖场,2025-12-21 05:46:00,3.4,3.9350000000000005,random_forest,7.0,7.746499999999998,random_forest,9.8,10.34505,random_forest,0.232,0.16884999999999994,random_forest,20.586,20.485,baseline,0.062,0.1234,knn
天津市滨海新区志敏养殖场,2025-12-21 09:46:00,3.3,3.734499999999997,random_forest,7.0,8.323249999999996,random_forest,9.6,10.435149999999997,random_forest,0.111,0.16344500000000006,random_forest,20.545,20.586,baseline,0.032,0.0856,knn
天津市滨海新区志敏养殖场,2025-12-21 13:46:00,3.9,3.6579999999999973,random_forest,7.0,8.36085,random_forest,9.5,9.980899999999998,random_forest,0.183,0.17709000000000003,random_forest,20.471,20.545,baseline,0.083,0.0896,knn
天津市滨海新区志敏养殖场,2025-12-21 17:46:00,3.6,3.792999999999999,random_forest,8.0,8.336299999999992,random_forest,9.8,10.037,random_forest,0.187,0.17262999999999995,random_forest,20.417,20.471,baseline,0.048,0.14079999999999998,knn
天津市滨海新区志敏养殖场,2025-12-21 21:47:00,2.5,3.6589999999999994,random_forest,8.0,8.356149999999992,random_forest,11.0,10.266900000000003,random_forest,0.285,0.16932499999999984,random_forest,20.311,20.417,baseline,0.217,0.0776,knn
天津市滨海新区志敏养殖场,2025-12-22 01:47:00,2.5,3.1954999999999996,random_forest,7.11,7.354750000000001,random_forest,11.0,10.973299999999995,random_forest,0.18,0.17943999999999996,random_forest,20.326,20.311,baseline,0.053,0.1706,knn
天津市滨海新区志敏养殖场,2025-12-22 05:47:00,2.2,3.0459999999999963,random_forest,7.29,7.970800000000001,random_forest,10.7,10.873200000000002,random_forest,0.193,0.16378000000000004,random_forest,20.29,20.326,baseline,0.445,0.09260000000000002,knn
天津市滨海新区志敏养殖场,2025-12-22 09:47:00,1.8,3.0019999999999967,random_forest,8.0,8.399299999999993,random_forest,10.9,10.948800000000011,random_forest,0.151,0.16792499999999994,random_forest,20.378,20.29,baseline,0.08,0.1458,knn
天津市滨海新区志敏养殖场,2025-12-22 13:47:00,2.8,3.020500000000001,random_forest,8.0,8.357599999999996,random_forest,11.0,10.969750000000007,random_forest,0.281,0.1625899999999999,random_forest,20.265,20.378,baseline,0.06,0.0598,knn
天津市滨海新区志敏养殖场,2025-12-22 17:48:00,2.9,2.8919999999999986,random_forest,8.0,8.331599999999991,random_forest,11.0,11.00235,random_forest,0.147,0.165605,random_forest,20.103,20.265,baseline,0.095,0.093,knn
天津市滨海新区志敏养殖场,2025-12-22 21:48:00,2.6,2.870499999999999,random_forest,8.0,8.237999999999994,random_forest,10.6,11.302749999999994,random_forest,0.152,0.16675500000000004,random_forest,20.05,20.103,baseline,0.076,0.073,knn
天津市滨海新区志敏养殖场,2025-12-23 01:48:00,2.6,2.9869999999999988,random_forest,7.06,7.415549999999999,random_forest,10.6,11.200949999999992,random_forest,0.181,0.16741499999999984,random_forest,20.05,20.05,baseline,0.075,0.1488,knn
天津市滨海新区志敏养殖场,2025-12-23 05:48:00,2.7,2.985999999999999,random_forest,8.0,7.998149999999994,random_forest,10.5,11.002700000000004,random_forest,0.265,0.17586499999999994,random_forest,20.05,20.05,baseline,0.05,0.0874,knn
天津市滨海新区志敏养殖场,2025-12-23 09:48:00,2.6,2.7839999999999985,random_forest,8.0,8.360349999999992,random_forest,10.5,10.864500000000003,random_forest,0.278,0.16290499999999997,random_forest,20.136,20.05,baseline,0.031,0.0932,knn
天津市滨海新区志敏养殖场,2025-12-23 13:49:00,3.3,2.8349999999999995,random_forest,8.0,8.31934999999999,random_forest,10.6,10.834449999999999,random_forest,0.152,0.16726500000000005,random_forest,20.071,20.136,baseline,0.346,0.1318,knn
天津市滨海新区志敏养殖场,2025-12-23 21:49:00,2.9,3.2454999999999994,random_forest,8.0,8.343549999999986,random_forest,10.4,11.147899999999995,random_forest,0.199,0.15405999999999995,random_forest,20.05,20.071,baseline,0.047,0.0944,knn
天津市滨海新区志敏养殖场,2025-12-24 01:49:00,2.9,2.9590000000000005,random_forest,7.04,7.483849999999999,random_forest,10.4,11.044300000000003,random_forest,0.134,0.16282999999999995,random_forest,20.05,20.05,baseline,0.034,0.16340000000000002,knn
天津市滨海新区志敏养殖场,2025-12-24 05:50:00,2.7,3.051,random_forest,6.93,8.008050000000003,random_forest,10.5,10.826900000000013,random_forest,0.128,0.17783499999999997,random_forest,20.085,20.05,baseline,0.09,0.06180000000000001,knn
天津市滨海新区志敏养殖场,2025-12-24 09:50:00,2.7,2.7544999999999993,random_forest,8.0,8.367499999999994,random_forest,10.6,10.823400000000007,random_forest,0.241,0.16201000000000002,random_forest,20.079,20.085,baseline,0.026,0.08360000000000001,knn
天津市滨海新区志敏养殖场,2025-12-24 13:50:00,3.2,2.808499999999999,random_forest,8.0,8.322499999999987,random_forest,10.7,10.84880000000001,random_forest,0.107,0.17075500000000005,random_forest,20.197,20.079,baseline,0.251,0.1444,knn
天津市滨海新区志敏养殖场,2025-12-24 17:50:00,3.2,3.1325000000000007,random_forest,8.0,8.307949999999982,random_forest,10.2,11.100899999999994,random_forest,0.291,0.17611999999999983,random_forest,20.112,20.197,baseline,0.036,0.056600000000000004,knn
天津市滨海新区志敏养殖场,2025-12-25 01:51:00,2.8,3.077499999999999,random_forest,6.93,8.199299999999996,random_forest,10.3,10.886099999999999,random_forest,0.184,0.15862999999999994,random_forest,20.131,20.112,baseline,0.02,0.131,knn
天津市滨海新区志敏养殖场,2025-12-25 09:51:00,2.6,3.075999999999999,random_forest,8.0,8.040899999999995,random_forest,10.5,10.555600000000005,random_forest,0.217,0.18754,random_forest,20.231,20.131,baseline,0.034,0.11699999999999999,knn
天津市滨海新区志敏养殖场,2025-12-25 13:52:00,3.3,2.9414999999999996,random_forest,9.0,8.362099999999991,random_forest,12.0,10.758100000000008,random_forest,0.091,0.16938000000000006,random_forest,20.187,20.231,baseline,0.046,0.1786,knn
天津市滨海新区志敏养殖场,2025-12-25 17:52:00,3.6,3.4900000000000007,random_forest,8.0,8.36385,random_forest,11.9,11.302900000000008,random_forest,0.294,0.160745,random_forest,20.174,20.187,baseline,0.082,0.13399999999999998,knn
天津市滨海新区志敏养殖场,2025-12-26 01:52:00,4.2,3.2680000000000007,random_forest,6.68,8.246599999999999,random_forest,10.4,11.617899999999988,random_forest,0.108,0.180995,random_forest,20.1,20.174,baseline,0.027,0.0534,knn
天津市滨海新区志敏养殖场,2025-12-26 05:53:00,3.8,3.9600000000000017,random_forest,7.0,7.471350000000001,random_forest,10.8,11.039250000000004,random_forest,0.261,0.17190499999999997,random_forest,19.6,20.1,baseline,0.058,0.06420000000000001,knn
天津市滨海新区志敏养殖场,2025-12-26 13:53:00,3.4,3.566000000000002,random_forest,9.0,8.381099999999998,random_forest,11.8,11.102800000000009,random_forest,0.191,0.18245499999999978,random_forest,19.52,19.6,baseline,0.041,0.1694,knn
天津市滨海新区志敏养殖场,2025-12-26 17:53:00,4.2,3.419999999999998,random_forest,9.0,8.323450000000001,random_forest,10.6,11.328150000000004,random_forest,0.298,0.17516499999999996,random_forest,19.683,19.52,baseline,0.057,0.1482,knn
天津市滨海新区志敏养殖场,2025-12-26 21:54:00,3.2,3.8575,random_forest,9.0,8.35069999999999,random_forest,11.9,11.42944999999999,random_forest,0.076,0.18817499999999995,random_forest,19.717,19.683,baseline,0.5,0.11579999999999999,knn
天津市滨海新区志敏养殖场,2025-12-27 01:54:00,3.2,3.360999999999996,random_forest,6.99,7.325600000000003,random_forest,11.9,11.566999999999991,random_forest,0.225,0.17133500000000004,random_forest,19.624,19.717,baseline,0.088,0.091,knn
天津市滨海新区志敏养殖场,2025-12-27 05:54:00,3.3,3.5964999999999994,random_forest,6.63,7.492450000000003,random_forest,11.2,11.608600000000003,random_forest,0.1,0.181765,random_forest,19.714,19.624,baseline,0.079,0.0962,knn
天津市滨海新区志敏养殖场,2025-12-27 09:54:00,3.1,3.8694999999999977,random_forest,9.0,8.490199999999994,random_forest,11.4,11.057300000000003,random_forest,0.185,0.18741000000000008,random_forest,19.728,19.714,baseline,0.021,0.11980000000000002,knn
天津市滨海新区志敏养殖场,2025-12-27 13:54:00,3.2,3.288999999999999,random_forest,9.0,8.468250000000012,random_forest,11.6,11.287700000000005,random_forest,0.127,0.20172,random_forest,19.764,19.728,baseline,0.062,0.1454,knn
天津市滨海新区志敏养殖场,2025-12-27 17:55:00,3.5,3.583499999999998,random_forest,9.0,8.445300000000008,random_forest,11.6,11.445049999999998,random_forest,0.262,0.18098,random_forest,19.77,19.764,baseline,0.066,0.0576,knn
天津市滨海新区志敏养殖场,2025-12-27 21:55:00,3.9,3.5719999999999983,random_forest,9.0,8.59775000000002,random_forest,11.0,11.483949999999998,random_forest,0.114,0.18011500000000014,random_forest,19.606,19.77,baseline,0.262,0.057600000000000005,knn
天津市滨海新区志敏养殖场,2025-12-28 01:55:00,3.9,3.6344999999999987,random_forest,6.76,7.2559000000000005,random_forest,11.0,11.471600000000002,random_forest,0.195,0.18869999999999998,random_forest,19.436,19.606,baseline,0.056,0.087,knn
天津市滨海新区志敏养殖场,2025-12-28 05:55:00,3.0,3.4255000000000018,random_forest,6.68,7.489849999999999,random_forest,11.7,11.374050000000002,random_forest,0.142,0.1952949999999999,random_forest,19.32,19.436,baseline,0.039,0.1542,knn
天津市滨海新区志敏养殖场,2025-12-28 09:55:00,3.1,3.2335000000000007,random_forest,9.0,8.407000000000009,random_forest,11.6,11.220650000000003,random_forest,0.259,0.18130499999999988,random_forest,19.477,19.32,baseline,0.084,0.0598,knn
天津市滨海新区志敏养殖场,2025-12-28 17:56:00,3.7,3.615999999999998,random_forest,9.0,8.461800000000014,random_forest,11.7,11.23065,random_forest,0.191,0.17110499999999998,random_forest,19.445,19.477,baseline,0.097,0.1484,knn
天津市滨海新区志敏养殖场,2025-12-28 21:56:00,3.4,3.8259999999999987,random_forest,9.0,8.358899999999988,random_forest,11.4,11.637299999999996,random_forest,0.145,0.18164499999999997,random_forest,19.512,19.445,baseline,0.086,0.059199999999999996,knn
天津市滨海新区志敏养殖场,2025-12-29 01:56:00,3.4,3.467000000000001,random_forest,9.0,7.185350000000004,random_forest,11.4,11.442999999999994,random_forest,0.173,0.1821750000000001,random_forest,19.697,19.512,baseline,0.069,0.05940000000000001,knn
天津市滨海新区志敏养殖场,2025-12-29 05:57:00,3.4,3.349999999999998,random_forest,7.16,7.506199999999995,random_forest,11.7,11.520050000000003,random_forest,0.228,0.17751,random_forest,19.765,19.697,baseline,0.071,0.059199999999999996,knn
天津市滨海新区志敏养殖场,2025-12-29 09:57:00,3.4,3.4034999999999984,random_forest,9.0,7.993200000000007,random_forest,11.6,11.3974,random_forest,0.18,0.17494500000000002,random_forest,19.76,19.765,baseline,0.116,0.095,knn
天津市滨海新区志敏养殖场,2025-12-29 13:57:00,3.7,3.5309999999999997,random_forest,9.0,8.488200000000013,random_forest,11.8,11.252049999999999,random_forest,0.182,0.1792149999999999,random_forest,19.643,19.76,baseline,0.085,0.0602,knn
天津市滨海新区志敏养殖场,2025-12-29 17:57:00,3.9,3.8304999999999993,random_forest,9.0,8.296650000000009,random_forest,11.9,11.559400000000005,random_forest,0.287,0.18727000000000008,random_forest,19.731,19.643,baseline,0.049,0.0622,knn
天津市滨海新区志敏养殖场,2025-12-29 21:57:00,3.8,3.7164999999999977,random_forest,9.0,8.574600000000018,random_forest,11.7,11.495499999999987,random_forest,0.2,0.1860499999999999,random_forest,19.59,19.731,baseline,0.053,0.0874,knn
天津市滨海新区志敏养殖场,2025-12-30 05:58:00,3.6,3.585499999999999,random_forest,7.29,7.103550000000005,random_forest,11.6,11.6656,random_forest,0.18,0.18463000000000007,random_forest,19.59,19.59,baseline,0.27,0.0916,knn
天津市滨海新区志敏养殖场,2025-12-30 09:58:00,3.5,3.9684999999999993,random_forest,9.0,8.008900000000006,random_forest,11.7,11.479,random_forest,0.155,0.18882999999999991,random_forest,19.559,19.59,baseline,0.134,0.07680000000000001,knn
天津市滨海新区志敏养殖场,2025-12-30 13:58:00,3.8,3.5759999999999987,random_forest,9.0,8.494950000000015,random_forest,12.1,11.39825,random_forest,0.255,0.17519999999999997,random_forest,19.596,19.559,baseline,0.271,0.054000000000000006,knn
天津市滨海新区志敏养殖场,2025-12-30 21:59:00,3.7,3.863000000000001,random_forest,9.0,8.30990000000001,random_forest,12.2,11.674950000000008,random_forest,0.099,0.18218500000000015,random_forest,19.541,19.596,baseline,0.05,0.10540000000000001,knn
天津市滨海新区志敏养殖场,2025-12-31 01:59:00,3.7,3.766499999999997,random_forest,6.99,7.1844500000000036,random_forest,12.2,11.60949999999999,random_forest,0.236,0.175635,random_forest,19.652,19.541,baseline,0.092,0.0978,knn
天津市滨海新区志敏养殖场,2025-12-31 05:59:00,3.8,3.853500000000003,random_forest,7.1,7.381450000000002,random_forest,12.0,11.68975000000001,random_forest,0.127,0.180245,random_forest,19.612,19.652,baseline,0.184,0.094,knn
天津市滨海新区志敏养殖场,2025-12-31 09:59:00,3.5,4.118,random_forest,9.0,8.369900000000001,random_forest,12.1,11.136550000000007,random_forest,0.08,0.174895,random_forest,19.539,19.612,baseline,0.08,0.0736,knn
天津市滨海新区志敏养殖场,2025-12-31 13:59:00,3.9,3.7755000000000045,random_forest,9.0,8.480800000000015,random_forest,12.5,11.285400000000005,random_forest,0.106,0.183415,random_forest,19.651,19.539,baseline,0.096,0.08099999999999999,knn
天津市滨海新区志敏养殖场,2025-12-31 18:00:00,4.3,3.8595000000000015,random_forest,9.0,8.454200000000013,random_forest,12.9,11.492199999999999,random_forest,0.182,0.18600000000000003,random_forest,19.557,19.651,baseline,0.067,0.12,knn
天津市滨海新区志敏养殖场,2026-01-08 22:10:00,3.0,4.187,random_forest,9.0,8.63665000000002,random_forest,13.7,12.153899999999998,random_forest,0.126,0.19601000000000007,random_forest,19.78,19.557,baseline,0.068,0.0708,knn
天津市滨海新区志敏养殖场,2026-01-09 10:10:00,2.2,3.3304999999999993,random_forest,9.0,7.418900000000001,random_forest,13.7,12.425650000000008,random_forest,0.114,0.17883499999999997,random_forest,19.636,19.78,baseline,0.069,0.07880000000000001,knn
天津市滨海新区志敏养殖场,2026-01-09 14:11:00,2.7,3.2565000000000004,random_forest,9.0,7.827100000000004,random_forest,13.8,11.674100000000012,random_forest,0.166,0.17310999999999993,random_forest,19.689,19.636,baseline,0.06,0.0652,knn
天津市滨海新区志敏养殖场,2026-01-09 18:11:00,3.2,3.396999999999997,random_forest,9.0,8.273300000000008,random_forest,13.8,12.168150000000011,random_forest,0.154,0.18580499999999997,random_forest,19.577,19.689,baseline,0.083,0.060999999999999985,knn
天津市滨海新区志敏养殖场,2026-01-09 22:11:00,2.9,3.195999999999998,random_forest,9.0,8.256950000000007,random_forest,13.8,12.26890000000001,random_forest,0.114,0.18240999999999988,random_forest,19.612,19.577,baseline,0.077,0.0668,knn
天津市滨海新区志敏养殖场,2026-01-10 02:12:00,3.0,3.1705000000000005,random_forest,7.05,7.23475,random_forest,13.6,12.277000000000003,random_forest,0.134,0.1812999999999999,random_forest,19.582,19.612,baseline,0.079,0.071,knn
天津市滨海新区志敏养殖场,2026-01-10 06:12:00,3.1,3.8920000000000026,random_forest,9.0,8.092100000000007,random_forest,13.5,11.851350000000018,random_forest,0.146,0.18277499999999997,random_forest,19.554,19.582,baseline,0.022,0.0526,knn
天津市滨海新区志敏养殖场,2026-01-10 10:12:00,2.9,3.3609999999999984,random_forest,9.0,8.49880000000001,random_forest,13.6,11.169450000000007,random_forest,0.113,0.18512499999999987,random_forest,19.384,19.554,baseline,0.055,0.11180000000000001,knn
天津市滨海新区志敏养殖场,2026-01-10 14:13:00,3.4,3.5099999999999993,random_forest,9.0,8.282150000000009,random_forest,13.9,11.46105,random_forest,0.167,0.18658999999999992,random_forest,19.199,19.384,baseline,0.061,0.135,knn
天津市滨海新区志敏养殖场,2026-01-10 18:13:00,3.8,2.8964999999999996,random_forest,9.0,8.28230000000001,random_forest,13.8,11.978750000000007,random_forest,0.122,0.18793499999999988,random_forest,19.255,19.199,baseline,0.068,0.06999999999999999,knn
天津市滨海新区志敏养殖场,2026-01-10 22:13:00,3.8,3.2570000000000006,random_forest,9.0,8.266400000000006,random_forest,13.5,12.305750000000003,random_forest,0.104,0.1850999999999998,random_forest,19.215,19.255,baseline,0.417,0.073,knn
天津市滨海新区志敏养殖场,2026-01-11 02:13:00,3.5,3.431500000000001,random_forest,7.02,7.4167,random_forest,13.3,12.37955000000001,random_forest,0.185,0.17023000000000002,random_forest,19.205,19.215,baseline,0.088,0.0694,knn
天津市滨海新区志敏养殖场,2026-01-11 06:14:00,3.5,4.054500000000002,random_forest,9.0,8.100600000000005,random_forest,13.1,11.762500000000015,random_forest,0.157,0.18545999999999996,random_forest,19.061,19.205,baseline,0.191,0.0902,knn
天津市滨海新区志敏养殖场,2026-01-11 10:14:00,3.5,3.3599999999999994,random_forest,9.0,8.494000000000009,random_forest,13.2,11.214100000000006,random_forest,0.114,0.18150499999999992,random_forest,19.053,19.061,baseline,0.07,0.0896,knn
天津市滨海新区志敏养殖场,2026-01-11 14:14:00,3.8,3.5040000000000013,random_forest,9.0,8.281050000000008,random_forest,13.6,11.494450000000002,random_forest,0.105,0.18073,random_forest,18.882,19.053,baseline,0.038,0.07620000000000002,knn
天津市滨海新区志敏养殖场,2026-01-11 18:15:00,4.1,3.163499999999997,random_forest,9.0,8.288550000000008,random_forest,13.9,11.939549999999988,random_forest,0.142,0.18779499999999982,random_forest,18.817,18.882,baseline,0.039,0.13140000000000002,knn
天津市滨海新区志敏养殖场,2026-01-12 02:15:00,3.7,3.2075,random_forest,9.0,8.279300000000006,random_forest,13.4,12.243650000000011,random_forest,0.196,0.18915499999999985,random_forest,18.688,18.817,baseline,0.167,0.0458,knn
天津市滨海新区志敏养殖场,2026-01-12 06:15:00,3.8,3.5469999999999984,random_forest,9.0,7.539599999999999,random_forest,13.4,11.756500000000017,random_forest,0.266,0.1819199999999999,random_forest,18.728,18.688,baseline,0.062,0.1026,knn
天津市滨海新区志敏养殖场,2026-01-12 14:16:00,4.0,3.2354999999999996,random_forest,9.0,8.32435000000001,random_forest,13.8,11.636500000000005,random_forest,0.138,0.18502499999999997,random_forest,18.662,18.728,baseline,0.136,0.07620000000000002,knn
天津市滨海新区志敏养殖场,2026-01-12 18:16:00,4.2,3.3255,random_forest,9.0,8.261950000000006,random_forest,14.3,12.261049999999997,random_forest,0.058,0.17701999999999987,random_forest,18.695,18.662,baseline,0.042,0.07300000000000001,knn
天津市滨海新区志敏养殖场,2026-01-13 02:16:00,3.6,3.2014999999999993,random_forest,7.4,8.258150000000008,random_forest,13.9,15.252849999999999,random_forest,0.107,0.1896449999999999,random_forest,18.68,18.695,baseline,0.412,0.1516,knn
天津市滨海新区志敏养殖场,2026-01-13 06:17:00,3.6,3.669500000000003,random_forest,9.0,8.105350000000005,random_forest,14.0,11.918200000000011,random_forest,0.124,0.1828099999999999,random_forest,18.531,18.68,baseline,0.341,0.15439999999999998,knn
天津市滨海新区志敏养殖场,2026-01-13 10:17:00,3.5,3.4455,random_forest,9.0,8.382100000000014,random_forest,13.9,11.243500000000006,random_forest,0.123,0.17980999999999994,random_forest,18.736,18.531,baseline,0.021,0.11400000000000002,knn
天津市滨海新区志敏养殖场,2026-01-13 14:17:00,4.5,3.4715000000000003,random_forest,9.0,8.296800000000008,random_forest,14.0,11.507700000000002,random_forest,0.289,0.17827999999999997,random_forest,18.899,18.736,baseline,0.059,0.0746,knn
天津市滨海新区志敏养殖场,2026-01-13 18:17:00,4.2,2.765,random_forest,9.0,8.311650000000013,random_forest,14.4,11.9788,random_forest,0.173,0.18877999999999986,random_forest,18.661,18.899,baseline,0.073,0.10919999999999999,knn
天津市滨海新区志敏养殖场,2026-01-13 22:18:00,4.2,3.080499999999999,random_forest,9.0,8.267550000000005,random_forest,14.3,16.580650000000006,random_forest,0.176,0.174665,random_forest,18.726,18.661,baseline,0.056,0.11959999999999997,knn
天津市滨海新区志敏养殖场,2026-01-14 02:18:00,4.2,3.113000000000001,random_forest,6.7,7.486049999999993,random_forest,14.2,15.767549999999998,random_forest,0.169,0.18057999999999994,random_forest,18.592,18.726,baseline,0.056,0.046400000000000004,knn
天津市滨海新区志敏养殖场,2026-01-14 06:18:00,4.1,4.020500000000001,random_forest,9.0,8.114300000000009,random_forest,14.1,13.125150000000003,random_forest,0.18,0.18147499999999994,random_forest,18.618,18.592,baseline,0.153,0.046,knn
天津市滨海新区志敏养殖场,2026-01-14 10:19:00,4.0,3.595,random_forest,9.0,8.515950000000014,random_forest,14.1,11.924850000000008,random_forest,0.117,0.17988999999999994,random_forest,18.768,18.618,baseline,0.033,0.11180000000000001,knn
天津市滨海新区志敏养殖场,2026-01-14 14:19:00,4.1,3.518999999999998,random_forest,9.0,8.286600000000004,random_forest,14.7,11.967949999999997,random_forest,0.159,0.18149999999999986,random_forest,18.806,18.768,baseline,0.066,0.1678,knn
天津市滨海新区志敏养殖场,2026-01-14 18:19:00,4.3,3.270499999999998,random_forest,9.0,8.294600000000006,random_forest,15.0,16.135499999999983,random_forest,0.148,0.18645499999999976,random_forest,18.888,18.806,baseline,0.052,0.0626,knn
天津市滨海新区志敏养殖场,2026-01-14 22:19:00,6.8,3.1864999999999988,random_forest,8.0,8.269700000000004,random_forest,14.2,17.04689999999999,random_forest,0.071,0.1837549999999998,random_forest,18.863,18.888,baseline,0.03,0.0978,knn
天津市滨海新区志敏养殖场,2026-01-15 06:20:00,6.7,3.851499999999999,random_forest,8.0,7.34605,random_forest,13.8,13.620000000000003,random_forest,0.171,0.17418999999999993,random_forest,18.849,18.863,baseline,0.066,0.09140000000000001,knn
天津市滨海新区志敏养殖场,2026-01-15 18:20:00,4.8,3.7765000000000004,random_forest,8.0,8.278200000000005,random_forest,15.5,11.341200000000006,random_forest,0.29,0.17914499999999994,random_forest,18.787,18.849,baseline,0.074,0.14700000000000002,knn
天津市滨海新区志敏养殖场,2026-01-15 22:20:00,4.2,3.5199999999999987,random_forest,9.0,8.112749999999998,random_forest,14.8,16.9687,random_forest,0.069,0.17905000000000001,random_forest,18.657,18.787,baseline,0.44,0.1046,knn
天津市滨海新区志敏养殖场,2026-01-16 02:21:00,4.1,4.225999999999998,random_forest,7.44,7.554549999999998,random_forest,14.9,17.092099999999995,random_forest,0.175,0.167215,random_forest,18.831,18.657,baseline,0.028,0.0934,knn
天津市滨海新区志敏养殖场,2026-01-16 06:21:00,3.7,4.253,random_forest,9.0,8.08939999999999,random_forest,14.3,16.724249999999984,random_forest,0.13,0.18525,random_forest,18.823,18.831,baseline,0.03,0.07060000000000001,knn
天津市滨海新区志敏养殖场,2026-01-16 10:21:00,3.7,3.873000000000001,random_forest,9.0,8.351350000000007,random_forest,14.0,15.149449999999996,random_forest,0.122,0.18263,random_forest,18.772,18.823,baseline,0.086,0.0788,knn
天津市滨海新区志敏养殖场,2026-01-16 14:21:00,4.1,3.682000000000002,random_forest,9.0,8.274500000000007,random_forest,14.4,11.719300000000006,random_forest,0.173,0.1811349999999999,random_forest,18.833,18.772,baseline,0.096,0.0868,knn
天津市滨海新区志敏养殖场,2026-01-16 18:21:00,4.2,3.3874999999999966,random_forest,9.0,7.842999999999997,random_forest,14.4,16.262749999999997,random_forest,0.213,0.17531999999999998,random_forest,18.851,18.833,baseline,0.032,0.16240000000000002,knn
天津市滨海新区志敏养殖场,2026-01-16 22:22:00,4.3,3.103499999999998,random_forest,9.0,8.278300000000009,random_forest,14.2,16.632349999999995,random_forest,0.137,0.18879999999999986,random_forest,18.837,18.851,baseline,0.383,0.046400000000000004,knn
天津市滨海新区志敏养殖场,2026-01-17 06:22:00,4.1,3.1905,random_forest,9.0,7.456799999999999,random_forest,13.9,13.7894,random_forest,0.114,0.17100499999999996,random_forest,18.819,18.837,baseline,0.021,0.0968,knn
天津市滨海新区志敏养殖场,2026-01-17 10:22:00,4.1,3.2444999999999977,random_forest,9.0,8.311800000000009,random_forest,13.6,11.670600000000011,random_forest,0.193,0.18835499999999988,random_forest,18.725,18.819,baseline,0.046,0.1618,knn
天津市滨海新区志敏养殖场,2026-01-17 14:22:00,4.4,3.3639999999999963,random_forest,9.0,8.30155000000001,random_forest,14.0,11.783850000000006,random_forest,0.18,0.19646999999999995,random_forest,18.723,18.725,baseline,0.079,0.06860000000000001,knn
天津市滨海新区志敏养殖场,2026-01-17 18:22:00,4.5,2.9109999999999974,random_forest,9.0,8.28105000000001,random_forest,14.0,12.234050000000007,random_forest,0.184,0.16931499999999994,random_forest,18.735,18.723,baseline,0.057,0.1386,knn
天津市滨海新区志敏养殖场,2026-01-17 22:23:00,4.8,3.0119999999999987,random_forest,9.0,8.276400000000006,random_forest,13.5,12.2858,random_forest,0.161,0.18930499999999995,random_forest,18.801,18.735,baseline,0.044,0.0764,knn
天津市滨海新区志敏养殖场,2026-01-18 02:23:00,4.6,3.0409999999999995,random_forest,6.57,7.274550000000004,random_forest,13.1,12.243250000000007,random_forest,0.197,0.18884499999999993,random_forest,18.74,18.801,baseline,0.055,0.039,knn
天津市滨海新区志敏养殖场,2026-01-18 06:23:00,4.6,3.7885000000000026,random_forest,9.0,8.095700000000008,random_forest,12.8,11.84725000000001,random_forest,0.062,0.17876499999999995,random_forest,18.832,18.74,baseline,0.069,0.06920000000000001,knn
天津市滨海新区志敏养殖场,2026-01-18 10:23:00,4.5,3.5725000000000007,random_forest,9.0,8.520800000000015,random_forest,12.6,11.130849999999999,random_forest,0.068,0.18429499999999988,random_forest,18.85,18.832,baseline,0.08,0.097,knn
天津市滨海新区志敏养殖场,2026-01-18 14:23:00,4.7,3.2784999999999993,random_forest,9.0,8.295150000000008,random_forest,13.0,11.493000000000002,random_forest,0.214,0.17902499999999996,random_forest,18.766,18.85,baseline,0.221,0.213,knn
天津市滨海新区志敏养殖场,2026-01-18 18:24:00,4.8,3.1234999999999986,random_forest,9.0,8.29035000000001,random_forest,12.9,11.945850000000007,random_forest,0.143,0.1901,random_forest,18.955,18.766,baseline,0.021,0.1574,knn
天津市滨海新区志敏养殖场,2026-01-18 22:24:00,5.4,3.1279999999999997,random_forest,9.0,8.260600000000005,random_forest,12.4,12.224700000000002,random_forest,0.198,0.182965,random_forest,18.945,18.955,baseline,0.022,0.0664,knn
天津市滨海新区志敏养殖场,2026-01-19 02:24:00,4.9,3.333499999999999,random_forest,6.75,7.69515,random_forest,12.0,12.24660000000001,random_forest,0.227,0.18403000000000003,random_forest,18.771,18.945,baseline,0.046,0.0622,knn
天津市滨海新区志敏养殖场,2026-01-19 06:24:00,4.7,3.9874999999999976,random_forest,9.0,8.111900000000007,random_forest,11.7,11.59585000000001,random_forest,0.127,0.18096500000000007,random_forest,18.855,18.771,baseline,0.299,0.0618,knn
天津市滨海新区志敏养殖场,2026-01-19 10:25:00,4.5,3.7270000000000016,random_forest,9.0,8.514500000000014,random_forest,11.6,11.161400000000004,random_forest,0.143,0.17713,random_forest,18.831,18.855,baseline,0.08,0.042,knn
天津市滨海新区志敏养殖场,2026-01-19 14:25:00,5.0,3.3745,random_forest,9.0,8.289650000000007,random_forest,11.7,11.342350000000001,random_forest,0.214,0.1839450000000001,random_forest,18.748,18.831,baseline,0.024,0.22539999999999996,knn
天津市滨海新区志敏养殖场,2026-01-19 18:25:00,5.2,3.2739999999999996,random_forest,9.0,8.26890000000001,random_forest,11.3,11.9201,random_forest,0.244,0.1901,random_forest,18.793,18.748,baseline,0.169,0.0656,knn
天津市滨海新区志敏养殖场,2026-01-19 22:25:00,4.3,3.4279999999999995,random_forest,7.0,8.294900000000005,random_forest,14.0,12.015300000000007,random_forest,0.256,0.18870999999999988,random_forest,18.687,18.793,baseline,0.039,0.12819999999999998,knn
天津市滨海新区志敏养殖场,2026-01-20 02:25:00,4.0,3.951,random_forest,7.04,7.256600000000002,random_forest,12.9,12.26900000000001,random_forest,0.12,0.1751300000000001,random_forest,18.552,18.687,baseline,0.07,0.0638,knn
天津市滨海新区志敏养殖场,2026-01-20 06:26:00,4.0,4.5655,random_forest,7.0,7.987150000000001,random_forest,12.3,11.318350000000002,random_forest,0.191,0.17809999999999998,random_forest,18.62,18.552,baseline,0.088,0.0462,knn
天津市滨海新区志敏养殖场,2026-01-20 10:26:00,3.5,4.323499999999999,random_forest,7.0,8.475150000000003,random_forest,11.8,11.007200000000006,random_forest,0.145,0.17126999999999998,random_forest,18.536,18.62,baseline,0.072,0.1822,knn
天津市滨海新区志敏养殖场,2026-01-20 14:26:00,4.2,4.125000000000003,random_forest,7.0,8.357900000000003,random_forest,11.4,11.373150000000003,random_forest,0.244,0.16563999999999993,random_forest,18.651,18.536,baseline,0.082,0.17980000000000002,knn
天津市滨海新区志敏养殖场,2026-01-20 18:26:00,4.5,3.802500000000001,random_forest,8.0,8.328899999999999,random_forest,11.3,11.853700000000003,random_forest,0.174,0.17454999999999998,random_forest,18.707,18.651,baseline,0.021,0.14279999999999998,knn
天津市滨海新区志敏养殖场,2026-01-20 22:26:00,4.7,3.636999999999999,random_forest,9.0,8.328350000000006,random_forest,10.8,12.198499999999997,random_forest,0.071,0.17614500000000002,random_forest,18.779,18.707,baseline,0.03,0.0738,knn
天津市滨海新区志敏养殖场,2026-01-21 02:27:00,4.2,3.2329999999999988,random_forest,6.58,7.432900000000003,random_forest,10.6,12.201749999999995,random_forest,0.099,0.17847999999999986,random_forest,18.655,18.779,baseline,0.079,0.08240000000000001,knn
天津市滨海新区志敏养殖场,2026-01-21 06:27:00,3.9,3.7510000000000012,random_forest,9.0,8.116299999999999,random_forest,10.3,11.496200000000002,random_forest,0.156,0.17748000000000008,random_forest,18.664,18.655,baseline,0.085,0.09560000000000002,knn
天津市滨海新区志敏养殖场,2026-01-21 10:27:00,3.8,3.5155000000000003,random_forest,9.0,8.425650000000006,random_forest,10.2,11.143900000000004,random_forest,0.078,0.16695000000000007,random_forest,18.643,18.664,baseline,0.185,0.13940000000000002,knn
天津市滨海新区志敏养殖场,2026-01-21 14:27:00,4.5,3.1919999999999975,random_forest,9.0,8.244150000000008,random_forest,10.3,11.093350000000004,random_forest,0.112,0.18035,random_forest,18.672,18.643,baseline,0.488,0.0486,knn
天津市滨海新区志敏养殖场,2026-01-21 18:28:00,4.5,3.4199999999999955,random_forest,9.0,7.936800000000001,random_forest,10.4,12.018650000000001,random_forest,0.287,0.1808250000000001,random_forest,18.726,18.672,baseline,0.077,0.0608,knn
天津市滨海新区志敏养殖场,2026-01-21 22:28:00,4.6,3.272499999999995,random_forest,9.0,8.35515000000001,random_forest,10.3,11.91230000000001,random_forest,0.146,0.18295999999999996,random_forest,18.864,18.726,baseline,0.055,0.0718,knn
天津市滨海新区志敏养殖场,2026-01-22 02:28:00,4.5,3.5474999999999977,random_forest,6.65,7.492099999999997,random_forest,10.0,11.854250000000002,random_forest,0.11,0.18356499999999998,random_forest,18.882,18.864,baseline,0.039,0.12179999999999999,knn
天津市滨海新区志敏养殖场,2026-01-22 06:28:00,4.1,3.635000000000003,random_forest,9.0,8.17270000000001,random_forest,9.9,10.970000000000002,random_forest,0.158,0.18269000000000002,random_forest,18.857,18.882,baseline,0.057,0.08560000000000001,knn
天津市滨海新区志敏养殖场,2026-01-22 10:29:00,4.1,3.4435000000000016,random_forest,9.0,8.497500000000011,random_forest,10.1,10.852549999999994,random_forest,0.224,0.1733149999999999,random_forest,18.853,18.857,baseline,0.034,0.0488,knn
天津市滨海新区志敏养殖场,2026-01-22 14:29:00,4.7,3.2649999999999983,random_forest,9.0,8.253200000000007,random_forest,10.1,10.905049999999994,random_forest,0.192,0.18463499999999985,random_forest,18.936,18.853,baseline,0.224,0.05800000000000001,knn
天津市滨海新区志敏养殖场,2026-01-22 18:29:00,4.5,3.347499999999998,random_forest,9.0,8.357150000000013,random_forest,8.9,11.768799999999997,random_forest,0.125,0.18151499999999998,random_forest,18.998,18.936,baseline,0.08,0.04959999999999999,knn
天津市滨海新区志敏养殖场,2026-01-22 22:30:00,4.3,3.272499999999999,random_forest,9.0,8.33595000000001,random_forest,9.4,11.268200000000002,random_forest,0.187,0.18485000000000004,random_forest,19.137,18.998,baseline,0.066,0.227,knn
天津市滨海新区志敏养殖场,2026-01-23 02:30:00,4.3,3.5199999999999982,random_forest,6.98,7.325200000000002,random_forest,9.5,11.263849999999998,random_forest,0.197,0.18494499999999992,random_forest,19.096,19.137,baseline,0.048,0.28900000000000003,knn
天津市滨海新区志敏养殖场,2026-01-23 10:30:00,3.7,3.6320000000000006,random_forest,9.0,8.167300000000004,random_forest,9.3,10.239850000000006,random_forest,0.246,0.18456499999999995,random_forest,19.059,19.096,baseline,0.081,0.08940000000000001,knn
天津市滨海新区志敏养殖场,2026-01-23 14:30:00,4.8,3.661499999999998,random_forest,9.0,8.439200000000008,random_forest,9.0,10.3221,random_forest,0.113,0.16512499999999997,random_forest,19.281,19.059,baseline,0.255,0.097,knn
天津市滨海新区志敏养殖场,2026-01-23 18:31:00,4.7,3.4984999999999964,random_forest,9.0,8.138600000000002,random_forest,9.3,11.053249999999998,random_forest,0.19,0.1816700000000001,random_forest,19.259,19.281,baseline,0.428,0.0518,knn
天津市滨海新区志敏养殖场,2026-01-23 22:31:00,5.2,3.258499999999996,random_forest,9.0,8.338200000000018,random_forest,8.7,11.666000000000006,random_forest,0.275,0.187205,random_forest,19.42,19.259,baseline,0.067,0.0618,knn
天津市滨海新区志敏养殖场,2026-01-24 02:31:00,4.8,3.391499999999998,random_forest,6.89,7.375250000000001,random_forest,9.0,11.067,random_forest,0.058,0.1771599999999999,random_forest,19.4,19.42,baseline,0.054,0.07600000000000001,knn
天津市滨海新区志敏养殖场,2026-01-24 06:31:00,4.4,3.8345000000000002,random_forest,9.0,7.472349999999995,random_forest,9.1,10.006350000000003,random_forest,0.109,0.1840699999999999,random_forest,19.235,19.4,baseline,0.098,0.0714,knn
天津市滨海新区志敏养殖场,2026-01-24 10:32:00,4.4,3.578500000000001,random_forest,9.0,8.484900000000009,random_forest,9.1,10.318999999999999,random_forest,0.154,0.16881999999999994,random_forest,19.148,19.235,baseline,0.269,0.14399999999999996,knn
天津市滨海新区志敏养殖场,2026-01-24 14:32:00,4.9,3.438499999999998,random_forest,9.0,8.1187,random_forest,8.9,10.092249999999996,random_forest,0.138,0.18141499999999997,random_forest,19.052,19.148,baseline,0.076,0.0464,knn
天津市滨海新区志敏养殖场,2026-02-11 11:56:00,2.3,3.282999999999996,random_forest,8.0,8.351600000000017,random_forest,11.7,11.504350000000002,random_forest,0.171,0.1858899999999999,random_forest,18.91,19.052,baseline,0.163,0.0686,knn
天津市滨海新区志敏养殖场,2026-02-11 15:56:00,2.8,4.045499999999998,random_forest,8.0,8.224700000000006,random_forest,11.8,11.043450000000002,random_forest,0.127,0.18968999999999991,random_forest,18.849,18.91,baseline,0.081,0.0838,knn
天津市滨海新区志敏养殖场,2026-02-11 19:56:00,2.8,4.101999999999999,random_forest,8.0,7.632749999999996,random_forest,11.8,11.580000000000002,random_forest,0.169,0.16829500000000003,random_forest,18.89,18.849,baseline,0.073,0.14699999999999996,knn
天津市滨海新区志敏养殖场,2026-02-11 23:56:00,2.5,4.718999999999999,random_forest,8.0,8.041249999999998,random_forest,11.7,11.531950000000002,random_forest,0.101,0.18631,random_forest,18.823,18.89,baseline,0.137,0.1426,knn
天津市滨海新区志敏养殖场,2026-02-12 03:56:00,2.4,3.467000000000001,random_forest,7.36,7.5483,random_forest,11.5,11.708600000000004,random_forest,0.115,0.17628999999999997,random_forest,18.752,18.823,baseline,0.033,0.0968,knn
天津市滨海新区志敏养殖场,2026-03-10 00:05:00,10.1,4.547000000000002,random_forest,7.2,8.37535,random_forest,11.4,11.155250000000002,random_forest,0.138,0.18392000000000003,random_forest,18.584,18.752,baseline,0.052,0.14100000000000001,knn
天津市滨海新区志敏养殖场,2026-03-10 05:59:00,10.1,9.0655,random_forest,7.12,7.662849999999997,random_forest,10.68,10.87885,random_forest,0.16,0.17453,random_forest,18.655,18.584,baseline,0.074,0.09860000000000002,knn
天津市滨海新区志敏养殖场,2026-03-10 10:35:00,11.9,9.161500000000002,random_forest,8.49,8.38475,random_forest,9.97,10.625999999999998,random_forest,0.145,0.17105499999999993,random_forest,18.828,18.655,baseline,0.115,0.1202,knn
天津市滨海新区志敏养殖场,2026-03-10 15:31:00,9.8,9.010500000000006,random_forest,8.13,8.309650000000008,random_forest,10.62,10.774149999999995,random_forest,0.117,0.162575,random_forest,18.777,18.828,baseline,0.242,0.0782,knn
天津市滨海新区志敏养殖场,2026-03-10 21:08:00,10.1,8.707999999999995,random_forest,8.17,8.189049999999991,random_forest,10.65,11.370049999999999,random_forest,0.295,0.1663,random_forest,18.757,18.777,baseline,0.029,0.1204,knn
天津市滨海新区志敏养殖场,2026-03-11 00:33:00,8.4,9.259000000000007,random_forest,7.38,7.204250000000001,random_forest,11.7,11.260399999999988,random_forest,0.115,0.1575049999999999,random_forest,18.657,18.757,baseline,0.021,0.05539999999999999,knn
天津市滨海新区志敏养殖场,2026-03-11 05:44:00,8.9,9.70899999999999,random_forest,6.83,7.1771,random_forest,10.19,10.464449999999998,random_forest,0.069,0.18018999999999996,random_forest,18.684,18.657,baseline,0.293,0.06999999999999999,knn
天津市滨海新区志敏养殖场,2026-03-11 10:26:00,10.3,9.854000000000003,random_forest,8.62,8.506499999999999,random_forest,10.63,9.975550000000004,random_forest,0.265,0.17142500000000002,random_forest,18.706,18.684,baseline,0.06,0.10699999999999998,knn
天津市滨海新区志敏养殖场,2026-03-11 15:50:00,11.2,10.088500000000003,random_forest,8.28,8.300599999999998,random_forest,10.38,10.288950000000002,random_forest,0.072,0.16648499999999994,random_forest,18.821,18.706,baseline,0.075,0.086,knn
天津市滨海新区志敏养殖场,2026-03-11 21:25:00,9.5,8.532499999999999,random_forest,8.2,8.16145,random_forest,10.96,11.152549999999993,random_forest,0.164,0.17359999999999995,random_forest,18.832,18.821,baseline,0.046,0.07339999999999999,knn
天津市滨海新区志敏养殖场,2026-03-12 00:23:00,8.1,9.215000000000002,random_forest,7.45,7.30725,random_forest,11.61,11.033499999999997,random_forest,0.26,0.16566500000000006,random_forest,18.912,18.832,baseline,0.053,0.11099999999999999,knn
天津市滨海新区志敏养殖场,2026-03-12 05:52:00,9.3,9.619000000000002,random_forest,7.13,7.090349999999998,random_forest,11.46,10.65695,random_forest,0.063,0.16757499999999997,random_forest,19.039,18.912,baseline,0.051,0.0678,knn
天津市滨海新区志敏养殖场,2026-03-12 10:37:00,8.1,9.829000000000002,random_forest,8.41,8.512449999999996,random_forest,10.45,10.129100000000001,random_forest,0.175,0.18941000000000005,random_forest,19.005,19.039,baseline,0.042,0.0688,knn
天津市滨海新区志敏养殖场,2026-03-12 15:28:00,8.5,9.272500000000003,random_forest,8.28,8.312699999999996,random_forest,10.44,10.28415,random_forest,0.186,0.16536000000000006,random_forest,18.978,19.005,baseline,0.057,0.1496,knn
天津市滨海新区志敏养殖场,2026-03-12 21:25:00,8.1,8.671500000000002,random_forest,8.29,8.205600000000004,random_forest,11.29,11.251749999999998,random_forest,0.217,0.17115500000000006,random_forest,18.862,18.978,baseline,0.084,0.05840000000000001,knn
天津市滨海新区志敏养殖场,2026-03-13 00:12:00,8.4,8.3655,random_forest,8.2,7.1003,random_forest,11.42,11.411349999999995,random_forest,0.193,0.16275000000000006,random_forest,19.116,18.862,baseline,0.082,0.05840000000000001,knn
天津市滨海新区志敏养殖场,2026-03-13 05:36:00,8.2,9.460999999999995,random_forest,7.0,7.071350000000001,random_forest,11.55,10.636349999999998,random_forest,0.191,0.16195000000000004,random_forest,19.309,19.116,baseline,0.021,0.06899999999999999,knn
天津市滨海新区志敏养殖场,2026-03-13 10:06:00,9.9,9.904499999999992,random_forest,8.58,7.822199999999999,random_forest,10.18,10.406800000000006,random_forest,0.115,0.18342000000000008,random_forest,19.169,19.309,baseline,0.094,0.06300000000000001,knn
天津市滨海新区志敏养殖场,2026-03-13 15:34:00,9.2,9.148000000000003,random_forest,8.28,8.320600000000002,random_forest,10.92,10.347899999999997,random_forest,0.207,0.16383999999999993,random_forest,19.223,19.169,baseline,0.087,0.15899999999999997,knn
天津市滨海新区志敏养殖场,2026-03-13 21:19:00,8.9,8.593499999999999,random_forest,8.06,8.182149999999993,random_forest,10.75,11.327849999999998,random_forest,0.188,0.16422999999999996,random_forest,19.275,19.223,baseline,0.06,0.0908,knn
天津市滨海新区志敏养殖场,2026-03-14 00:38:00,9.0,8.506500000000003,random_forest,8.31,7.116649999999996,random_forest,10.65,11.460149999999997,random_forest,0.263,0.16322999999999996,random_forest,19.175,19.275,baseline,0.119,0.068,knn
天津市滨海新区志敏养殖场,2026-03-14 05:59:00,10.8,9.227499999999994,random_forest,7.1,7.004199999999998,random_forest,10.98,10.509999999999998,random_forest,0.121,0.17336000000000007,random_forest,19.368,19.175,baseline,0.072,0.09459999999999999,knn
天津市滨海新区志敏养殖场,2026-03-14 10:15:00,11.7,9.453000000000001,random_forest,8.56,8.467400000000005,random_forest,9.52,10.400450000000001,random_forest,0.158,0.1678400000000001,random_forest,19.445,19.368,baseline,0.025,0.1024,knn
天津市滨海新区志敏养殖场,2026-03-14 15:25:00,9.9,9.335999999999995,random_forest,8.25,8.327400000000004,random_forest,10.56,10.166650000000002,random_forest,0.166,0.17334999999999998,random_forest,19.496,19.445,baseline,0.043,0.15639999999999998,knn
天津市滨海新区志敏养殖场,2026-03-14 21:23:00,9.1,9.002000000000004,random_forest,8.19,8.1856,random_forest,10.99,11.110599999999998,random_forest,0.162,0.17470499999999997,random_forest,19.524,19.496,baseline,0.052,0.054200000000000005,knn
天津市滨海新区志敏养殖场,2026-03-15 00:34:00,8.5,9.070000000000006,random_forest,7.46,7.0443,random_forest,11.18,11.269799999999996,random_forest,0.248,0.15820500000000004,random_forest,19.465,19.524,baseline,0.082,0.0958,knn
天津市滨海新区志敏养殖场,2026-03-15 05:57:00,10.4,9.728999999999992,random_forest,6.84,7.14635,random_forest,11.04,10.396599999999996,random_forest,0.259,0.17312500000000003,random_forest,19.524,19.465,baseline,0.226,0.08200000000000002,knn
天津市滨海新区志敏养殖场,2026-03-15 10:21:00,12.6,10.004999999999997,random_forest,8.43,8.476900000000006,random_forest,10.23,9.981600000000013,random_forest,0.161,0.15647500000000014,random_forest,19.69,19.524,baseline,0.085,0.05500000000000001,knn
天津市滨海新区志敏养殖场,2026-03-15 15:51:00,9.2,13.356999999999996,random_forest,8.38,8.283000000000005,random_forest,9.48,10.198599999999999,random_forest,0.269,0.16547500000000004,random_forest,19.718,19.69,baseline,0.023,0.1516,knn
天津市滨海新区志敏养殖场,2026-03-15 21:26:00,8.6,9.075999999999995,random_forest,8.24,8.188499999999998,random_forest,11.66,11.079250000000002,random_forest,0.23,0.17410999999999988,random_forest,19.85,19.718,baseline,0.06,0.2502,knn
天津市滨海新区志敏养殖场,2026-03-16 00:15:00,8.5,8.898500000000006,random_forest,7.16,7.127350000000007,random_forest,10.97,11.199249999999997,random_forest,0.155,0.16189000000000006,random_forest,19.713,19.85,baseline,0.031,0.06599999999999999,knn
天津市滨海新区志敏养殖场,2026-03-16 05:43:00,8.8,9.518999999999995,random_forest,7.28,7.065600000000002,random_forest,10.92,10.492349999999997,random_forest,0.186,0.16841999999999996,random_forest,19.786,19.713,baseline,0.072,0.1254,knn
天津市滨海新区志敏养殖场,2026-03-16 10:24:00,10.3,9.753999999999996,random_forest,8.4,8.537499999999993,random_forest,11.12,10.025850000000004,random_forest,0.164,0.1743050000000001,random_forest,19.657,19.786,baseline,0.081,0.1018,knn
天津市滨海新区志敏养殖场,2026-03-16 15:32:00,9.3,9.280500000000004,random_forest,8.35,8.320399999999994,random_forest,10.04,10.400450000000003,random_forest,0.196,0.16978000000000001,random_forest,19.764,19.657,baseline,0.034,0.16299999999999998,knn
天津市滨海新区志敏养殖场,2026-03-16 21:08:00,7.1,8.736499999999998,random_forest,8.19,8.177350000000002,random_forest,11.85,11.304650000000002,random_forest,0.255,0.17222500000000007,random_forest,19.742,19.764,baseline,0.024,0.137,knn
天津市滨海新区志敏养殖场,2026-03-17 00:28:00,9.9,8.0425,random_forest,7.12,7.197449999999998,random_forest,11.14,11.613549999999996,random_forest,0.294,0.174535,random_forest,19.646,19.742,baseline,0.028,0.09040000000000001,knn
天津市滨海新区志敏养殖场,2026-03-17 05:40:00,9.5,9.873499999999993,random_forest,7.07,7.201699999999995,random_forest,11.56,10.413549999999997,random_forest,0.265,0.16177500000000003,random_forest,19.505,19.646,baseline,0.05,0.057600000000000005,knn
天津市滨海新区志敏养殖场,2026-03-17 10:10:00,10.3,9.93649999999999,random_forest,8.62,8.519849999999998,random_forest,9.86,10.19835,random_forest,0.123,0.16915000000000002,random_forest,19.419,19.505,baseline,0.044,0.1472,knn
天津市滨海新区志敏养殖场,2026-03-17 15:56:00,9.1,9.236999999999995,random_forest,8.43,8.309249999999997,random_forest,10.41,10.303249999999998,random_forest,0.169,0.18835999999999997,random_forest,19.52,19.419,baseline,0.058,0.22160000000000002,knn
天津市滨海新区志敏养殖场,2026-03-17 21:06:00,8.0,8.776500000000002,random_forest,8.13,8.196000000000003,random_forest,11.02,11.27645,random_forest,0.202,0.16536500000000007,random_forest,19.492,19.52,baseline,0.04,0.0912,knn
天津市滨海新区志敏养殖场,2026-03-18 00:24:00,8.1,8.290000000000006,random_forest,6.61,7.10415,random_forest,11.82,11.47415,random_forest,0.068,0.16064000000000012,random_forest,19.408,19.492,baseline,0.046,0.1754,knn
天津市滨海新区志敏养殖场,2026-03-18 05:43:00,10.5,9.517999999999997,random_forest,7.17,7.071700000000001,random_forest,10.56,10.473449999999998,random_forest,0.269,0.17947000000000007,random_forest,19.332,19.408,baseline,0.064,0.058399999999999994,knn
天津市滨海新区志敏养殖场,2026-03-18 10:22:00,10.7,9.678999999999991,random_forest,8.35,8.494199999999996,random_forest,9.96,10.083200000000003,random_forest,0.124,0.182345,random_forest,19.445,19.332,baseline,0.086,0.10859999999999999,knn
天津市滨海新区志敏养殖场,2026-03-18 15:41:00,10.4,9.220000000000004,random_forest,8.23,8.321199999999997,random_forest,10.26,10.259099999999998,random_forest,0.137,0.16735999999999998,random_forest,19.308,19.445,baseline,0.043,0.12680000000000002,knn
天津市滨海新区志敏养殖场,2026-03-18 21:00:00,8.7,8.674000000000001,random_forest,8.25,8.167650000000004,random_forest,10.72,11.198049999999991,random_forest,0.119,0.16929,random_forest,19.237,19.308,baseline,0.06,0.09459999999999999,knn
天津市滨海新区志敏养殖场,2026-03-19 00:29:00,8.6,8.825000000000003,random_forest,8.19,7.097999999999997,random_forest,11.52,11.311349999999996,random_forest,0.204,0.16208999999999998,random_forest,19.027,19.237,baseline,0.037,0.15180000000000002,knn
天津市滨海新区志敏养殖场,2026-03-19 05:40:00,8.9,9.843499999999999,random_forest,7.31,7.0284,random_forest,10.88,10.692250000000001,random_forest,0.103,0.1850899999999999,random_forest,19.003,19.027,baseline,0.04,0.07339999999999999,knn
天津市滨海新区志敏养殖场,2026-03-19 10:37:00,11.3,9.618500000000001,random_forest,8.59,7.8848500000000055,random_forest,10.07,10.0545,random_forest,0.167,0.1743450000000001,random_forest,19.162,19.003,baseline,0.062,0.058399999999999994,knn
天津市滨海新区志敏养殖场,2026-03-19 15:47:00,9.0,9.479000000000005,random_forest,8.14,8.289999999999994,random_forest,9.72,10.189899999999996,random_forest,0.129,0.18420000000000003,random_forest,18.928,19.162,baseline,0.083,0.1756,knn
天津市滨海新区志敏养殖场,2026-03-19 21:27:00,8.3,8.488500000000004,random_forest,8.2,8.165799999999997,random_forest,11.3,11.073249999999996,random_forest,0.133,0.16782,random_forest,18.954,18.928,baseline,0.028,0.0892,knn
天津市滨海新区志敏养殖场,2026-03-20 00:32:00,10.2,9.024000000000003,random_forest,6.85,7.141800000000003,random_forest,10.6,11.109799999999993,random_forest,0.251,0.16347500000000004,random_forest,18.836,18.954,baseline,0.094,0.08020000000000001,knn
天津市滨海新区志敏养殖场,2026-03-20 05:41:00,9.9,9.470499999999998,random_forest,6.73,7.1878999999999955,random_forest,10.15,10.498950000000002,random_forest,0.144,0.16352499999999995,random_forest,18.626,18.836,baseline,0.034,0.0982,knn
天津市滨海新区志敏养殖场,2026-03-20 10:11:00,11.7,9.304,random_forest,8.43,8.508850000000002,random_forest,9.57,10.060600000000006,random_forest,0.122,0.17090999999999998,random_forest,18.628,18.626,baseline,0.479,0.0558,knn
天津市滨海新区志敏养殖场,2026-03-20 15:23:00,8.6,9.081500000000004,random_forest,8.49,8.311099999999996,random_forest,10.74,10.238000000000005,random_forest,0.183,0.15742999999999996,random_forest,18.532,18.628,baseline,0.057,0.056600000000000004,knn
天津市滨海新区志敏养殖场,2026-03-20 21:21:00,8.7,9.180000000000001,random_forest,8.08,8.167399999999997,random_forest,10.95,11.0738,random_forest,0.173,0.15134499999999995,random_forest,18.457,18.532,baseline,0.052,0.05519999999999999,knn
天津市滨海新区志敏养殖场,2026-03-21 00:26:00,7.2,8.773500000000006,random_forest,6.55,7.371149999999999,random_forest,11.85,11.209799999999994,random_forest,0.156,0.1658600000000001,random_forest,18.526,18.457,baseline,0.068,0.0818,knn
天津市滨海新区志敏养殖场,2026-03-21 05:56:00,7.7,8.940999999999997,random_forest,6.79,7.128699999999998,random_forest,10.9,10.435500000000005,random_forest,0.126,0.17150500000000007,random_forest,18.482,18.526,baseline,0.093,0.0986,knn
天津市滨海新区志敏养殖场,2026-03-21 10:31:00,8.5,9.862500000000002,random_forest,8.53,8.478449999999999,random_forest,10.97,10.1366,random_forest,0.121,0.1729550000000001,random_forest,18.31,18.482,baseline,0.073,0.0956,knn
天津市滨海新区志敏养殖场,2026-03-21 15:56:00,7.6,8.943,random_forest,8.22,8.278199999999998,random_forest,11.11,10.30125,random_forest,0.14,0.1622900000000001,random_forest,18.441,18.31,baseline,0.066,0.07780000000000001,knn
天津市滨海新区志敏养殖场,2026-03-21 21:27:00,7.6,7.972,random_forest,8.16,8.215549999999997,random_forest,10.71,11.33535,random_forest,0.193,0.17078999999999997,random_forest,18.397,18.441,baseline,0.244,0.11979999999999999,knn
天津市滨海新区志敏养殖场,2026-03-22 00:17:00,9.5,8.326500000000003,random_forest,7.39,7.0815499999999965,random_forest,10.61,11.481799999999998,random_forest,0.103,0.17317,random_forest,18.526,18.397,baseline,0.072,0.0626,knn
天津市滨海新区志敏养殖场,2026-03-22 05:46:00,9.4,9.584999999999992,random_forest,6.7,7.009449999999998,random_forest,10.6,10.638549999999995,random_forest,0.277,0.17062500000000008,random_forest,18.644,18.526,baseline,0.068,0.0598,knn
天津市滨海新区志敏养殖场,2026-03-22 10:25:00,11.0,9.887000000000006,random_forest,8.61,8.460100000000004,random_forest,9.19,10.472950000000003,random_forest,0.198,0.17043999999999998,random_forest,18.568,18.644,baseline,0.072,0.1686,knn
天津市滨海新区志敏养殖场,2026-03-22 15:33:00,9.3,9.193499999999998,random_forest,8.17,8.309999999999997,random_forest,10.96,10.179450000000005,random_forest,0.135,0.15822500000000012,random_forest,18.411,18.568,baseline,0.08,0.0588,knn
天津市滨海新区志敏养殖场,2026-03-22 21:01:00,6.6,8.633000000000003,random_forest,8.04,8.171899999999999,random_forest,11.39,11.403299999999996,random_forest,0.127,0.17773499999999998,random_forest,18.378,18.411,baseline,0.095,0.10940000000000001,knn
天津市滨海新区志敏养殖场,2026-03-23 00:29:00,7.7,8.364500000000001,random_forest,7.22,7.059200000000001,random_forest,11.96,11.499849999999991,random_forest,0.221,0.17024999999999987,random_forest,18.411,18.378,baseline,0.056,0.151,knn
天津市滨海新区志敏养殖场,2026-03-23 05:32:00,10.3,9.452,random_forest,6.54,7.072849999999994,random_forest,10.58,10.489900000000002,random_forest,0.142,0.16055499999999998,random_forest,18.395,18.411,baseline,0.073,0.12400000000000003,knn
天津市滨海新区志敏养殖场,2026-03-23 10:10:00,9.9,9.636499999999998,random_forest,8.55,8.483499999999998,random_forest,9.52,10.009149999999998,random_forest,0.299,0.17230000000000023,random_forest,18.216,18.395,baseline,0.052,0.0622,knn
天津市滨海新区志敏养殖场,2026-03-23 15:38:00,7.5,8.9,random_forest,8.37,8.296850000000006,random_forest,10.96,10.343049999999991,random_forest,0.176,0.1596599999999999,random_forest,18.14,18.216,baseline,0.045,0.0912,knn
天津市滨海新区志敏养殖场,2026-03-23 21:02:00,5.4,8.0965,random_forest,8.11,8.210899999999999,random_forest,11.86,11.330400000000003,random_forest,0.24,0.17884999999999987,random_forest,18.13,18.14,baseline,0.08,0.0756,knn
天津市滨海新区志敏养殖场,2026-03-24 00:34:00,6.8,8.122000000000002,random_forest,7.14,7.110499999999995,random_forest,11.43,11.526749999999986,random_forest,0.181,0.17319999999999997,random_forest,18.168,18.13,baseline,0.059,0.09960000000000001,knn
天津市滨海新区志敏养殖场,2026-03-24 05:51:00,9.5,8.947999999999993,random_forest,7.5,7.009399999999999,random_forest,10.18,10.729650000000003,random_forest,0.26,0.16745499999999994,random_forest,18.1,18.168,baseline,0.1,0.07039999999999999,knn
天津市滨海新区志敏养殖场,2026-03-24 10:16:00,10.2,10.038999999999994,random_forest,8.54,8.463849999999995,random_forest,11.06,9.9772,random_forest,0.137,0.1749200000000001,random_forest,18.159,18.1,baseline,0.093,0.1212,knn
天津市滨海新区志敏养殖场,2026-03-24 15:38:00,8.5,9.267999999999995,random_forest,8.34,8.315850000000005,random_forest,9.74,10.596200000000003,random_forest,0.163,0.1731350000000001,random_forest,18.238,18.159,baseline,0.078,0.144,knn
天津市滨海新区志敏养殖场,2026-03-24 21:21:00,8.9,8.173000000000004,random_forest,8.13,8.158400000000007,random_forest,11.62,11.126950000000004,random_forest,0.106,0.16209999999999994,random_forest,18.205,18.238,baseline,0.068,0.1046,knn
天津市滨海新区志敏养殖场,2026-03-25 00:20:00,8.7,8.383500000000005,random_forest,7.32,7.0994999999999955,random_forest,11.56,11.304699999999984,random_forest,0.107,0.17251500000000008,random_forest,18.228,18.205,baseline,0.463,0.1476,knn
天津市滨海新区志敏养殖场,2026-03-25 05:58:00,10.1,9.483999999999991,random_forest,6.59,7.004399999999993,random_forest,9.71,10.722850000000001,random_forest,0.217,0.16119999999999998,random_forest,18.14,18.228,baseline,0.082,0.0738,knn
天津市滨海新区志敏养殖场,2026-03-25 10:24:00,10.4,9.571999999999992,random_forest,8.51,8.466050000000001,random_forest,9.73,10.009350000000001,random_forest,0.191,0.17644999999999997,random_forest,18.219,18.14,baseline,0.056,0.1224,knn
天津市滨海新区志敏养殖场,2026-03-25 15:46:00,8.7,9.1295,random_forest,8.28,8.330200000000008,random_forest,9.58,10.3813,random_forest,0.144,0.16484500000000016,random_forest,18.265,18.219,baseline,0.126,0.1024,knn
天津市滨海新区志敏养殖场,2026-03-25 21:08:00,6.1,8.566500000000001,random_forest,8.1,8.160450000000004,random_forest,12.33,11.184299999999999,random_forest,0.298,0.16187500000000005,random_forest,18.359,18.265,baseline,0.042,0.0928,knn
天津市滨海新区志敏养殖场,2026-03-26 00:32:00,8.1,8.279000000000002,random_forest,7.05,7.373899999999997,random_forest,11.95,11.439949999999989,random_forest,0.123,0.16912500000000003,random_forest,18.689,18.359,baseline,0.098,0.05600000000000001,knn
天津市滨海新区志敏养殖场,2026-03-26 05:59:00,8.7,9.460999999999999,random_forest,7.14,7.198800000000006,random_forest,10.44,10.414800000000003,random_forest,0.19,0.17756999999999995,random_forest,18.734,18.689,baseline,0.101,0.13040000000000002,knn
天津市滨海新区志敏养殖场,2026-03-26 10:09:00,9.1,9.86799999999999,random_forest,8.6,8.485149999999999,random_forest,10.26,9.926750000000002,random_forest,0.106,0.17430500000000002,random_forest,18.602,18.734,baseline,0.063,0.1162,knn
天津市滨海新区志敏养殖场,2026-03-26 15:40:00,10.3,8.6825,random_forest,8.41,8.321500000000002,random_forest,10.67,10.502349999999995,random_forest,0.226,0.16580999999999993,random_forest,18.663,18.602,baseline,0.084,0.13400000000000004,knn
天津市滨海新区志敏养殖场,2026-03-26 21:00:00,7.9,8.507500000000004,random_forest,8.2,8.1635,random_forest,11.53,11.196400000000004,random_forest,0.262,0.16838999999999998,random_forest,18.559,18.663,baseline,0.039,0.19140000000000001,knn
天津市滨海新区志敏养殖场,2026-03-27 00:11:00,8.7,8.363500000000002,random_forest,6.52,7.26935,random_forest,11.49,11.646349999999995,random_forest,0.17,0.17451999999999998,random_forest,18.609,18.559,baseline,0.058,0.089,knn
天津市滨海新区志敏养殖场,2026-03-27 05:51:00,10.1,9.781999999999993,random_forest,6.96,7.041650000000003,random_forest,10.25,10.65145,random_forest,0.154,0.16688999999999996,random_forest,18.812,18.609,baseline,0.042,0.067,knn
天津市滨海新区志敏养殖场,2026-03-27 10:02:00,9.7,9.593499999999999,random_forest,8.52,8.498799999999996,random_forest,9.85,10.00204999999999,random_forest,0.235,0.1879200000000001,random_forest,18.767,18.812,baseline,0.075,0.10899999999999999,knn
天津市滨海新区志敏养殖场,2026-03-27 15:24:00,10.6,8.916000000000007,random_forest,8.38,8.292149999999992,random_forest,10.0,10.28120000000001,random_forest,0.25,0.17317500000000005,random_forest,18.736,18.767,baseline,0.022,0.16360000000000002,knn
天津市滨海新区志敏养殖场,2026-03-27 21:06:00,9.2,8.8255,random_forest,8.19,8.171050000000003,random_forest,10.58,11.140499999999996,random_forest,0.289,0.18736499999999995,random_forest,18.814,18.736,baseline,0.074,0.13280000000000003,knn
天津市滨海新区志敏养殖场,2026-03-28 00:04:00,8.0,8.7635,random_forest,7.39,7.107299999999999,random_forest,11.66,11.350049999999989,random_forest,0.187,0.15537499999999999,random_forest,18.926,18.814,baseline,0.083,0.12320000000000002,knn
天津市滨海新区志敏养殖场,2026-03-28 05:34:00,8.9,9.593499999999993,random_forest,7.15,7.0051499999999995,random_forest,10.99,10.422150000000004,random_forest,0.142,0.18173499999999984,random_forest,18.799,18.926,baseline,0.092,0.11779999999999999,knn
天津市滨海新区志敏养殖场,2026-03-28 10:04:00,10.7,9.88499999999999,random_forest,8.56,8.480949999999998,random_forest,9.68,10.148400000000002,random_forest,0.142,0.17845000000000003,random_forest,18.87,18.799,baseline,0.073,0.11399999999999999,knn
天津市滨海新区志敏养殖场,2026-03-28 15:41:00,7.7,9.538,random_forest,8.4,8.293099999999997,random_forest,10.55,10.197099999999999,random_forest,0.184,0.16055999999999998,random_forest,18.842,18.87,baseline,0.245,0.16040000000000001,knn
天津市滨海新区志敏养殖场,2026-03-28 21:10:00,8.2,8.627499999999996,random_forest,8.16,8.175600000000001,random_forest,10.73,11.203050000000001,random_forest,0.163,0.17406499999999997,random_forest,18.813,18.842,baseline,0.076,0.06440000000000001,knn
天津市滨海新区志敏养殖场,2026-03-29 00:02:00,8.7,8.575500000000003,random_forest,6.59,7.108350000000006,random_forest,11.27,11.253099999999991,random_forest,0.166,0.16046999999999997,random_forest,18.935,18.813,baseline,0.078,0.053599999999999995,knn
天津市滨海新区志敏养殖场,2026-03-29 05:55:00,9.0,9.451499999999989,random_forest,7.19,7.128699999999997,random_forest,10.65,10.606650000000002,random_forest,0.16,0.160285,random_forest,18.936,18.935,baseline,0.204,0.08180000000000001,knn
天津市滨海新区志敏养殖场,2026-03-29 10:25:00,10.5,9.928999999999995,random_forest,8.37,8.478050000000003,random_forest,10.27,10.0116,random_forest,0.117,0.16868999999999995,random_forest,19.025,18.936,baseline,0.319,0.09,knn
天津市滨海新区志敏养殖场,2026-03-29 15:25:00,9.4,9.353499999999999,random_forest,8.42,8.3061,random_forest,10.5,10.289449999999995,random_forest,0.156,0.15699999999999997,random_forest,18.839,19.025,baseline,0.076,0.0406,knn
天津市滨海新区志敏养殖场,2026-03-29 21:00:00,9.8,8.489999999999998,random_forest,8.16,8.174999999999999,random_forest,10.96,11.2755,random_forest,0.243,0.16843500000000003,random_forest,18.894,18.839,baseline,0.03,0.12279999999999999,knn
天津市滨海新区志敏养殖场,2026-04-11 00:06:00,13.5,8.568000000000005,random_forest,6.97,7.216000000000003,random_forest,11.1,11.157699999999995,random_forest,0.117,0.16472500000000015,random_forest,19.006,18.894,baseline,0.064,0.078,knn
天津市滨海新区志敏养殖场,2026-04-11 05:57:00,13.4,14.692999999999993,random_forest,7.07,7.007399999999999,random_forest,9.28,10.180299999999995,random_forest,0.152,0.17814499999999991,random_forest,19.012,19.006,baseline,0.051,0.11600000000000002,knn
天津市滨海新区志敏养殖场,2026-04-11 10:29:00,17.3,15.546999999999985,random_forest,8.38,8.469700000000005,random_forest,8.84,9.715400000000008,random_forest,0.125,0.17001500000000003,random_forest,19.036,19.012,baseline,0.051,0.071,knn
天津市滨海新区志敏养殖场,2026-04-11 15:50:00,12.7,14.386500000000002,random_forest,8.23,8.267249999999995,random_forest,9.81,9.7162,random_forest,0.262,0.16373499999999996,random_forest,19.017,19.036,baseline,0.059,0.0638,knn
天津市滨海新区志敏养殖场,2026-04-11 21:09:00,13.7,13.7345,random_forest,8.22,8.110399999999993,random_forest,10.46,10.567399999999996,random_forest,0.161,0.17224500000000004,random_forest,19.093,19.017,baseline,0.073,0.1668,knn
天津市滨海新区志敏养殖场,2026-04-12 00:06:00,10.3,13.074999999999998,random_forest,7.41,7.0031,random_forest,11.59,10.672350000000002,random_forest,0.266,0.15682499999999996,random_forest,19.048,19.093,baseline,0.071,0.06200000000000001,knn
天津市滨海新区志敏养殖场,2026-04-12 05:59:00,17.3,13.440000000000003,random_forest,6.78,7.024099999999999,random_forest,9.0,10.171250000000008,random_forest,0.235,0.16900499999999996,random_forest,19.094,19.048,baseline,0.405,0.0736,knn
天津市滨海新区志敏养殖场,2026-04-12 10:15:00,13.1,15.111000000000004,random_forest,8.35,8.4449,random_forest,9.4,9.224650000000004,random_forest,0.13,0.16459000000000004,random_forest,18.93,19.094,baseline,0.077,0.10880000000000001,knn
天津市滨海新区志敏养殖场,2026-04-12 15:48:00,13.5,14.655999999999981,random_forest,8.26,8.302850000000005,random_forest,9.63,9.473649999999997,random_forest,0.106,0.15594999999999998,random_forest,18.882,18.93,baseline,0.024,0.0412,knn
天津市滨海新区志敏养殖场,2026-04-12 21:09:00,14.0,13.516000000000005,random_forest,8.2,8.128400000000003,random_forest,10.38,10.5026,random_forest,0.172,0.17003500000000002,random_forest,18.752,18.882,baseline,0.065,0.0634,knn
天津市滨海新区志敏养殖场,2026-04-13 00:19:00,13.9,14.36399999999999,random_forest,6.65,7.060750000000001,random_forest,10.84,10.584249999999999,random_forest,0.112,0.16976000000000002,random_forest,18.761,18.752,baseline,0.06,0.1296,knn
天津市滨海新区志敏养殖场,2026-04-13 05:36:00,15.8,15.264499999999991,random_forest,7.13,7.136199999999997,random_forest,9.78,10.017400000000002,random_forest,0.184,0.1613949999999999,random_forest,18.921,18.761,baseline,0.072,0.0744,knn
天津市滨海新区志敏养殖场,2026-04-13 10:04:00,15.4,15.665500000000002,random_forest,8.44,8.44555000000001,random_forest,9.46,9.217750000000002,random_forest,0.295,0.17448,random_forest,18.895,18.921,baseline,0.068,0.19500000000000003,knn
天津市滨海新区志敏养殖场,2026-04-13 15:24:00,15.5,14.73849999999999,random_forest,8.33,8.324449999999993,random_forest,8.89,9.571200000000006,random_forest,0.101,0.15138000000000004,random_forest,18.872,18.895,baseline,0.04,0.08499999999999999,knn
天津市滨海新区志敏养殖场,2026-04-13 21:05:00,12.0,13.404999999999998,random_forest,8.28,8.1204,random_forest,10.75,10.515149999999997,random_forest,0.139,0.16499499999999998,random_forest,18.762,18.872,baseline,0.025,0.09059999999999999,knn
天津市滨海新区志敏养殖场,2026-04-14 00:23:00,14.5,14.129500000000005,random_forest,6.79,7.292099999999998,random_forest,10.8,10.363499999999997,random_forest,0.188,0.16843000000000008,random_forest,18.647,18.762,baseline,0.291,0.14279999999999998,knn
天津市滨海新区志敏养殖场,2026-04-14 05:59:00,16.2,14.946,random_forest,7.18,7.0967499999999974,random_forest,9.56,9.855100000000004,random_forest,0.176,0.17266499999999996,random_forest,18.669,18.647,baseline,0.337,0.0714,knn
天津市滨海新区志敏养殖场,2026-04-14 10:05:00,14.3,15.5925,random_forest,8.41,8.466500000000005,random_forest,8.41,9.276750000000002,random_forest,0.27,0.15661999999999998,random_forest,18.518,18.669,baseline,0.077,0.12399999999999997,knn
天津市滨海新区志敏养殖场,2026-04-14 15:51:00,13.5,14.603499999999999,random_forest,8.28,8.282250000000003,random_forest,9.95,9.401950000000003,random_forest,0.094,0.17717000000000002,random_forest,18.228,18.518,baseline,0.029,0.1488,knn
天津市滨海新区志敏养殖场,2026-04-14 21:00:00,14.1,13.766999999999994,random_forest,8.08,8.122300000000001,random_forest,10.73,10.318899999999996,random_forest,0.126,0.17085499999999995,random_forest,18.325,18.228,baseline,0.292,0.06,knn
天津市滨海新区志敏养殖场,2026-04-15 00:13:00,13.3,13.604499999999996,random_forest,7.01,7.185199999999996,random_forest,10.09,10.548000000000004,random_forest,0.184,0.17139000000000004,random_forest,18.563,18.325,baseline,0.054,0.1274,knn
天津市滨海新区志敏养殖场,2026-04-15 05:59:00,13.9,15.852500000000003,random_forest,8.34,7.000799999999998,random_forest,10.1,9.586850000000004,random_forest,0.183,0.1662,random_forest,18.518,18.563,baseline,0.058,0.0708,knn
天津市滨海新区志敏养殖场,2026-04-15 10:18:00,15.5,15.416999999999998,random_forest,8.45,8.45985,random_forest,9.41,9.3895,random_forest,0.203,0.1758350000000001,random_forest,18.464,18.518,baseline,0.094,0.06000000000000001,knn
天津市滨海新区志敏养殖场,2026-04-15 15:50:00,13.6,14.68,random_forest,8.28,8.28025,random_forest,9.08,9.713100000000003,random_forest,0.247,0.166145,random_forest,18.513,18.464,baseline,0.049,0.0498,knn
天津市滨海新区志敏养殖场,2026-04-15 21:00:00,15.9,13.675499999999992,random_forest,8.0,8.067999999999998,random_forest,9.9,10.660350000000001,random_forest,0.185,0.15421500000000005,random_forest,18.59,18.513,baseline,0.098,0.12680000000000002,knn
天津市滨海新区志敏养殖场,2026-04-16 00:11:00,13.9,13.518499999999992,random_forest,6.68,6.980199999999999,random_forest,10.81,10.629950000000006,random_forest,0.239,0.16935999999999993,random_forest,18.517,18.59,baseline,0.092,0.11080000000000001,knn
天津市滨海新区志敏养殖场,2026-04-16 05:53:00,14.0,15.837999999999996,random_forest,6.6,7.087450000000002,random_forest,9.06,9.748900000000008,random_forest,0.125,0.17582000000000012,random_forest,18.461,18.517,baseline,0.031,0.1026,knn
天津市滨海新区志敏养殖场,2026-04-16 10:23:00,15.4,15.930000000000005,random_forest,8.4,8.467000000000006,random_forest,8.75,9.557350000000003,random_forest,0.053,0.16972,random_forest,18.585,18.461,baseline,0.066,0.047599999999999996,knn
天津市滨海新区志敏养殖场,2026-04-16 15:30:00,15.7,14.768999999999991,random_forest,8.47,8.2915,random_forest,9.24,9.527249999999997,random_forest,0.11,0.16518999999999998,random_forest,18.462,18.585,baseline,0.039,0.0666,knn
天津市滨海新区志敏养殖场,2026-04-16 21:00:00,15.9,13.90950000000001,random_forest,8.18,8.140300000000002,random_forest,9.74,10.36045,random_forest,0.158,0.18964499999999984,random_forest,18.27,18.462,baseline,0.048,0.0648,knn
天津市滨海新区志敏养殖场,2026-04-17 00:36:00,15.1,13.763999999999994,random_forest,6.92,7.1959,random_forest,10.79,10.519800000000002,random_forest,0.183,0.1693250000000001,random_forest,18.277,18.27,baseline,0.468,0.1648,knn
天津市滨海新区志敏养殖场,2026-04-17 05:49:00,14.7,15.09849999999999,random_forest,7.19,7.259849999999996,random_forest,10.5,9.666550000000006,random_forest,0.105,0.16955499999999998,random_forest,18.196,18.277,baseline,0.075,0.1016,knn
天津市滨海新区志敏养殖场,2026-04-17 10:36:00,16.1,15.601499999999998,random_forest,8.53,8.428650000000003,random_forest,9.47,9.339450000000014,random_forest,0.161,0.15884000000000006,random_forest,18.346,18.196,baseline,0.067,0.09559999999999999,knn
天津市滨海新区志敏养殖场,2026-04-17 15:22:00,14.3,14.820999999999996,random_forest,8.19,8.320099999999995,random_forest,8.86,9.233450000000003,random_forest,0.117,0.16800499999999993,random_forest,18.336,18.346,baseline,0.025,0.1034,knn
天津市滨海新区志敏养殖场,2026-04-17 21:00:00,14.0,13.830999999999994,random_forest,8.19,8.166150000000002,random_forest,10.85,10.3622,random_forest,0.263,0.16641499999999998,random_forest,18.379,18.336,baseline,0.106,0.0704,knn
天津市滨海新区志敏养殖场,2026-04-18 00:37:00,13.1,13.533999999999994,random_forest,7.07,7.084299999999994,random_forest,11.58,10.3962,random_forest,0.155,0.16135500000000003,random_forest,18.422,18.379,baseline,0.3,0.15940000000000001,knn
天津市滨海新区志敏养殖场,2026-04-18 05:35:00,14.4,15.558499999999999,random_forest,8.41,7.2403499999999985,random_forest,9.93,9.728400000000002,random_forest,0.131,0.15911500000000003,random_forest,18.445,18.422,baseline,0.081,0.1336,knn
天津市滨海新区志敏养殖场,2026-04-18 10:10:00,14.6,15.951000000000013,random_forest,8.4,8.437000000000008,random_forest,9.74,9.456200000000003,random_forest,0.15,0.17471999999999993,random_forest,18.412,18.445,baseline,0.057,0.0658,knn
天津市滨海新区志敏养殖场,2026-04-18 15:44:00,13.7,14.525499999999992,random_forest,8.39,8.297349999999994,random_forest,9.58,9.606250000000005,random_forest,0.194,0.1542249999999999,random_forest,18.518,18.412,baseline,0.265,0.09359999999999999,knn
天津市滨海新区志敏养殖场,2026-04-18 21:13:00,13.8,13.5825,random_forest,8.22,8.021549999999998,random_forest,10.16,10.411349999999995,random_forest,0.289,0.155645,random_forest,18.342,18.518,baseline,0.054,0.12140000000000002,knn
天津市滨海新区志敏养殖场,2026-04-19 00:37:00,14.1,13.57349999999999,random_forest,6.51,7.169099999999999,random_forest,10.46,10.675350000000007,random_forest,0.243,0.1596149999999999,random_forest,18.164,18.342,baseline,0.056,0.0524,knn
天津市滨海新区志敏养殖场,2026-04-19 05:38:00,14.7,15.633499999999994,random_forest,7.35,7.228950000000003,random_forest,8.48,9.940800000000001,random_forest,0.213,0.1673650000000001,random_forest,18.29,18.164,baseline,0.058,0.11200000000000002,knn
天津市滨海新区志敏养殖场,2026-04-19 10:32:00,16.8,16.137499999999985,random_forest,8.51,8.413450000000005,random_forest,9.38,9.221150000000009,random_forest,0.298,0.1778999999999999,random_forest,18.334,18.29,baseline,0.055,0.2224,knn
天津市滨海新区志敏养殖场,2026-04-19 15:57:00,14.2,14.461000000000011,random_forest,8.14,8.310150000000002,random_forest,9.42,9.4206,random_forest,0.19,0.16447499999999998,random_forest,18.32,18.334,baseline,0.054,0.1542,knn
天津市滨海新区志敏养殖场,2026-04-19 21:16:00,14.0,13.626499999999991,random_forest,8.29,8.123249999999999,random_forest,10.11,10.374650000000004,random_forest,0.178,0.188195,random_forest,18.297,18.32,baseline,0.034,0.11080000000000001,knn
天津市滨海新区志敏养殖场,2026-04-20 00:17:00,12.5,14.4615,random_forest,6.76,7.166100000000001,random_forest,11.07,9.733349999999996,random_forest,0.191,0.16095500000000015,random_forest,18.213,18.297,baseline,0.066,0.1006,knn
天津市滨海新区志敏养殖场,2026-04-20 05:44:00,14.9,15.446999999999997,random_forest,7.22,7.341449999999998,random_forest,11.17,9.76505,random_forest,0.298,0.181135,random_forest,18.349,18.213,baseline,0.022,0.0728,knn
天津市滨海新区志敏养殖场,2026-04-20 10:14:00,13.1,15.483000000000004,random_forest,8.42,8.4697,random_forest,9.4,9.347550000000007,random_forest,0.281,0.17070000000000007,random_forest,18.514,18.349,baseline,0.095,0.08580000000000002,knn
天津市滨海新区志敏养殖场,2026-04-20 15:50:00,15.1,14.891499999999992,random_forest,8.18,8.306399999999995,random_forest,9.76,9.671849999999997,random_forest,0.149,0.1766450000000002,random_forest,18.612,18.514,baseline,0.081,0.21559999999999996,knn
天津市滨海新区志敏养殖场,2026-04-20 21:14:00,14.2,14.295000000000002,random_forest,8.02,8.155899999999994,random_forest,10.82,10.58175,random_forest,0.101,0.16167000000000006,random_forest,18.36,18.612,baseline,0.042,0.1032,knn
天津市滨海新区志敏养殖场,2026-04-21 00:11:00,12.7,13.113499999999988,random_forest,8.16,7.323449999999996,random_forest,10.31,10.442700000000002,random_forest,0.138,0.16489,random_forest,18.381,18.36,baseline,0.029,0.1006,knn
天津市滨海新区志敏养殖场,2026-04-21 05:49:00,13.1,15.930499999999997,random_forest,7.42,7.1803,random_forest,10.3,9.878050000000012,random_forest,0.187,0.17012500000000003,random_forest,18.358,18.381,baseline,0.081,0.055799999999999995,knn
天津市滨海新区志敏养殖场,2026-04-21 10:05:00,16.0,15.565000000000003,random_forest,8.31,8.43855000000001,random_forest,8.79,9.587350000000006,random_forest,0.193,0.16893500000000006,random_forest,18.294,18.358,baseline,0.235,0.0698,knn
天津市滨海新区志敏养殖场,2026-04-21 15:50:00,14.8,14.531500000000001,random_forest,8.38,8.284949999999997,random_forest,9.71,9.651150000000001,random_forest,0.17,0.15816999999999998,random_forest,18.244,18.294,baseline,0.268,0.063,knn
天津市滨海新区志敏养殖场,2026-04-21 21:24:00,12.9,13.745499999999995,random_forest,8.13,8.146599999999996,random_forest,10.81,10.531799999999999,random_forest,0.107,0.157295,random_forest,18.483,18.244,baseline,0.068,0.0774,knn
天津市滨海新区志敏养殖场,2026-04-22 00:05:00,13.8,14.078000000000001,random_forest,7.42,7.20815,random_forest,10.55,10.571149999999998,random_forest,0.14,0.16120499999999993,random_forest,18.427,18.483,baseline,0.081,0.16019999999999998,knn
天津市滨海新区志敏养殖场,2026-04-22 05:36:00,15.5,15.336500000000001,random_forest,7.15,7.072999999999997,random_forest,9.07,9.933100000000007,random_forest,0.294,0.1624750000000001,random_forest,18.333,18.427,baseline,0.095,0.1096,knn
天津市滨海新区志敏养殖场,2026-04-22 10:15:00,14.6,16.30099999999999,random_forest,8.42,8.43380000000001,random_forest,9.09,9.527350000000007,random_forest,0.175,0.16343500000000014,random_forest,18.505,18.333,baseline,0.034,0.0538,knn
天津市滨海新区志敏养殖场,2026-04-22 15:55:00,13.7,14.198999999999995,random_forest,8.34,8.304699999999999,random_forest,9.2,9.685850000000002,random_forest,0.206,0.17710500000000004,random_forest,18.534,18.505,baseline,0.076,0.1662,knn
天津市滨海新区志敏养殖场,2026-04-22 21:12:00,13.8,14.154999999999998,random_forest,8.24,8.121550000000003,random_forest,10.95,10.358849999999997,random_forest,0.158,0.16257999999999984,random_forest,18.449,18.534,baseline,0.287,0.1222,knn
天津市滨海新区志敏养殖场,2026-04-23 00:11:00,13.3,13.36649999999999,random_forest,8.26,7.026199999999998,random_forest,11.1,10.615599999999999,random_forest,0.197,0.15978499999999995,random_forest,18.512,18.449,baseline,0.057,0.056999999999999995,knn
天津市滨海新区志敏养殖场,2026-04-23 05:40:00,17.0,15.036500000000006,random_forest,7.34,7.216950000000004,random_forest,9.72,10.066650000000003,random_forest,0.273,0.1661750000000001,random_forest,18.376,18.512,baseline,0.175,0.0864,knn
天津市滨海新区志敏养殖场,2026-04-23 10:11:00,15.5,15.325999999999997,random_forest,8.51,7.948950000000005,random_forest,9.65,9.400500000000005,random_forest,0.151,0.17127000000000014,random_forest,18.178,18.376,baseline,0.051,0.094,knn
天津市滨海新区志敏养殖场,2026-04-23 15:53:00,15.1,14.832000000000003,random_forest,8.24,8.320549999999999,random_forest,10.08,9.534300000000002,random_forest,0.141,0.15837,random_forest,18.033,18.178,baseline,0.288,0.1408,knn
天津市滨海新区志敏养殖场,2026-04-23 21:10:00,15.6,13.55749999999999,random_forest,8.01,8.153249999999993,random_forest,10.14,10.443649999999996,random_forest,0.177,0.16811500000000007,random_forest,18.075,18.033,baseline,0.343,0.0612,knn
天津市滨海新区志敏养殖场,2026-04-24 00:35:00,14.0,14.330499999999995,random_forest,6.92,6.999799999999998,random_forest,10.61,10.557150000000004,random_forest,0.094,0.15897000000000003,random_forest,18.176,18.075,baseline,0.092,0.047,knn
天津市滨海新区志敏养殖场,2026-04-24 05:59:00,14.4,15.66,random_forest,6.98,7.191699999999996,random_forest,10.62,9.773500000000006,random_forest,0.154,0.17066499999999998,random_forest,18.149,18.176,baseline,0.048,0.2136,knn
天津市滨海新区志敏养殖场,2026-04-24 10:15:00,16.0,16.2885,random_forest,8.47,8.441300000000007,random_forest,8.93,9.291549999999996,random_forest,0.133,0.17316500000000018,random_forest,18.06,18.149,baseline,0.054,0.05720000000000001,knn
天津市滨海新区志敏养殖场,2026-04-24 15:32:00,13.6,15.101499999999989,random_forest,8.18,8.270199999999999,random_forest,9.73,9.599900000000002,random_forest,0.182,0.1654500000000001,random_forest,17.938,18.06,baseline,0.095,0.0844,knn
天津市滨海新区志敏养殖场,2026-04-24 21:27:00,13.6,13.905500000000007,random_forest,8.19,8.151649999999995,random_forest,10.34,10.394199999999994,random_forest,0.086,0.17058500000000007,random_forest,18.092,17.938,baseline,0.098,0.0888,knn
天津市滨海新区志敏养殖场,2026-04-25 00:35:00,13.6,13.571999999999981,random_forest,7.08,7.154050000000002,random_forest,10.9,10.468250000000003,random_forest,0.216,0.166905,random_forest,18.041,18.092,baseline,0.042,0.07780000000000001,knn
天津市滨海新区志敏养殖场,2026-04-25 05:48:00,15.0,15.851999999999993,random_forest,6.61,7.16155,random_forest,9.31,9.736400000000001,random_forest,0.275,0.173925,random_forest,17.981,18.041,baseline,0.099,0.11739999999999999,knn
天津市滨海新区志敏养殖场,2026-04-25 10:06:00,15.6,16.374999999999986,random_forest,8.51,8.427700000000009,random_forest,8.67,9.198200000000012,random_forest,0.146,0.18009000000000003,random_forest,18.031,17.981,baseline,0.092,0.0484,knn
天津市滨海新区志敏养殖场,2026-04-25 15:47:00,16.8,14.595000000000004,random_forest,8.33,8.279150000000001,random_forest,9.71,9.602849999999997,random_forest,0.238,0.16346999999999995,random_forest,18.142,18.031,baseline,0.194,0.0912,knn
天津市滨海新区志敏养殖场,2026-04-25 21:15:00,13.8,14.872999999999985,random_forest,8.17,8.149700000000003,random_forest,10.34,10.422199999999998,random_forest,0.278,0.16973499999999997,random_forest,18.124,18.142,baseline,0.034,0.0682,knn
天津市滨海新区志敏养殖场,2026-04-26 00:34:00,13.3,13.632499999999988,random_forest,7.2,6.986900000000002,random_forest,11.29,10.56315,random_forest,0.08,0.16645000000000007,random_forest,18.068,18.124,baseline,0.021,0.10540000000000001,knn
天津市滨海新区志敏养殖场,2026-04-26 05:59:00,15.3,15.295500000000004,random_forest,8.3,7.13214999999999,random_forest,10.15,9.784950000000004,random_forest,0.263,0.18099499999999996,random_forest,18.019,18.068,baseline,0.057,0.05,knn
天津市滨海新区志敏养殖场,2026-04-26 10:17:00,15.8,15.645499999999991,random_forest,8.41,8.4539,random_forest,9.27,9.129599999999996,random_forest,0.193,0.176675,random_forest,18.091,18.019,baseline,0.076,0.08399999999999999,knn
天津市滨海新区志敏养殖场,2026-04-26 15:55:00,13.1,14.406999999999991,random_forest,8.39,8.28899999999999,random_forest,10.26,9.665700000000003,random_forest,0.176,0.16510000000000002,random_forest,18.059,18.091,baseline,0.128,0.0518,knn
天津市滨海新区志敏养殖场,2026-04-26 21:25:00,13.7,14.276999999999994,random_forest,8.14,8.096399999999992,random_forest,10.22,10.48389999999999,random_forest,0.174,0.16205499999999995,random_forest,17.936,18.059,baseline,0.071,0.1464,knn
天津市滨海新区志敏养殖场,2026-04-27 00:02:00,12.8,13.179499999999997,random_forest,6.82,7.11495,random_forest,9.89,10.633649999999998,random_forest,0.13,0.16830000000000006,random_forest,17.693,17.936,baseline,0.058,0.0644,knn
天津市滨海新区志敏养殖场,2026-04-27 05:59:00,15.8,15.478500000000013,random_forest,7.47,7.029600000000003,random_forest,9.24,9.949350000000003,random_forest,0.179,0.18165499999999998,random_forest,17.721,17.693,baseline,0.06,0.1052,knn
天津市滨海新区志敏养殖场,2026-04-27 10:35:00,15.5,15.799,random_forest,8.56,8.442750000000002,random_forest,9.4,9.581399999999997,random_forest,0.111,0.17512000000000008,random_forest,17.781,17.721,baseline,0.042,0.0484,knn
天津市滨海新区志敏养殖场,2026-04-27 15:28:00,15.9,14.759999999999998,random_forest,8.24,8.322900000000002,random_forest,9.66,9.668850000000003,random_forest,0.2,0.16969999999999996,random_forest,17.682,17.781,baseline,0.052,0.0904,knn
天津市滨海新区志敏养殖场,2026-04-27 21:25:00,13.8,13.571999999999994,random_forest,8.1,8.113399999999999,random_forest,10.93,10.695700000000004,random_forest,0.154,0.17172000000000012,random_forest,17.569,17.682,baseline,0.025,0.14079999999999998,knn
天津市滨海新区志敏养殖场,2026-04-28 00:38:00,13.7,13.599499999999994,random_forest,7.11,7.190100000000005,random_forest,10.51,10.497449999999994,random_forest,0.113,0.16796500000000006,random_forest,17.543,17.569,baseline,0.099,0.0612,knn
天津市滨海新区志敏养殖场,2026-04-28 05:40:00,15.3,15.858500000000003,random_forest,7.24,7.026149999999999,random_forest,9.69,9.845100000000006,random_forest,0.075,0.17168999999999998,random_forest,17.521,17.543,baseline,0.086,0.08080000000000001,knn
天津市滨海新区志敏养殖场,2026-04-28 10:09:00,16.6,15.426499999999994,random_forest,8.5,8.458400000000005,random_forest,8.73,9.50960000000001,random_forest,0.146,0.16602500000000006,random_forest,17.563,17.521,baseline,0.067,0.061399999999999996,knn
天津市滨海新区志敏养殖场,2026-04-28 15:40:00,15.4,14.575999999999997,random_forest,8.08,8.257750000000001,random_forest,9.82,9.5698,random_forest,0.085,0.15957000000000005,random_forest,17.575,17.563,baseline,0.085,0.0944,knn
天津市滨海新区志敏养殖场,2026-04-28 21:10:00,13.6,13.805999999999997,random_forest,8.18,8.124599999999997,random_forest,11.43,10.3778,random_forest,0.053,0.16899499999999995,random_forest,17.531,17.575,baseline,0.256,0.0634,knn
天津市滨海新区志敏养殖场,2026-04-29 00:13:00,13.3,14.5055,random_forest,7.21,7.2408,random_forest,10.92,10.354100000000006,random_forest,0.152,0.1705149999999998,random_forest,17.566,17.531,baseline,0.071,0.177,knn
天津市滨海新区志敏养殖场,2026-04-29 05:59:00,15.0,15.800500000000005,random_forest,6.81,7.357949999999999,random_forest,10.32,9.701400000000001,random_forest,0.149,0.18428499999999995,random_forest,17.491,17.566,baseline,0.029,0.0986,knn
天津市滨海新区志敏养殖场,2026-04-29 10:10:00,15.0,16.26499999999999,random_forest,8.45,8.441350000000009,random_forest,10.52,9.485100000000003,random_forest,0.148,0.19030999999999995,random_forest,17.52,17.491,baseline,0.069,0.072,knn
天津市滨海新区志敏养殖场,2026-04-29 15:22:00,14.8,14.645499999999991,random_forest,8.23,8.292200000000003,random_forest,9.36,9.688050000000004,random_forest,0.182,0.17277500000000004,random_forest,17.352,17.52,baseline,0.239,0.1336,knn
天津市滨海新区志敏养殖场,2026-04-29 21:16:00,13.9,13.591500000000005,random_forest,8.43,8.158399999999997,random_forest,10.79,10.496599999999999,random_forest,0.248,0.16917499999999996,random_forest,17.334,17.352,baseline,0.084,0.1048,knn
天津市滨海新区志敏养殖场,2026-04-30 00:31:00,13.3,13.647999999999985,random_forest,7.46,7.737900000000003,random_forest,10.44,10.736399999999996,random_forest,0.163,0.16342,random_forest,17.31,17.334,baseline,0.052,0.05,knn
天津市滨海新区志敏养殖场,2026-04-30 05:51:00,14.9,15.496499999999996,random_forest,6.77,7.253450000000003,random_forest,9.33,9.8978,random_forest,0.246,0.17731499999999997,random_forest,17.253,17.31,baseline,0.409,0.11879999999999999,knn
天津市滨海新区志敏养殖场,2026-04-30 10:23:00,14.4,15.893499999999992,random_forest,8.37,8.4387,random_forest,9.71,9.497900000000001,random_forest,0.06,0.16583999999999993,random_forest,17.171,17.253,baseline,0.085,0.099,knn
天津市滨海新区志敏养殖场,2026-04-30 15:33:00,14.9,15.210499999999994,random_forest,8.36,8.3213,random_forest,10.12,9.547299999999998,random_forest,0.218,0.16193499999999988,random_forest,16.954,17.171,baseline,0.043,0.0368,knn
天津市滨海新区志敏养殖场,2026-04-30 21:03:00,15.7,13.581999999999999,random_forest,8.23,8.14375,random_forest,10.57,10.503100000000002,random_forest,0.157,0.16501,random_forest,16.923,16.954,baseline,0.042,0.1076,knn
天津市滨海新区志敏养殖场,2026-05-02 00:13:00,17.6,13.497999999999983,random_forest,7.05,7.510300000000001,random_forest,10.17,10.5926,random_forest,0.117,0.16691499999999998,random_forest,16.835,16.923,baseline,0.095,0.0522,knn
天津市滨海新区志敏养殖场,2026-05-02 05:54:00,18.0,19.439499999999995,random_forest,7.26,7.1621500000000005,random_forest,9.95,9.556599999999998,random_forest,0.279,0.16577999999999998,random_forest,16.749,16.835,baseline,0.05,0.07499999999999998,knn
天津市滨海新区志敏养殖场,2026-05-02 10:34:00,21.6,19.41199999999999,random_forest,8.62,8.442950000000003,random_forest,3.37,9.026350000000003,random_forest,0.124,0.16893500000000003,random_forest,16.598,16.749,baseline,0.047,0.20060000000000003,knn
天津市滨海新区志敏养殖场,2026-05-02 15:23:00,19.2,19.47450000000001,random_forest,8.31,8.274899999999997,random_forest,8.99,6.925249999999994,random_forest,0.253,0.17410499999999998,random_forest,16.362,16.598,baseline,0.096,0.08360000000000001,knn
天津市滨海新区志敏养殖场,2026-05-02 21:04:00,18.3,19.18000000000001,random_forest,8.23,8.124899999999993,random_forest,9.31,9.545799999999998,random_forest,0.11,0.17610999999999993,random_forest,16.443,16.362,baseline,0.175,0.17060000000000003,knn
天津市滨海新区志敏养殖场,2026-05-03 00:24:00,17.0,19.95400000000001,random_forest,7.08,7.1084000000000005,random_forest,9.99,9.900300000000003,random_forest,0.153,0.165355,random_forest,16.428,16.443,baseline,0.067,0.05940000000000001,knn
天津市滨海新区志敏养殖场,2026-05-03 05:45:00,20.5,20.191499999999987,random_forest,7.19,7.122750000000001,random_forest,6.08,8.669100000000006,random_forest,0.247,0.17383500000000013,random_forest,16.436,16.428,baseline,0.022,0.0688,knn
天津市滨海新区志敏养殖场,2026-05-03 10:30:00,22.7,20.202500000000008,random_forest,8.4,8.422000000000004,random_forest,8.01,7.147549999999996,random_forest,0.111,0.1834399999999999,random_forest,16.462,16.436,baseline,0.069,0.0498,knn
天津市滨海新区志敏养殖场,2026-05-03 15:51:00,21.0,20.24000000000001,random_forest,8.15,8.270549999999997,random_forest,8.34,7.366999999999995,random_forest,0.147,0.17418999999999996,random_forest,16.512,16.462,baseline,0.074,0.1538,knn
天津市滨海新区志敏养殖场,2026-05-03 21:16:00,18.9,19.354000000000017,random_forest,8.06,8.114700000000003,random_forest,9.28,8.685899999999998,random_forest,0.077,0.15438500000000002,random_forest,16.627,16.512,baseline,0.071,0.0506,knn
天津市滨海新区志敏养殖场,2026-05-04 00:12:00,19.2,19.476999999999993,random_forest,8.01,7.071400000000001,random_forest,9.65,9.249050000000004,random_forest,0.279,0.15727499999999994,random_forest,16.596,16.627,baseline,0.407,0.1132,knn
天津市滨海新区志敏养殖场,2026-05-04 05:33:00,19.6,20.793499999999984,random_forest,6.75,7.042450000000006,random_forest,9.11,7.313549999999999,random_forest,0.182,0.16497,random_forest,16.552,16.596,baseline,0.03,0.1026,knn
天津市滨海新区志敏养殖场,2026-05-04 10:25:00,18.6,20.30950000000001,random_forest,8.44,8.406950000000005,random_forest,8.52,6.807099999999997,random_forest,0.199,0.17158,random_forest,16.514,16.552,baseline,0.21,0.0702,knn
天津市滨海新区志敏养殖场,2026-05-04 15:36:00,20.3,19.684000000000015,random_forest,8.46,8.27055,random_forest,6.07,8.129999999999997,random_forest,0.144,0.17000000000000007,random_forest,16.827,16.514,baseline,0.303,0.12279999999999998,knn
天津市滨海新区志敏养殖场,2026-05-04 21:00:00,18.9,18.694500000000016,random_forest,8.11,8.1416,random_forest,9.85,9.08705,random_forest,0.149,0.1660500000000001,random_forest,16.698,16.827,baseline,0.097,0.1038,knn
天津市滨海新区志敏养殖场,2026-05-05 00:27:00,18.2,19.087000000000003,random_forest,7.49,7.198599999999998,random_forest,9.85,9.561699999999997,random_forest,0.125,0.15978499999999995,random_forest,16.653,16.698,baseline,0.471,0.06539999999999999,knn
天津市滨海新区志敏养殖场,2026-05-05 05:46:00,18.8,19.548,random_forest,7.02,7.2164499999999965,random_forest,9.76,8.221900000000003,random_forest,0.136,0.17332499999999992,random_forest,16.592,16.653,baseline,0.045,0.16060000000000002,knn
天津市滨海新区志敏养殖场,2026-05-05 10:16:00,20.7,20.10650000000001,random_forest,8.47,8.427350000000006,random_forest,8.67,7.252549999999997,random_forest,0.237,0.16390500000000002,random_forest,16.638,16.592,baseline,0.177,0.04479999999999999,knn
天津市滨海新区志敏养殖场,2026-05-05 15:37:00,20.6,19.554500000000008,random_forest,8.39,8.281499999999998,random_forest,8.64,8.123499999999988,random_forest,0.195,0.1632750000000001,random_forest,16.801,16.638,baseline,0.054,0.0606,knn
天津市滨海新区志敏养殖场,2026-05-05 21:27:00,17.8,19.533,random_forest,8.1,8.1307,random_forest,9.74,9.105100000000006,random_forest,0.14,0.162245,random_forest,16.682,16.801,baseline,0.284,0.06219999999999999,knn
天津市滨海新区志敏养殖场,2026-05-06 00:05:00,19.1,19.093000000000007,random_forest,7.3,7.143249999999996,random_forest,9.84,9.543100000000003,random_forest,0.052,0.1663249999999999,random_forest,16.643,16.682,baseline,0.1,0.0502,knn
天津市滨海新区志敏养殖场,2026-05-06 05:59:00,19.7,20.002999999999997,random_forest,6.7,7.116550000000001,random_forest,8.75,7.348949999999999,random_forest,0.141,0.17501499999999992,random_forest,16.705,16.643,baseline,0.023,0.1658,knn
天津市滨海新区志敏养殖场,2026-05-06 10:37:00,19.5,20.784999999999982,random_forest,8.47,8.41305000000001,random_forest,9.33,6.988849999999994,random_forest,0.163,0.1942899999999999,random_forest,16.814,16.705,baseline,0.137,0.0782,knn
天津市滨海新区志敏养殖场,2026-05-06 15:55:00,19.6,19.449500000000015,random_forest,8.31,8.28845,random_forest,8.2,8.038499999999994,random_forest,0.188,0.16128500000000007,random_forest,16.746,16.814,baseline,0.37,0.08679999999999999,knn
天津市滨海新区志敏养殖场,2026-05-06 21:08:00,20.1,18.930000000000014,random_forest,8.19,8.10775,random_forest,6.53,9.316400000000002,random_forest,0.149,0.16465499999999994,random_forest,16.604,16.746,baseline,0.031,0.073,knn
天津市滨海新区志敏养殖场,2026-05-07 00:37:00,18.5,19.210000000000015,random_forest,7.01,7.1720500000000085,random_forest,10.52,9.354599999999998,random_forest,0.176,0.16243499999999986,random_forest,16.816,16.604,baseline,0.052,0.1068,knn
天津市滨海新区志敏养殖场,2026-05-07 05:34:00,21.2,20.486,random_forest,7.06,7.193550000000003,random_forest,6.89,7.6596500000000045,random_forest,0.114,0.18771499999999997,random_forest,16.869,16.816,baseline,0.064,0.0908,knn
天津市滨海新区志敏养殖场,2026-05-07 10:23:00,20.6,20.2845,random_forest,8.38,8.417199999999996,random_forest,5.52,6.9613,random_forest,0.184,0.16949500000000003,random_forest,16.946,16.869,baseline,0.059,0.058199999999999995,knn
天津市滨海新区志敏养殖场,2026-05-07 15:39:00,19.2,19.807500000000008,random_forest,8.38,8.232250000000006,random_forest,8.31,7.775149999999994,random_forest,0.292,0.16685000000000003,random_forest,17.091,16.946,baseline,0.029,0.055200000000000006,knn
天津市滨海新区志敏养殖场,2026-05-07 21:00:00,19.3,19.25400000000001,random_forest,8.07,8.103899999999996,random_forest,9.37,9.567799999999995,random_forest,0.186,0.15978499999999995,random_forest,17.051,17.091,baseline,0.059,0.0856,knn
天津市滨海新区志敏养殖场,2026-05-08 00:38:00,19.8,18.959999999999994,random_forest,7.01,7.049849999999999,random_forest,9.98,9.459299999999997,random_forest,0.244,0.169905,random_forest,17.039,17.051,baseline,0.04,0.13940000000000002,knn
天津市滨海新区志敏养殖场,2026-05-08 05:37:00,19.7,20.31749999999998,random_forest,7.45,7.08565,random_forest,8.69,7.625199999999995,random_forest,0.081,0.18005000000000024,random_forest,17.112,17.039,baseline,0.053,0.08499999999999999,knn
天津市滨海新区志敏养殖场,2026-05-08 10:11:00,21.8,20.601999999999993,random_forest,8.51,8.419299999999998,random_forest,5.79,6.996650000000001,random_forest,0.259,0.169485,random_forest,17.312,17.112,baseline,0.038,0.18159999999999998,knn
天津市滨海新区志敏养殖场,2026-05-08 15:48:00,18.4,19.747999999999998,random_forest,8.42,8.247900000000005,random_forest,8.58,7.750599999999995,random_forest,0.175,0.16949999999999998,random_forest,17.211,17.312,baseline,0.036,0.11640000000000002,knn
天津市滨海新区志敏养殖场,2026-05-08 21:26:00,19.5,19.2035,random_forest,8.02,8.109550000000008,random_forest,9.84,9.2698,random_forest,0.264,0.17390000000000005,random_forest,17.081,17.211,baseline,0.055,0.053200000000000004,knn
天津市滨海新区志敏养殖场,2026-05-09 00:15:00,20.3,19.211000000000006,random_forest,7.14,7.135749999999999,random_forest,9.47,9.196450000000004,random_forest,0.249,0.16788499999999998,random_forest,17.064,17.081,baseline,0.218,0.0772,knn
天津市滨海新区志敏养殖场,2026-05-09 05:51:00,18.6,20.733999999999984,random_forest,8.4,7.0735499999999965,random_forest,9.45,7.369299999999996,random_forest,0.133,0.17947499999999994,random_forest,17.106,17.064,baseline,0.069,0.062,knn
天津市滨海新区志敏养殖场,2026-05-09 10:15:00,18.3,20.39399999999997,random_forest,8.28,8.44105,random_forest,8.77,8.370949999999993,random_forest,0.113,0.165755,random_forest,17.009,17.106,baseline,0.134,0.1442,knn
天津市滨海新区志敏养殖场,2026-05-09 15:51:00,20.2,19.258499999999998,random_forest,8.22,8.254550000000002,random_forest,3.6,8.859099999999996,random_forest,0.082,0.16265500000000008,random_forest,17.166,17.009,baseline,0.085,0.063,knn
天津市滨海新区志敏养殖场,2026-05-09 21:00:00,17.9,19.1735,random_forest,8.0,7.954499999999995,random_forest,9.53,9.094950000000006,random_forest,0.158,0.15395499999999993,random_forest,17.14,17.166,baseline,0.039,0.0756,knn
天津市滨海新区志敏养殖场,2026-05-10 00:08:00,18.9,19.57300000000001,random_forest,6.51,7.057450000000001,random_forest,9.58,8.895100000000008,random_forest,0.23,0.17732000000000003,random_forest,17.207,17.14,baseline,0.062,0.05820000000000001,knn
天津市滨海新区志敏养殖场,2026-05-10 05:44:00,18.7,20.171000000000006,random_forest,7.47,7.20685,random_forest,8.88,7.5592500000000005,random_forest,0.127,0.17222000000000012,random_forest,17.166,17.207,baseline,0.191,0.07,knn
天津市滨海新区志敏养殖场,2026-05-10 10:27:00,22.0,19.814000000000007,random_forest,8.31,8.404599999999999,random_forest,8.23,8.165000000000004,random_forest,0.166,0.1755150000000001,random_forest,17.026,17.166,baseline,0.461,0.09520000000000002,knn
天津市滨海新区志敏养殖场,2026-05-10 15:36:00,19.2,19.14200000000001,random_forest,8.27,8.240850000000009,random_forest,9.37,7.711150000000003,random_forest,0.199,0.17022999999999988,random_forest,17.13,17.026,baseline,0.111,0.1046,knn
天津市滨海新区志敏养殖场,2026-05-10 21:28:00,19.1,19.035,random_forest,8.14,8.147449999999997,random_forest,9.54,9.432499999999997,random_forest,0.14,0.16567000000000004,random_forest,17.11,17.13,baseline,0.077,0.10899999999999999,knn
天津市滨海新区志敏养殖场,2026-05-11 00:28:00,17.2,19.207000000000004,random_forest,7.16,7.2261500000000005,random_forest,11.02,9.668200000000008,random_forest,0.125,0.15819,random_forest,16.921,17.11,baseline,0.057,0.0454,knn
天津市滨海新区志敏养殖场,2026-05-11 05:54:00,18.8,20.118000000000006,random_forest,7.32,7.071399999999996,random_forest,8.76,8.574000000000003,random_forest,0.229,0.17079999999999998,random_forest,17.032,16.921,baseline,0.051,0.1122,knn
天津市滨海新区志敏养殖场,2026-05-11 10:35:00,21.5,19.92550000000001,random_forest,8.41,8.434199999999999,random_forest,5.78,8.167449999999995,random_forest,0.287,0.15298499999999998,random_forest,16.994,17.032,baseline,0.339,0.0366,knn
天津市滨海新区志敏养殖场,2026-05-11 15:26:00,18.6,19.619500000000006,random_forest,8.19,8.242650000000005,random_forest,8.76,7.819999999999997,random_forest,0.195,0.1598699999999999,random_forest,16.904,16.994,baseline,0.224,0.06420000000000001,knn
天津市滨海新区志敏养殖场,2026-05-11 21:17:00,18.4,18.984499999999997,random_forest,8.07,8.12145,random_forest,8.77,9.719800000000001,random_forest,0.183,0.16046500000000005,random_forest,16.973,16.904,baseline,0.059,0.1484,knn
天津市滨海新区志敏养殖场,2026-05-12 00:06:00,17.5,19.150000000000006,random_forest,7.13,7.1676,random_forest,10.59,9.44855,random_forest,0.104,0.1543399999999999,random_forest,17.006,16.973,baseline,0.197,0.0498,knn
天津市滨海新区志敏养殖场,2026-05-12 05:54:00,19.7,20.045,random_forest,6.9,7.044249999999996,random_forest,9.19,9.047200000000002,random_forest,0.137,0.18206000000000003,random_forest,17.072,17.006,baseline,0.114,0.08619999999999998,knn
天津市滨海新区志敏养殖场,2026-05-12 10:38:00,20.8,20.351000000000003,random_forest,8.38,8.43425000000001,random_forest,5.51,7.618299999999994,random_forest,0.131,0.164665,random_forest,17.006,17.072,baseline,0.091,0.1186,knn
天津市滨海新区志敏养殖场,2026-05-12 15:31:00,19.2,19.390999999999995,random_forest,8.33,8.26555,random_forest,8.83,7.801099999999994,random_forest,0.158,0.1753150000000001,random_forest,17.042,17.006,baseline,0.03,0.0664,knn
天津市滨海新区志敏养殖场,2026-05-12 21:06:00,20.5,19.160500000000013,random_forest,8.16,8.122599999999998,random_forest,9.02,9.450200000000002,random_forest,0.065,0.16806500000000002,random_forest,16.939,17.042,baseline,0.089,0.0492,knn
天津市滨海新区志敏养殖场,2026-05-13 00:11:00,18.1,18.966499999999993,random_forest,6.64,7.199199999999998,random_forest,10.06,9.134650000000004,random_forest,0.124,0.17598000000000016,random_forest,16.78,16.939,baseline,0.086,0.10499999999999998,knn
天津市滨海新区志敏养殖场,2026-05-13 05:59:00,19.6,20.47249999999999,random_forest,7.49,7.0795,random_forest,9.47,8.847150000000001,random_forest,0.16,0.17918500000000012,random_forest,16.757,16.78,baseline,0.034,0.08979999999999999,knn
天津市滨海新区志敏养殖场,2026-05-13 10:16:00,19.2,20.646,random_forest,8.41,8.444399999999991,random_forest,8.3,6.992249999999999,random_forest,0.191,0.16809999999999994,random_forest,16.77,16.757,baseline,0.059,0.046000000000000006,knn
天津市滨海新区志敏养殖场,2026-05-13 15:37:00,18.9,19.649500000000014,random_forest,8.27,8.273500000000002,random_forest,8.43,8.132749999999994,random_forest,0.176,0.17452999999999988,random_forest,16.694,16.77,baseline,0.206,0.186,knn
天津市滨海新区志敏养殖场,2026-05-13 21:13:00,19.5,18.9345,random_forest,8.1,8.098749999999995,random_forest,9.83,9.652099999999997,random_forest,0.283,0.1590949999999999,random_forest,16.735,16.694,baseline,0.388,0.0448,knn
天津市滨海新区志敏养殖场,2026-05-14 00:27:00,19.8,18.83000000000002,random_forest,7.12,6.989650000000001,random_forest,9.67,9.39305,random_forest,0.133,0.16319000000000003,random_forest,16.738,16.735,baseline,0.049,0.1528,knn
天津市滨海新区志敏养殖场,2026-05-14 05:45:00,20.5,20.614499999999985,random_forest,7.17,7.0599,random_forest,9.52,7.285449999999997,random_forest,0.285,0.18055999999999997,random_forest,16.59,16.738,baseline,0.065,0.1766,knn
天津市滨海新区志敏养殖场,2026-05-14 10:13:00,21.0,20.286499999999997,random_forest,8.41,8.438000000000002,random_forest,5.97,7.010199999999995,random_forest,0.173,0.17102500000000004,random_forest,16.68,16.59,baseline,0.029,0.17040000000000002,knn
天津市滨海新区志敏养殖场,2026-05-14 15:53:00,17.6,19.852,random_forest,8.3,8.276049999999996,random_forest,8.71,7.8670499999999945,random_forest,0.152,0.17864500000000003,random_forest,16.889,16.68,baseline,0.031,0.08460000000000001,knn
天津市滨海新区志敏养殖场,2026-05-14 21:13:00,16.8,19.390499999999992,random_forest,8.04,8.1515,random_forest,10.71,9.525400000000001,random_forest,0.198,0.16732,random_forest,16.784,16.889,baseline,0.026,0.18080000000000002,knn
天津市滨海新区志敏养殖场,2026-05-15 00:33:00,21.2,18.775500000000008,random_forest,7.06,7.118099999999998,random_forest,3.92,9.617900000000008,random_forest,0.136,0.17691500000000002,random_forest,16.609,16.784,baseline,0.054,0.1014,knn
天津市滨海新区志敏养殖场,2026-05-15 05:42:00,20.5,20.56349999999999,random_forest,6.65,7.239999999999998,random_forest,6.85,6.510099999999998,random_forest,0.229,0.17077999999999996,random_forest,16.608,16.609,baseline,0.097,0.0704,knn
天津市滨海新区志敏养殖场,2026-05-15 10:17:00,20.0,20.741999999999983,random_forest,8.26,8.4086,random_forest,8.25,6.45215,random_forest,0.072,0.17262999999999998,random_forest,16.558,16.608,baseline,0.056,0.0576,knn
天津市滨海新区志敏养殖场,2026-05-15 15:35:00,18.7,19.13000000000001,random_forest,8.21,8.243450000000001,random_forest,8.74,7.938349999999998,random_forest,0.121,0.16443000000000008,random_forest,16.528,16.558,baseline,0.063,0.11300000000000002,knn
天津市滨海新区志敏养殖场,2026-05-15 21:27:00,19.6,18.677,random_forest,8.09,8.125399999999996,random_forest,9.01,9.542149999999998,random_forest,0.18,0.161935,random_forest,16.56,16.528,baseline,0.068,0.1016,knn
天津市滨海新区志敏养殖场,2026-05-16 00:30:00,17.6,19.523500000000016,random_forest,7.12,6.931049999999995,random_forest,9.34,9.453350000000007,random_forest,0.179,0.1727150000000001,random_forest,16.677,16.56,baseline,0.079,0.0964,knn
天津市滨海新区志敏养殖场,2026-05-16 05:36:00,19.6,20.6835,random_forest,7.5,6.998049999999991,random_forest,9.23,8.444800000000004,random_forest,0.133,0.16031999999999996,random_forest,16.686,16.677,baseline,0.061,0.05620000000000001,knn
天津市滨海新区志敏养殖场,2026-05-16 10:31:00,18.7,20.607500000000012,random_forest,8.33,8.439250000000005,random_forest,9.49,7.5969499999999925,random_forest,0.095,0.16793999999999992,random_forest,16.618,16.686,baseline,0.022,0.13920000000000002,knn
天津市滨海新区志敏养殖场,2026-05-16 15:31:00,18.6,19.6625,random_forest,8.2,8.297849999999999,random_forest,9.45,8.505349999999998,random_forest,0.246,0.17106500000000005,random_forest,16.558,16.618,baseline,0.069,0.0994,knn
天津市滨海新区志敏养殖场,2026-05-16 21:00:00,17.8,19.27100000000001,random_forest,8.18,8.137849999999997,random_forest,9.82,9.761650000000001,random_forest,0.182,0.16123,random_forest,16.745,16.558,baseline,0.066,0.15,knn
天津市滨海新区志敏养殖场,2026-05-17 00:15:00,20.1,19.3975,random_forest,7.26,6.969349999999991,random_forest,9.33,9.608600000000003,random_forest,0.198,0.15387999999999996,random_forest,16.681,16.745,baseline,0.058,0.045799999999999993,knn
天津市滨海新区志敏养殖场,2026-05-17 05:54:00,22.0,20.463499999999982,random_forest,7.26,7.064999999999997,random_forest,3.49,7.331800000000004,random_forest,0.128,0.16064,random_forest,16.62,16.681,baseline,0.087,0.0698,knn
天津市滨海新区志敏养殖场,2026-05-17 10:29:00,21.6,20.288,random_forest,8.52,8.401349999999995,random_forest,8.14,7.492499999999998,random_forest,0.283,0.17225,random_forest,16.646,16.62,baseline,0.028,0.08460000000000001,knn
天津市滨海新区志敏养殖场,2026-05-17 15:54:00,18.2,19.488999999999997,random_forest,8.24,8.263650000000002,random_forest,8.82,7.229699999999992,random_forest,0.102,0.16280000000000008,random_forest,16.568,16.646,baseline,0.057,0.06260000000000002,knn
天津市滨海新区志敏养殖场,2026-05-17 21:27:00,18.9,18.909000000000013,random_forest,8.13,8.113100000000001,random_forest,10.26,9.306000000000003,random_forest,0.131,0.17970500000000011,random_forest,16.532,16.568,baseline,0.17,0.064,knn
天津市滨海新区志敏养殖场,2026-05-18 00:16:00,19.4,19.06600000000001,random_forest,7.3,7.245000000000002,random_forest,9.47,9.574050000000002,random_forest,0.105,0.1761,random_forest,16.56,16.532,baseline,0.091,0.09759999999999999,knn
天津市滨海新区志敏养殖场,2026-05-18 05:52:00,20.7,20.704499999999975,random_forest,6.76,7.018499999999997,random_forest,9.28,7.359399999999994,random_forest,0.282,0.17596999999999993,random_forest,16.591,16.56,baseline,0.031,0.0692,knn
天津市滨海新区志敏养殖场,2026-05-18 10:19:00,19.9,20.838,random_forest,8.36,8.4488,random_forest,7.74,6.791799999999995,random_forest,0.232,0.16284999999999986,random_forest,16.627,16.591,baseline,0.07,0.0828,knn
天津市滨海新区志敏养殖场,2026-05-18 15:55:00,21.6,19.586000000000006,random_forest,8.05,8.264550000000003,random_forest,8.64,7.873650000000001,random_forest,0.162,0.17532499999999993,random_forest,16.559,16.627,baseline,0.144,0.131,knn
天津市滨海新区志敏养殖场,2026-05-18 21:14:00,20.1,19.00850000000001,random_forest,8.13,8.109849999999993,random_forest,5.16,9.119950000000003,random_forest,0.238,0.18484999999999993,random_forest,16.605,16.559,baseline,0.09,0.0466,knn
天津市滨海新区志敏养殖场,2026-05-19 00:02:00,17.3,19.016000000000016,random_forest,6.5,7.0727499999999965,random_forest,10.26,9.0201,random_forest,0.217,0.17624000000000006,random_forest,16.57,16.605,baseline,0.167,0.11539999999999999,knn
天津市滨海新区志敏养殖场,2026-05-19 05:39:00,21.1,20.195000000000007,random_forest,6.76,7.539349999999994,random_forest,9.02,8.837349999999997,random_forest,0.272,0.15861500000000003,random_forest,16.846,16.57,baseline,0.134,0.088,knn
天津市滨海新区志敏养殖场,2026-05-19 10:13:00,18.2,20.483500000000003,random_forest,8.38,8.440950000000004,random_forest,9.01,7.120099999999995,random_forest,0.15,0.18047499999999997,random_forest,16.86,16.846,baseline,0.021,0.0678,knn
天津市滨海新区志敏养殖场,2026-05-19 15:52:00,18.1,20.24849999999999,random_forest,8.19,8.301049999999995,random_forest,8.93,8.43515,random_forest,0.188,0.19718999999999995,random_forest,16.953,16.86,baseline,0.073,0.1478,knn
天津市滨海新区志敏养殖场,2026-05-19 21:00:00,18.1,18.54500000000002,random_forest,8.11,8.1571,random_forest,10.1,9.838549999999994,random_forest,0.109,0.17333,random_forest,17.028,16.953,baseline,0.111,0.07299999999999998,knn
天津市滨海新区志敏养殖场,2026-05-20 00:13:00,18.8,19.144000000000002,random_forest,7.19,7.078000000000003,random_forest,9.72,9.399650000000007,random_forest,0.154,0.15741999999999998,random_forest,17.029,17.028,baseline,0.091,0.1452,knn
天津市滨海新区志敏养殖场,2026-05-20 05:43:00,19.9,20.959999999999972,random_forest,7.02,7.054349999999997,random_forest,9.42,7.770150000000002,random_forest,0.145,0.18285500000000007,random_forest,16.959,17.029,baseline,0.112,0.09659999999999999,knn
天津市滨海新区志敏养殖场,2026-05-20 10:03:00,20.2,20.465500000000006,random_forest,8.42,8.448500000000008,random_forest,9.36,7.285799999999992,random_forest,0.143,0.17460999999999996,random_forest,16.912,16.959,baseline,0.1,0.038,knn
天津市滨海新区志敏养殖场,2026-05-20 15:54:00,18.0,19.184500000000014,random_forest,8.15,8.2642,random_forest,8.75,8.155949999999995,random_forest,0.24,0.16865499999999997,random_forest,16.889,16.912,baseline,0.485,0.11359999999999999,knn
天津市滨海新区志敏养殖场,2026-05-20 21:00:00,19.8,19.02800000000001,random_forest,8.04,8.11865,random_forest,9.71,9.822100000000002,random_forest,0.136,0.16620500000000013,random_forest,16.863,16.889,baseline,0.122,0.08039999999999999,knn
天津市滨海新区志敏养殖场,2026-05-21 00:29:00,18.9,18.9275,random_forest,6.75,7.176800000000004,random_forest,9.25,9.199900000000005,random_forest,0.15,0.16626999999999995,random_forest,16.854,16.863,baseline,0.028,0.051000000000000004,knn
天津市滨海新区志敏养殖场,2026-05-21 05:43:00,18.9,20.31449999999999,random_forest,7.04,7.274800000000003,random_forest,8.93,7.8402499999999975,random_forest,0.175,0.17804999999999999,random_forest,16.852,16.854,baseline,0.206,0.09659999999999999,knn
天津市滨海新区志敏养殖场,2026-05-21 10:12:00,22.1,20.599000000000014,random_forest,8.49,8.433600000000007,random_forest,3.32,7.499699999999995,random_forest,0.172,0.17140500000000003,random_forest,16.88,16.852,baseline,0.053,0.09819999999999998,knn
天津市滨海新区志敏养殖场,2026-05-21 15:58:00,21.1,19.450000000000014,random_forest,8.06,8.25075,random_forest,3.91,8.111399999999994,random_forest,0.293,0.16527500000000003,random_forest,16.87,16.88,baseline,0.096,0.05299999999999999,knn
天津市滨海新区志敏养殖场,2026-05-21 21:11:00,19.1,19.562500000000004,random_forest,8.09,8.107199999999997,random_forest,9.8,8.422750000000006,random_forest,0.116,0.16154500000000002,random_forest,16.949,16.87,baseline,0.091,0.08059999999999999,knn
天津市滨海新区志敏养殖场,2026-06-08 00:04:00,23.2,18.521,random_forest,8.22,7.115299999999996,random_forest,8.63,9.379600000000005,random_forest,0.192,0.160895,random_forest,16.972,16.949,baseline,0.088,0.0628,knn
天津市滨海新区志敏养殖场,2026-06-08 05:59:00,23.2,24.521500000000014,random_forest,7.06,7.392949999999996,random_forest,9.06,6.8250500000000045,random_forest,0.129,0.17036500000000007,random_forest,16.997,16.972,baseline,0.082,0.1326,knn
天津市滨海新区志敏养殖场,2026-06-08 10:33:00,25.7,24.36450000000001,random_forest,8.39,8.384050000000004,random_forest,7.47,7.174050000000003,random_forest,0.2,0.16247500000000006,random_forest,16.971,16.997,baseline,0.061,0.0664,knn
天津市滨海新区志敏养殖场,2026-06-08 15:51:00,25.3,23.8615,random_forest,8.22,8.27265,random_forest,5.92,7.361499999999996,random_forest,0.213,0.15876000000000007,random_forest,16.828,16.971,baseline,0.088,0.0712,knn
天津市滨海新区志敏养殖场,2026-06-08 21:12:00,22.0,23.482499999999995,random_forest,8.14,8.114600000000003,random_forest,9.45,7.486799999999999,random_forest,0.179,0.16906500000000008,random_forest,16.702,16.828,baseline,0.079,0.1314,knn
天津市滨海新区志敏养殖场,2026-06-09 00:19:00,23.6,23.546,random_forest,6.93,6.987550000000003,random_forest,5.3,8.39115000000001,random_forest,0.275,0.15918,random_forest,16.537,16.702,baseline,0.02,0.0712,knn
天津市滨海新区志敏养殖场,2026-06-09 05:40:00,22.3,24.28699999999999,random_forest,6.85,7.304350000000002,random_forest,8.16,7.157599999999998,random_forest,0.138,0.18997499999999998,random_forest,16.653,16.537,baseline,0.028,0.07980000000000001,knn
天津市滨海新区志敏养殖场,2026-06-09 10:02:00,23.7,24.6395,random_forest,8.29,8.40025,random_forest,8.24,6.825100000000003,random_forest,0.141,0.17745999999999998,random_forest,16.775,16.653,baseline,0.045,0.0716,knn
天津市滨海新区志敏养殖场,2026-06-09 15:42:00,24.0,24.085499999999993,random_forest,8.09,8.254400000000002,random_forest,8.45,7.052500000000001,random_forest,0.204,0.17310499999999995,random_forest,16.767,16.775,baseline,0.235,0.1086,knn
天津市滨海新区志敏养殖场,2026-06-09 21:09:00,23.0,23.84999999999999,random_forest,8.02,8.102699999999993,random_forest,6.08,7.420849999999996,random_forest,0.143,0.18149,random_forest,16.861,16.767,baseline,0.197,0.11259999999999999,knn
天津市滨海新区志敏养殖场,2026-06-10 00:08:00,23.8,23.163999999999998,random_forest,8.15,7.103300000000002,random_forest,6.56,7.333649999999999,random_forest,0.15,0.15861999999999996,random_forest,16.938,16.861,baseline,0.029,0.1034,knn
天津市滨海新区志敏养殖场,2026-06-10 05:54:00,24.6,24.582000000000004,random_forest,6.68,7.272099999999998,random_forest,5.74,6.913649999999999,random_forest,0.163,0.16397499999999984,random_forest,17.064,16.938,baseline,0.089,0.07139999999999999,knn
天津市滨海新区志敏养殖场,2026-06-10 10:04:00,22.2,24.503999999999998,random_forest,8.35,8.349249999999998,random_forest,5.11,7.230100000000002,random_forest,0.196,0.16496,random_forest,17.082,17.064,baseline,0.065,0.0996,knn
天津市滨海新区志敏养殖场,2026-06-10 15:30:00,24.8,24.053999999999995,random_forest,8.34,8.256699999999997,random_forest,6.38,7.219649999999997,random_forest,0.221,0.16692,random_forest,17.027,17.082,baseline,0.03,0.10600000000000001,knn
天津市滨海新区志敏养殖场,2026-06-10 21:09:00,22.6,23.798500000000004,random_forest,8.03,8.1108,random_forest,5.35,7.8442,random_forest,0.252,0.16764499999999993,random_forest,17.066,17.027,baseline,0.058,0.043000000000000003,knn
天津市滨海新区志敏养殖场,2026-06-11 00:24:00,23.6,23.7155,random_forest,7.42,7.0266499999999965,random_forest,8.78,7.50555,random_forest,0.236,0.18599500000000002,random_forest,17.122,17.066,baseline,0.044,0.11080000000000001,knn
天津市滨海新区志敏养殖场,2026-06-11 05:59:00,27.2,24.437499999999996,random_forest,6.91,7.161100000000005,random_forest,8.01,7.034300000000003,random_forest,0.091,0.16602500000000006,random_forest,17.169,17.122,baseline,0.217,0.11320000000000001,knn
天津市滨海新区志敏养殖场,2026-06-11 10:24:00,26.1,24.818999999999996,random_forest,8.49,8.375499999999994,random_forest,7.31,6.847500000000002,random_forest,0.187,0.17280999999999996,random_forest,17.014,17.169,baseline,0.067,0.1452,knn
天津市滨海新区志敏养殖场,2026-06-11 15:23:00,23.2,23.778999999999996,random_forest,8.4,8.253700000000007,random_forest,8.65,7.179749999999999,random_forest,0.29,0.16723499999999994,random_forest,16.838,17.014,baseline,0.097,0.09040000000000001,knn
天津市滨海新区志敏养殖场,2026-06-11 21:08:00,23.5,23.361999999999988,random_forest,8.05,8.118549999999997,random_forest,8.54,7.276350000000001,random_forest,0.059,0.16423000000000001,random_forest,16.916,16.838,baseline,0.09,0.11040000000000001,knn
天津市滨海新区志敏养殖场,2026-06-12 00:12:00,22.8,23.764500000000012,random_forest,7.29,7.259400000000003,random_forest,6.97,7.551250000000003,random_forest,0.101,0.17386500000000008,random_forest,16.993,16.916,baseline,0.099,0.17519999999999997,knn
天津市滨海新区志敏养殖场,2026-06-12 05:41:00,23.9,24.44849999999998,random_forest,7.41,7.229399999999999,random_forest,5.61,6.846799999999998,random_forest,0.269,0.17370499999999997,random_forest,17.081,16.993,baseline,0.036,0.14440000000000003,knn
天津市滨海新区志敏养殖场,2026-06-12 10:37:00,25.5,24.498999999999988,random_forest,8.38,8.432299999999998,random_forest,7.61,6.9031,random_forest,0.137,0.17707000000000003,random_forest,17.032,17.081,baseline,0.07,0.0786,knn
天津市滨海新区志敏养殖场,2026-06-12 15:54:00,24.0,23.9585,random_forest,8.13,8.240050000000002,random_forest,8.96,7.15405,random_forest,0.201,0.17386000000000007,random_forest,16.951,17.032,baseline,0.158,0.1056,knn
天津市滨海新区志敏养殖场,2026-06-12 21:10:00,22.7,23.628999999999984,random_forest,8.3,8.088799999999996,random_forest,6.62,7.385149999999999,random_forest,0.108,0.1801500000000001,random_forest,16.976,16.951,baseline,0.213,0.1036,knn
天津市滨海新区志敏养殖场,2026-06-13 00:23:00,24.8,23.076499999999992,random_forest,6.64,7.196849999999999,random_forest,5.72,6.9472000000000005,random_forest,0.132,0.1681349999999999,random_forest,16.912,16.976,baseline,0.081,0.08860000000000001,knn
天津市滨海新区志敏养殖场,2026-06-13 05:40:00,26.4,24.5765,random_forest,7.31,7.208849999999999,random_forest,6.8,7.0900500000000015,random_forest,0.197,0.16834000000000007,random_forest,16.639,16.912,baseline,0.092,0.0954,knn
天津市滨海新区志敏养殖场,2026-06-13 10:24:00,25.9,24.436,random_forest,8.47,8.39665,random_forest,6.36,7.138099999999998,random_forest,0.187,0.164645,random_forest,16.603,16.639,baseline,0.313,0.076,knn
天津市滨海新区志敏养殖场,2026-06-13 15:36:00,25.3,23.784499999999998,random_forest,8.26,8.244550000000004,random_forest,5.8,7.107699999999994,random_forest,0.199,0.15619499999999994,random_forest,16.569,16.603,baseline,0.475,0.0838,knn
天津市滨海新区志敏养殖场,2026-06-13 21:00:00,23.1,23.880500000000012,random_forest,7.98,8.095200000000006,random_forest,8.18,6.922749999999999,random_forest,0.241,0.16865499999999994,random_forest,16.423,16.569,baseline,0.079,0.0826,knn
天津市滨海新区志敏养殖场,2026-06-14 00:25:00,22.7,23.86,random_forest,7.24,7.264149999999997,random_forest,6.89,7.07795,random_forest,0.102,0.17103500000000005,random_forest,16.372,16.423,baseline,0.066,0.1006,knn
天津市滨海新区志敏养殖场,2026-06-14 05:45:00,24.3,24.720499999999998,random_forest,6.93,7.291199999999996,random_forest,8.39,6.862349999999997,random_forest,0.233,0.17005500000000004,random_forest,16.347,16.372,baseline,0.084,0.06559999999999999,knn
天津市滨海新区志敏养殖场,2026-06-14 10:22:00,21.9,24.40950000000001,random_forest,8.28,8.387800000000006,random_forest,5.94,6.737199999999999,random_forest,0.068,0.157815,random_forest,16.412,16.347,baseline,0.032,0.13679999999999998,knn
天津市滨海新区志敏养殖场,2026-06-14 15:53:00,25.1,23.621499999999987,random_forest,8.23,8.243700000000002,random_forest,6.67,7.322599999999997,random_forest,0.196,0.165625,random_forest,16.601,16.412,baseline,0.034,0.0722,knn
天津市滨海新区志敏养殖场,2026-06-14 21:00:00,21.8,23.947500000000012,random_forest,8.16,8.101800000000003,random_forest,9.35,7.939549999999998,random_forest,0.219,0.1628400000000001,random_forest,16.482,16.601,baseline,0.074,0.058800000000000005,knn
天津市滨海新区志敏养殖场,2026-06-15 00:30:00,21.5,23.252,random_forest,8.21,6.954999999999997,random_forest,6.34,7.541850000000002,random_forest,0.233,0.17072500000000002,random_forest,16.404,16.482,baseline,0.171,0.1434,knn
天津市滨海新区志敏养殖场,2026-06-15 05:45:00,25.0,23.243499999999997,random_forest,7.05,7.161450000000002,random_forest,8.29,7.604400000000003,random_forest,0.145,0.16858500000000004,random_forest,16.183,16.404,baseline,0.034,0.09440000000000001,knn
天津市滨海新区志敏养殖场,2026-06-15 10:14:00,24.8,24.784999999999997,random_forest,8.47,8.380849999999997,random_forest,7.94,6.970449999999997,random_forest,0.146,0.16652500000000003,random_forest,16.191,16.183,baseline,0.095,0.07260000000000001,knn
天津市滨海新区志敏养殖场,2026-06-15 15:36:00,23.9,24.187000000000012,random_forest,8.11,8.26555000000001,random_forest,8.34,6.808249999999998,random_forest,0.202,0.163705,random_forest,16.196,16.191,baseline,0.062,0.11280000000000001,knn
天津市滨海新区志敏养殖场,2026-06-15 21:04:00,22.7,23.5895,random_forest,8.2,8.123050000000001,random_forest,9.59,7.128549999999999,random_forest,0.269,0.16733500000000004,random_forest,16.146,16.196,baseline,0.093,0.10879999999999998,knn
天津市滨海新区志敏养殖场,2026-06-16 00:08:00,21.1,23.86,random_forest,6.97,6.989299999999994,random_forest,9.35,7.571849999999999,random_forest,0.223,0.16387999999999994,random_forest,16.145,16.146,baseline,0.069,0.09780000000000001,knn
天津市滨海新区志敏养殖场,2026-06-16 05:56:00,24.5,23.442500000000006,random_forest,7.48,7.044049999999998,random_forest,3.38,7.683450000000002,random_forest,0.161,0.16059500000000004,random_forest,16.054,16.145,baseline,0.097,0.05500000000000001,knn
天津市滨海新区志敏养殖场,2026-06-16 10:21:00,23.9,24.6035,random_forest,8.49,8.36024999999999,random_forest,8.24,6.943150000000003,random_forest,0.157,0.16888499999999992,random_forest,16.096,16.054,baseline,0.12,0.079,knn
天津市滨海新区志敏养殖场,2026-06-16 15:37:00,23.9,24.151999999999994,random_forest,8.15,8.267549999999998,random_forest,8.6,6.777900000000001,random_forest,0.26,0.16342499999999993,random_forest,15.993,16.096,baseline,0.024,0.0634,knn
天津市滨海新区志敏养殖场,2026-06-16 21:07:00,22.3,23.960499999999993,random_forest,8.17,8.105800000000002,random_forest,3.49,6.426999999999998,random_forest,0.165,0.16835499999999992,random_forest,16.026,15.993,baseline,0.104,0.18120000000000003,knn
天津市滨海新区志敏养殖场,2026-06-17 00:12:00,21.2,24.1305,random_forest,7.49,7.126300000000006,random_forest,3.47,7.663499999999998,random_forest,0.278,0.176705,random_forest,15.956,16.026,baseline,0.237,0.13299999999999998,knn
天津市滨海新区志敏养殖场,2026-06-17 05:40:00,23.2,23.574999999999992,random_forest,7.19,7.096750000000001,random_forest,3.37,7.183400000000002,random_forest,0.223,0.18449499999999996,random_forest,15.879,15.956,baseline,0.287,0.08120000000000001,knn
天津市滨海新区志敏养殖场,2026-06-17 10:33:00,24.9,24.831999999999994,random_forest,8.46,8.396499999999994,random_forest,5.43,6.603549999999998,random_forest,0.104,0.178655,random_forest,15.93,15.879,baseline,0.088,0.0732,knn
天津市滨海新区志敏养殖场,2026-06-17 15:53:00,24.0,24.329500000000003,random_forest,8.25,8.259799999999998,random_forest,8.36,6.831450000000001,random_forest,0.115,0.17894500000000008,random_forest,16.013,15.93,baseline,0.051,0.06699999999999999,knn
天津市滨海新区志敏养殖场,2026-06-17 21:28:00,22.9,23.077999999999996,random_forest,8.03,8.096850000000003,random_forest,9.26,6.738299999999996,random_forest,0.148,0.17711000000000002,random_forest,15.962,16.013,baseline,0.132,0.08520000000000001,knn
天津市滨海新区志敏养殖场,2026-06-18 00:27:00,23.6,23.33750000000002,random_forest,7.15,7.244700000000003,random_forest,6.38,7.363799999999997,random_forest,0.112,0.17088499999999995,random_forest,15.846,15.962,baseline,0.09,0.0872,knn
天津市滨海新区志敏养殖场,2026-06-18 05:39:00,24.4,23.976999999999997,random_forest,6.75,7.072599999999999,random_forest,9.03,7.438549999999997,random_forest,0.119,0.17166499999999998,random_forest,15.821,15.846,baseline,0.059,0.0494,knn
天津市滨海新区志敏养殖场,2026-06-18 10:13:00,26.3,24.724500000000006,random_forest,8.23,8.4356,random_forest,7.79,6.937799999999995,random_forest,0.23,0.15957500000000005,random_forest,15.734,15.821,baseline,0.226,0.0758,knn
天津市滨海新区志敏养殖场,2026-06-18 15:35:00,24.3,24.127500000000005,random_forest,8.13,8.223000000000003,random_forest,6.32,7.176949999999996,random_forest,0.181,0.16398000000000004,random_forest,15.827,15.734,baseline,0.353,0.0752,knn
天津市滨海新区志敏养殖场,2026-06-18 21:17:00,22.4,23.54999999999999,random_forest,8.07,8.105050000000002,random_forest,9.29,7.094550000000003,random_forest,0.232,0.17465999999999993,random_forest,15.924,15.827,baseline,0.06,0.07320000000000002,knn
天津市滨海新区志敏养殖场,2026-06-19 00:28:00,22.2,23.86200000000001,random_forest,6.93,7.089749999999998,random_forest,6.24,7.11275,random_forest,0.158,0.16367,random_forest,16.042,15.924,baseline,0.057,0.1246,knn
天津市滨海新区志敏养殖场,2026-06-19 05:46:00,23.8,24.367000000000004,random_forest,6.6,7.1232499999999925,random_forest,6.14,7.290150000000002,random_forest,0.298,0.16768500000000003,random_forest,16.142,16.042,baseline,0.042,0.08120000000000001,knn
天津市滨海新区志敏养殖场,2026-06-19 10:12:00,23.4,24.429499999999997,random_forest,8.5,8.409199999999995,random_forest,3.5,6.633650000000002,random_forest,0.188,0.169555,random_forest,16.144,16.142,baseline,0.033,0.2092,knn
天津市滨海新区志敏养殖场,2026-06-19 15:39:00,24.6,24.31099999999999,random_forest,8.1,8.217449999999996,random_forest,5.93,7.217200000000002,random_forest,0.16,0.17670500000000003,random_forest,16.227,16.144,baseline,0.065,0.13820000000000002,knn
天津市滨海新区志敏养殖场,2026-06-19 21:06:00,23.8,23.952000000000012,random_forest,8.0,8.113450000000002,random_forest,8.79,7.122350000000004,random_forest,0.195,0.1937199999999998,random_forest,16.222,16.227,baseline,0.084,0.08499999999999999,knn
天津市滨海新区志敏养殖场,2026-06-20 00:10:00,23.8,23.714499999999997,random_forest,7.12,7.161149999999995,random_forest,8.79,7.458099999999996,random_forest,0.141,0.188285,random_forest,16.16,16.222,baseline,0.469,0.0664,knn
天津市滨海新区志敏养殖场,2026-06-20 05:51:00,23.7,25.186500000000002,random_forest,6.65,7.142799999999998,random_forest,6.31,7.050500000000005,random_forest,0.193,0.17348999999999998,random_forest,16.127,16.16,baseline,0.033,0.11099999999999999,knn
天津市滨海新区志敏养殖场,2026-06-20 10:21:00,25.3,24.508999999999997,random_forest,8.56,8.389649999999996,random_forest,6.77,6.7651499999999976,random_forest,0.271,0.17698,random_forest,16.136,16.127,baseline,0.075,0.1086,knn
天津市滨海新区志敏养殖场,2026-06-20 15:55:00,22.8,23.928,random_forest,8.17,8.23205000000001,random_forest,6.47,7.0829499999999985,random_forest,0.107,0.16684500000000008,random_forest,16.119,16.136,baseline,0.081,0.084,knn
天津市滨海新区志敏养殖场,2026-06-20 21:17:00,24.5,23.225999999999978,random_forest,8.14,8.101049999999995,random_forest,5.42,7.549350000000003,random_forest,0.22,0.16394000000000003,random_forest,15.963,16.119,baseline,0.392,0.1766,knn
天津市滨海新区志敏养殖场,2026-06-21 00:18:00,23.5,23.9315,random_forest,8.21,7.20355,random_forest,3.76,7.615050000000002,random_forest,0.199,0.16976999999999998,random_forest,16.098,15.963,baseline,0.198,0.08480000000000001,knn
天津市滨海新区志敏养殖场,2026-06-21 05:59:00,23.6,24.562000000000012,random_forest,8.39,7.269900000000002,random_forest,8.73,6.879100000000002,random_forest,0.278,0.16985000000000006,random_forest,16.07,16.098,baseline,0.047,0.0492,knn
天津市滨海新区志敏养殖场,2026-06-21 10:25:00,24.2,24.23599999999999,random_forest,8.3,8.330049999999993,random_forest,5.46,6.970550000000002,random_forest,0.191,0.16845000000000013,random_forest,16.075,16.07,baseline,0.331,0.07420000000000002,knn
天津市滨海新区志敏养殖场,2026-06-21 15:43:00,23.8,24.488000000000007,random_forest,8.23,8.139350000000004,random_forest,8.64,7.158499999999996,random_forest,0.109,0.1797900000000001,random_forest,16.169,16.075,baseline,0.087,0.0718,knn
天津市滨海新区志敏养殖场,2026-06-21 21:11:00,23.1,23.359500000000004,random_forest,8.22,7.7723,random_forest,5.21,6.8849000000000045,random_forest,0.203,0.1653749999999999,random_forest,16.043,16.169,baseline,0.03,0.0498,knn
天津市滨海新区志敏养殖场,2026-06-22 00:23:00,22.4,23.98100000000001,random_forest,6.6,7.247999999999995,random_forest,5.28,7.4969500000000036,random_forest,0.116,0.1694549999999999,random_forest,16.038,16.043,baseline,0.064,0.046200000000000005,knn
天津市滨海新区志敏养殖场,2026-06-22 05:59:00,25.6,24.5975,random_forest,7.12,7.065700000000001,random_forest,8.95,7.2768,random_forest,0.062,0.17895499999999995,random_forest,16.021,16.038,baseline,0.204,0.058600000000000006,knn
天津市滨海新区志敏养殖场,2026-06-22 10:08:00,26.1,24.583499999999994,random_forest,8.37,8.397249999999998,random_forest,8.07,6.7209500000000055,random_forest,0.23,0.17493000000000003,random_forest,16.121,16.021,baseline,0.049,0.13,knn
天津市滨海新区志敏养殖场,2026-06-22 15:44:00,23.6,24.06750000000001,random_forest,8.33,8.210350000000007,random_forest,5.67,6.641099999999994,random_forest,0.151,0.18344000000000002,random_forest,16.078,16.121,baseline,0.082,0.0576,knn
天津市滨海新区志敏养殖场,2026-06-22 21:00:00,21.0,23.098499999999998,random_forest,7.97,8.1028,random_forest,6.47,7.3217,random_forest,0.101,0.18278499999999986,random_forest,16.013,16.078,baseline,0.037,0.0788,knn
天津市滨海新区志敏养殖场,2026-06-23 00:31:00,22.7,23.408500000000014,random_forest,6.73,7.1794499999999974,random_forest,9.49,7.3963499999999955,random_forest,0.137,0.17196500000000012,random_forest,16.081,16.013,baseline,0.081,0.0636,knn
天津市滨海新区志敏养殖场,2026-06-23 05:52:00,25.6,24.57849999999998,random_forest,8.48,7.079599999999999,random_forest,7.77,7.696550000000005,random_forest,0.173,0.18434499999999995,random_forest,16.016,16.081,baseline,0.097,0.0702,knn
天津市滨海新区志敏养殖场,2026-06-23 10:22:00,26.9,24.214000000000002,random_forest,8.5,8.417550000000004,random_forest,7.81,6.947349999999995,random_forest,0.095,0.16763000000000006,random_forest,15.859,16.016,baseline,0.299,0.05600000000000001,knn
天津市滨海新区志敏养殖场,2026-06-23 15:34:00,24.9,24.566499999999998,random_forest,8.21,8.259950000000002,random_forest,3.13,6.5204999999999975,random_forest,0.18,0.16815499999999997,random_forest,15.838,15.859,baseline,0.187,0.0792,knn
天津市滨海新区志敏养殖场,2026-06-23 21:05:00,22.1,23.878999999999987,random_forest,8.21,8.069150000000002,random_forest,5.33,7.120150000000001,random_forest,0.244,0.16567999999999997,random_forest,15.823,15.838,baseline,0.093,0.14279999999999998,knn
天津市滨海新区志敏养殖场,2026-06-24 00:13:00,22.7,23.792,random_forest,7.39,7.08535,random_forest,6.3,7.635700000000003,random_forest,0.272,0.16644499999999998,random_forest,15.847,15.823,baseline,0.095,0.07239999999999999,knn
天津市滨海新区志敏养殖场,2026-06-24 05:56:00,23.8,24.227500000000017,random_forest,6.66,7.100750000000004,random_forest,3.75,7.259399999999995,random_forest,0.19,0.16965999999999995,random_forest,15.756,15.847,baseline,0.431,0.11579999999999999,knn
天津市滨海新区志敏养殖场,2026-06-24 10:04:00,24.9,24.93649999999999,random_forest,8.43,8.3795,random_forest,5.12,6.667449999999997,random_forest,0.127,0.17325,random_forest,15.704,15.756,baseline,0.082,0.09559999999999999,knn
天津市滨海新区志敏养殖场,2026-06-24 15:48:00,24.2,24.242000000000008,random_forest,8.47,8.265500000000001,random_forest,8.22,6.615350000000001,random_forest,0.141,0.17059000000000019,random_forest,15.709,15.704,baseline,0.414,0.057800000000000004,knn
天津市滨海新区志敏养殖场,2026-06-24 21:22:00,24.2,23.169999999999995,random_forest,7.86,8.086750000000006,random_forest,5.33,6.94595,random_forest,0.249,0.17229500000000006,random_forest,15.751,15.709,baseline,0.074,0.058399999999999994,knn
天津市滨海新区志敏养殖场,2026-06-25 00:29:00,24.8,23.729500000000012,random_forest,7.21,7.217750000000002,random_forest,6.85,6.467599999999992,random_forest,0.181,0.17717499999999997,random_forest,15.636,15.751,baseline,0.066,0.1478,knn
天津市滨海新区志敏养殖场,2026-06-25 05:59:00,23.0,24.241500000000006,random_forest,6.78,7.314700000000004,random_forest,6.51,6.9046999999999965,random_forest,0.156,0.17327000000000012,random_forest,15.603,15.636,baseline,0.075,0.0666,knn
天津市滨海新区志敏养殖场,2026-06-25 10:03:00,24.3,24.346999999999994,random_forest,8.39,8.412300000000002,random_forest,5.41,6.8740999999999985,random_forest,0.125,0.15418500000000004,random_forest,15.523,15.603,baseline,0.081,0.14379999999999998,knn
天津市滨海新区志敏养殖场,2026-06-25 15:30:00,23.9,23.980999999999984,random_forest,8.16,8.236600000000008,random_forest,8.35,7.227449999999997,random_forest,0.085,0.16833500000000004,random_forest,15.588,15.523,baseline,0.205,0.0876,knn
天津市滨海新区志敏养殖场,2026-06-25 21:22:00,21.5,23.2865,random_forest,8.14,8.112950000000012,random_forest,8.86,7.575899999999999,random_forest,0.18,0.16774500000000006,random_forest,15.574,15.588,baseline,0.081,0.1368,knn
天津市滨海新区志敏养殖场,2026-06-26 00:34:00,22.6,23.562500000000004,random_forest,7.32,7.095400000000001,random_forest,6.63,7.532599999999997,random_forest,0.24,0.16718000000000002,random_forest,15.576,15.574,baseline,0.224,0.06,knn
天津市滨海新区志敏养殖场,2026-06-26 05:35:00,24.4,24.924499999999995,random_forest,7.01,7.122099999999994,random_forest,5.15,7.627200000000001,random_forest,0.243,0.15544000000000005,random_forest,15.564,15.576,baseline,0.099,0.08600000000000001,knn
天津市滨海新区志敏养殖场,2026-06-26 10:37:00,25.3,24.65699999999998,random_forest,8.23,8.43385,random_forest,7.34,6.967249999999998,random_forest,0.174,0.168735,random_forest,15.468,15.564,baseline,0.091,0.07239999999999999,knn
天津市滨海新区志敏养殖场,2026-06-26 15:31:00,23.6,23.949499999999993,random_forest,8.19,8.242250000000004,random_forest,8.36,7.03165,random_forest,0.092,0.15980500000000006,random_forest,15.564,15.468,baseline,0.043,0.092,knn
天津市滨海新区志敏养殖场,2026-06-26 21:04:00,24.3,23.289499999999997,random_forest,8.02,8.130400000000007,random_forest,3.37,6.913399999999996,random_forest,0.113,0.16863999999999993,random_forest,15.536,15.564,baseline,0.068,0.1192,knn
天津市滨海新区志敏养殖场,2026-06-27 00:21:00,25.5,23.370499999999996,random_forest,7.24,7.165449999999997,random_forest,8.88,7.5183999999999935,random_forest,0.197,0.17717499999999986,random_forest,15.532,15.536,baseline,0.081,0.0758,knn
天津市滨海新区志敏养殖场,2026-06-27 05:59:00,27.0,24.644999999999982,random_forest,7.19,7.113649999999998,random_forest,8.09,7.018749999999999,random_forest,0.152,0.16938000000000003,random_forest,15.339,15.532,baseline,0.093,0.0586,knn
天津市滨海新区志敏养殖场,2026-06-27 10:19:00,25.4,24.938999999999982,random_forest,8.34,8.376199999999992,random_forest,7.32,6.474549999999998,random_forest,0.101,0.16780499999999993,random_forest,15.337,15.339,baseline,0.029,0.05820000000000001,knn
天津市滨海新区志敏养殖场,2026-06-27 15:51:00,23.2,23.76500000000002,random_forest,8.22,8.241600000000004,random_forest,5.26,7.113249999999999,random_forest,0.134,0.17716500000000018,random_forest,15.298,15.337,baseline,0.196,0.0846,knn
天津市滨海新区志敏养殖场,2026-06-27 21:22:00,23.4,23.164999999999996,random_forest,7.95,8.128300000000003,random_forest,9.26,7.489949999999998,random_forest,0.138,0.17129000000000003,random_forest,15.265,15.298,baseline,0.09,0.08780000000000002,knn
天津市滨海新区志敏养殖场,2026-07-07 00:19:00,25.4,23.83300000000002,random_forest,6.85,7.0471,random_forest,9.07,6.955400000000005,random_forest,0.159,0.17123000000000005,random_forest,15.291,15.265,baseline,0.034,0.075,knn
天津市滨海新区志敏养殖场,2026-07-07 05:37:00,27.2,26.38099999999999,random_forest,7.42,7.0401,random_forest,8.12,7.068500000000001,random_forest,0.16,0.16827500000000006,random_forest,15.238,15.291,baseline,0.065,0.1748,knn
天津市滨海新区志敏养殖场,2026-07-07 10:36:00,27.2,27.147000000000006,random_forest,8.34,8.402149999999997,random_forest,6.59,6.750400000000003,random_forest,0.298,0.16709,random_forest,15.2,15.238,baseline,0.1,0.055200000000000006,knn
天津市滨海新区志敏养殖场,2026-07-07 15:23:00,25.5,27.0255,random_forest,8.27,8.174649999999996,random_forest,7.42,7.044549999999998,random_forest,0.186,0.16169999999999995,random_forest,15.178,15.2,baseline,0.021,0.0728,knn
天津市滨海新区志敏养殖场,2026-07-07 21:28:00,25.6,25.50999999999999,random_forest,7.94,8.101049999999994,random_forest,6.22,7.176050000000003,random_forest,0.193,0.18941500000000006,random_forest,15.124,15.178,baseline,0.09,0.0978,knn
天津市滨海新区志敏养殖场,2026-07-08 00:18:00,26.7,26.147000000000002,random_forest,6.85,7.228900000000003,random_forest,8.32,6.819700000000003,random_forest,0.247,0.18265000000000003,random_forest,15.032,15.124,baseline,0.099,0.14480000000000004,knn
天津市滨海新区志敏养殖场,2026-07-08 05:33:00,28.2,27.783000000000005,random_forest,8.45,7.272099999999994,random_forest,6.6,6.8633000000000015,random_forest,0.162,0.16285,random_forest,15.199,15.032,baseline,0.046,0.11440000000000002,knn
天津市滨海新区志敏养殖场,2026-07-08 10:25:00,29.0,27.840500000000016,random_forest,8.56,8.364599999999989,random_forest,5.05,6.857849999999993,random_forest,0.232,0.16504999999999992,random_forest,15.227,15.199,baseline,0.024,0.10800000000000001,knn
天津市滨海新区志敏养殖场,2026-07-08 15:25:00,28.0,26.755500000000016,random_forest,8.26,8.259900000000004,random_forest,6.8,6.986500000000001,random_forest,0.266,0.17232499999999998,random_forest,15.264,15.227,baseline,0.061,0.051000000000000004,knn
天津市滨海新区志敏养殖场,2026-07-08 21:04:00,27.4,26.19249999999998,random_forest,8.09,8.098799999999997,random_forest,8.3,6.867149999999996,random_forest,0.216,0.18044000000000018,random_forest,15.017,15.264,baseline,0.033,0.152,knn
天津市滨海新区志敏养殖场,2026-07-09 00:07:00,26.0,26.08600000000001,random_forest,7.03,7.076849999999995,random_forest,9.18,7.165399999999995,random_forest,0.193,0.17956999999999998,random_forest,15.083,15.017,baseline,0.085,0.1614,knn
天津市滨海新区志敏养殖场,2026-07-09 05:47:00,28.0,27.71449999999999,random_forest,6.82,7.226699999999997,random_forest,7.82,6.489100000000003,random_forest,0.167,0.16992499999999988,random_forest,15.219,15.083,baseline,0.085,0.15599999999999997,knn
天津市滨海新区志敏养殖场,2026-07-09 10:11:00,27.6,28.02099999999998,random_forest,8.3,8.384999999999996,random_forest,7.22,6.345399999999999,random_forest,0.263,0.1728699999999999,random_forest,15.334,15.219,baseline,0.098,0.1278,knn
天津市滨海新区志敏养殖场,2026-07-09 15:53:00,25.6,27.165000000000024,random_forest,8.23,8.1987,random_forest,7.77,6.3650499999999965,random_forest,0.115,0.18333499999999991,random_forest,15.296,15.334,baseline,0.403,0.1002,knn
天津市滨海新区志敏养殖场,2026-07-09 21:14:00,25.8,26.22550000000001,random_forest,8.09,8.088799999999999,random_forest,8.8,6.826299999999999,random_forest,0.066,0.16957500000000006,random_forest,15.442,15.296,baseline,0.051,0.053799999999999994,knn
天津市滨海新区志敏养殖场,2026-07-10 00:35:00,27.2,26.193500000000007,random_forest,7.14,7.338100000000002,random_forest,6.41,7.216249999999997,random_forest,0.068,0.15776500000000004,random_forest,15.54,15.442,baseline,0.148,0.07200000000000001,knn
天津市滨海新区志敏养殖场,2026-07-10 05:51:00,27.4,27.644499999999997,random_forest,7.22,7.157850000000003,random_forest,7.77,6.751450000000001,random_forest,0.164,0.16779499999999994,random_forest,15.565,15.54,baseline,0.062,0.0504,knn
天津市滨海新区志敏养殖场,2026-07-10 10:02:00,29.5,28.05399999999999,random_forest,8.49,8.420000000000002,random_forest,6.41,6.2545,random_forest,0.096,0.17303500000000002,random_forest,15.581,15.565,baseline,0.083,0.08680000000000002,knn
天津市滨海新区志敏养殖场,2026-07-10 15:44:00,27.4,27.103499999999993,random_forest,8.11,8.22325,random_forest,7.86,6.414850000000002,random_forest,0.202,0.16956000000000004,random_forest,15.499,15.581,baseline,0.042,0.1478,knn
天津市滨海新区志敏养殖场,2026-07-10 21:25:00,25.7,25.770500000000002,random_forest,8.06,8.093,random_forest,8.43,7.040249999999999,random_forest,0.255,0.16010500000000008,random_forest,15.487,15.499,baseline,0.098,0.134,knn
天津市滨海新区志敏养殖场,2026-07-11 00:15:00,25.4,26.106500000000004,random_forest,6.95,6.986699999999997,random_forest,8.4,7.228000000000001,random_forest,0.166,0.18425500000000003,random_forest,15.456,15.487,baseline,0.174,0.1566,knn
天津市滨海新区志敏养殖场,2026-07-11 05:49:00,24.1,27.761000000000035,random_forest,7.37,7.184199999999997,random_forest,5.32,6.792199999999995,random_forest,0.259,0.16443999999999995,random_forest,15.495,15.456,baseline,0.096,0.1596,knn
天津市滨海新区志敏养殖场,2026-07-11 10:05:00,25.8,26.992500000000017,random_forest,8.35,8.369249999999992,random_forest,5.28,6.422349999999999,random_forest,0.17,0.16766499999999993,random_forest,15.574,15.495,baseline,0.057,0.1422,knn
天津市滨海新区志敏养殖场,2026-07-11 15:29:00,28.5,26.54300000000001,random_forest,8.23,8.246699999999999,random_forest,7.57,6.227699999999995,random_forest,0.173,0.174875,random_forest,15.667,15.574,baseline,0.097,0.09079999999999999,knn
天津市滨海新区志敏养殖场,2026-07-11 21:01:00,25.5,25.8085,random_forest,8.08,8.070699999999995,random_forest,3.15,7.055899999999999,random_forest,0.083,0.17077999999999988,random_forest,15.702,15.667,baseline,0.085,0.1728,knn
天津市滨海新区志敏养殖场,2026-07-12 00:17:00,28.0,25.199500000000004,random_forest,7.24,7.0538,random_forest,5.92,7.118700000000001,random_forest,0.12,0.17333999999999988,random_forest,15.834,15.702,baseline,0.073,0.1266,knn
天津市滨海新区志敏养殖场,2026-07-12 05:59:00,26.1,27.97850000000002,random_forest,8.29,7.345800000000005,random_forest,9.05,6.929849999999999,random_forest,0.197,0.18805999999999998,random_forest,15.81,15.834,baseline,0.039,0.12040000000000002,knn
天津市滨海新区志敏养殖场,2026-07-12 10:21:00,26.9,27.736999999999988,random_forest,8.51,8.445650000000002,random_forest,6.61,6.9002,random_forest,0.157,0.17191000000000006,random_forest,15.823,15.81,baseline,0.07,0.0794,knn
天津市滨海新区志敏养殖场,2026-07-12 15:29:00,26.9,26.97950000000001,random_forest,8.15,8.19020000000001,random_forest,6.45,7.196199999999997,random_forest,0.166,0.16506500000000002,random_forest,15.811,15.823,baseline,0.079,0.083,knn
天津市滨海新区志敏养殖场,2026-07-12 21:10:00,27.3,25.903,random_forest,8.21,8.036950000000004,random_forest,6.52,6.432400000000001,random_forest,0.116,0.16505500000000006,random_forest,15.841,15.811,baseline,0.04,0.073,knn
天津市滨海新区志敏养殖场,2026-07-13 00:18:00,24.8,25.9635,random_forest,6.62,7.162150000000001,random_forest,9.41,7.064549999999993,random_forest,0.146,0.17904499999999998,random_forest,15.705,15.841,baseline,0.091,0.065,knn
天津市滨海新区志敏养殖场,2026-07-13 05:32:00,27.1,27.91250000000001,random_forest,6.61,7.134999999999999,random_forest,6.47,6.315249999999999,random_forest,0.171,0.17174499999999981,random_forest,15.721,15.705,baseline,0.081,0.1182,knn
天津市滨海新区志敏养殖场,2026-07-13 10:33:00,28.0,27.791000000000004,random_forest,8.34,8.375300000000005,random_forest,5.87,6.636899999999997,random_forest,0.104,0.1585449999999999,random_forest,15.614,15.721,baseline,0.024,0.0602,knn
天津市滨海新区志敏养殖场,2026-07-13 15:37:00,29.0,27.067000000000018,random_forest,8.29,8.269849999999993,random_forest,5.95,6.866850000000003,random_forest,0.271,0.16824999999999998,random_forest,15.62,15.614,baseline,0.358,0.0992,knn
天津市滨海新区志敏养殖场,2026-07-13 21:06:00,24.9,26.154499999999995,random_forest,7.95,8.087500000000002,random_forest,9.3,7.3545500000000015,random_forest,0.166,0.17250500000000005,random_forest,15.611,15.62,baseline,0.381,0.10659999999999999,knn
天津市滨海新区志敏养殖场,2026-07-14 00:15:00,27.2,26.388500000000025,random_forest,6.66,7.175900000000001,random_forest,5.91,6.6147500000000035,random_forest,0.166,0.17349499999999993,random_forest,15.652,15.611,baseline,0.026,0.1076,knn
天津市滨海新区志敏养殖场,2026-07-14 05:59:00,28.1,27.709,random_forest,7.2,7.40765,random_forest,7.63,6.787349999999999,random_forest,0.175,0.18680000000000002,random_forest,15.671,15.652,baseline,0.078,0.1558,knn
天津市滨海新区志敏养殖场,2026-07-14 10:16:00,27.1,27.785500000000006,random_forest,8.41,8.419900000000002,random_forest,6.51,6.393750000000001,random_forest,0.258,0.178085,random_forest,15.505,15.671,baseline,0.097,0.1524,knn
天津市滨海新区志敏养殖场,2026-07-14 15:30:00,26.4,27.324500000000015,random_forest,8.37,8.2098,random_forest,6.13,6.3870999999999984,random_forest,0.222,0.16416000000000003,random_forest,15.712,15.505,baseline,0.072,0.0742,knn
天津市滨海新区志敏养殖场,2026-07-14 21:15:00,25.6,26.0565,random_forest,8.01,8.088149999999997,random_forest,6.08,6.498449999999996,random_forest,0.075,0.17733999999999997,random_forest,15.704,15.712,baseline,0.089,0.0696,knn
天津市滨海新区志敏养殖场,2026-07-15 00:02:00,27.8,26.23550000000003,random_forest,6.52,7.1537000000000015,random_forest,8.2,7.454849999999998,random_forest,0.193,0.15785000000000005,random_forest,15.722,15.704,baseline,0.084,0.1226,knn
天津市滨海新区志敏养殖场,2026-07-15 05:58:00,27.2,27.939000000000014,random_forest,7.22,7.130199999999998,random_forest,6.55,6.945399999999999,random_forest,0.16,0.173615,random_forest,15.58,15.722,baseline,0.099,0.0788,knn
天津市滨海新区志敏养殖场,2026-07-15 10:34:00,28.0,27.96599999999998,random_forest,8.35,8.389499999999991,random_forest,6.89,6.326899999999998,random_forest,0.106,0.16806499999999994,random_forest,15.594,15.58,baseline,0.266,0.1038,knn
天津市滨海新区志敏养殖场,2026-07-15 15:53:00,26.6,27.26250000000001,random_forest,8.3,8.206850000000003,random_forest,5.05,6.876749999999996,random_forest,0.138,0.17319000000000004,random_forest,15.618,15.594,baseline,0.098,0.119,knn
天津市滨海新区志敏养殖场,2026-07-15 21:01:00,26.1,26.134,random_forest,8.08,8.098500000000003,random_forest,9.02,7.3150499999999985,random_forest,0.137,0.16538999999999995,random_forest,15.496,15.618,baseline,0.064,0.058199999999999995,knn
天津市滨海新区志敏养殖场,2026-07-16 00:35:00,27.3,26.126000000000005,random_forest,6.57,7.099849999999996,random_forest,6.39,6.9790500000000035,random_forest,0.178,0.17724999999999994,random_forest,15.446,15.496,baseline,0.095,0.05519999999999999,knn
天津市滨海新区志敏养殖场,2026-07-16 05:52:00,27.5,27.524,random_forest,6.52,7.093550000000002,random_forest,7.83,6.427100000000004,random_forest,0.124,0.18206500000000003,random_forest,15.354,15.446,baseline,0.024,0.1152,knn
天津市滨海新区志敏养殖场,2026-07-16 10:34:00,30.0,27.951499999999996,random_forest,8.49,8.39955000000001,random_forest,7.06,6.4928000000000035,random_forest,0.115,0.15844000000000005,random_forest,15.399,15.354,baseline,0.078,0.0668,knn
天津市滨海新区志敏养殖场,2026-07-16 15:47:00,26.3,27.16050000000002,random_forest,8.16,8.198799999999999,random_forest,7.81,6.195150000000001,random_forest,0.1,0.1704550000000001,random_forest,15.315,15.399,baseline,0.151,0.061399999999999996,knn
天津市滨海新区志敏养殖场,2026-07-16 21:27:00,25.5,26.12,random_forest,7.98,8.081200000000003,random_forest,6.99,6.925400000000001,random_forest,0.066,0.17526000000000003,random_forest,15.402,15.315,baseline,0.037,0.06420000000000001,knn
天津市滨海新区志敏养殖场,2026-07-17 00:38:00,25.8,26.18800000000003,random_forest,6.85,7.208600000000002,random_forest,5.03,7.253599999999998,random_forest,0.079,0.16435500000000006,random_forest,15.418,15.402,baseline,0.213,0.0918,knn
天津市滨海新区志敏养殖场,2026-07-17 05:49:00,28.9,27.709000000000014,random_forest,7.43,7.286949999999998,random_forest,6.88,6.87955,random_forest,0.115,0.16631000000000007,random_forest,15.308,15.418,baseline,0.029,0.0472,knn
天津市滨海新区志敏养殖场,2026-07-17 10:25:00,26.2,27.957000000000022,random_forest,8.42,8.431849999999999,random_forest,6.93,6.339499999999999,random_forest,0.251,0.17021500000000003,random_forest,15.328,15.308,baseline,0.078,0.0856,knn
天津市滨海新区志敏养殖场,2026-07-17 15:44:00,28.1,27.218000000000004,random_forest,8.27,8.19840000000001,random_forest,7.81,6.080149999999995,random_forest,0.29,0.17183999999999988,random_forest,15.254,15.328,baseline,0.309,0.1036,knn
天津市滨海新区志敏养殖场,2026-07-17 21:20:00,26.2,25.828000000000003,random_forest,8.06,8.072549999999996,random_forest,3.31,6.313999999999998,random_forest,0.18,0.16656000000000007,random_forest,15.382,15.254,baseline,0.066,0.19,knn
天津市滨海新区志敏养殖场,2026-07-18 00:05:00,25.4,26.068000000000016,random_forest,7.06,7.178500000000003,random_forest,6.36,6.773400000000001,random_forest,0.14,0.17767500000000006,random_forest,15.443,15.382,baseline,0.282,0.0568,knn
天津市滨海新区志敏养殖场,2026-07-18 05:46:00,24.7,27.746000000000002,random_forest,6.87,7.137400000000008,random_forest,8.91,6.5192999999999985,random_forest,0.158,0.18325499999999997,random_forest,15.455,15.443,baseline,0.082,0.1058,knn
天津市滨海新区志敏养殖场,2026-07-18 10:13:00,28.5,27.572500000000026,random_forest,8.34,8.373249999999999,random_forest,6.72,6.205399999999998,random_forest,0.151,0.16296,random_forest,15.306,15.455,baseline,0.151,0.0822,knn
天津市滨海新区志敏养殖场,2026-07-18 15:43:00,27.0,26.639499999999988,random_forest,8.33,8.215699999999996,random_forest,6.65,7.053550000000004,random_forest,0.106,0.17148000000000002,random_forest,15.349,15.306,baseline,0.047,0.1096,knn
天津市滨海新区志敏养殖场,2026-07-18 21:08:00,26.1,25.954,random_forest,8.21,8.063950000000007,random_forest,3.56,6.7507,random_forest,0.133,0.17028500000000005,random_forest,15.429,15.349,baseline,0.048,0.0648,knn
天津市滨海新区志敏养殖场,2026-07-19 00:06:00,26.8,26.247000000000007,random_forest,7.14,7.285999999999996,random_forest,5.5,7.510900000000001,random_forest,0.086,0.16479500000000005,random_forest,15.451,15.429,baseline,0.038,0.062,knn
天津市滨海新区志敏养殖场,2026-07-19 05:59:00,26.9,27.324500000000015,random_forest,7.17,7.072150000000001,random_forest,6.29,6.704099999999998,random_forest,0.15,0.1716499999999999,random_forest,15.583,15.451,baseline,0.079,0.1068,knn
天津市滨海新区志敏养殖场,2026-07-19 10:26:00,27.6,28.088500000000003,random_forest,8.35,8.379399999999995,random_forest,5.73,6.520499999999996,random_forest,0.223,0.17625499999999994,random_forest,15.505,15.583,baseline,0.086,0.1676,knn
天津市滨海新区志敏养殖场,2026-07-19 15:40:00,26.3,27.115999999999996,random_forest,8.26,8.214,random_forest,8.1,6.653,random_forest,0.295,0.17326,random_forest,15.424,15.505,baseline,0.089,0.0968,knn
天津市滨海新区志敏养殖场,2026-07-19 21:21:00,28.1,25.950999999999986,random_forest,7.99,8.084849999999996,random_forest,8.47,6.435199999999997,random_forest,0.152,0.17221000000000003,random_forest,15.194,15.424,baseline,0.051,0.1508,knn
天津市滨海新区志敏养殖场,2026-07-20 00:20:00,25.2,26.158999999999995,random_forest,6.51,7.201900000000002,random_forest,8.6,7.093549999999999,random_forest,0.174,0.17858999999999994,random_forest,15.16,15.194,baseline,0.194,0.13840000000000002,knn
天津市滨海新区志敏养殖场,2026-07-20 05:43:00,27.5,28.037500000000023,random_forest,6.54,7.24185,random_forest,3.0,6.418549999999998,random_forest,0.107,0.18071500000000004,random_forest,15.104,15.16,baseline,0.269,0.192,knn
天津市滨海新区志敏养殖场,2026-07-20 10:29:00,27.6,28.218999999999998,random_forest,8.35,8.406399999999993,random_forest,5.42,6.611149999999998,random_forest,0.244,0.17477499999999996,random_forest,15.059,15.104,baseline,0.084,0.10939999999999998,knn
天津市滨海新区志敏养殖场,2026-07-20 15:31:00,25.7,27.167500000000004,random_forest,8.25,8.213450000000002,random_forest,6.64,6.3020999999999985,random_forest,0.271,0.1871899999999998,random_forest,15.11,15.059,baseline,0.055,0.074,knn
天津市滨海新区志敏养殖场,2026-07-20 21:00:00,26.1,26.493999999999996,random_forest,8.16,8.051550000000004,random_forest,8.47,6.533050000000003,random_forest,0.114,0.1714549999999999,random_forest,15.128,15.11,baseline,0.098,0.13660000000000003,knn
天津市滨海新区志敏养殖场,2026-07-21 00:32:00,25.6,26.107999999999997,random_forest,6.96,7.266900000000005,random_forest,9.41,6.423149999999998,random_forest,0.216,0.17738000000000004,random_forest,15.409,15.128,baseline,0.079,0.048799999999999996,knn
天津市滨海新区志敏养殖场,2026-07-21 05:46:00,29.1,27.504500000000004,random_forest,7.18,7.098699999999995,random_forest,8.21,6.868149999999998,random_forest,0.083,0.17567499999999986,random_forest,15.368,15.409,baseline,0.089,0.0558,knn
天津市滨海新区志敏养殖场,2026-07-21 10:20:00,26.2,27.76400000000001,random_forest,8.27,8.393999999999998,random_forest,4.0,5.826799999999994,random_forest,0.086,0.1749450000000001,random_forest,15.471,15.368,baseline,0.082,0.14119999999999996,knn
天津市滨海新区志敏养殖场,2026-07-21 15:48:00,27.1,27.06550000000001,random_forest,8.32,8.227600000000004,random_forest,3.69,6.4811000000000005,random_forest,0.285,0.163905,random_forest,15.559,15.471,baseline,0.043,0.13199999999999998,knn
天津市滨海新区志敏养殖场,2026-07-21 21:00:00,25.0,26.231499999999997,random_forest,7.88,8.069550000000003,random_forest,8.19,7.226899999999996,random_forest,0.155,0.17061499999999996,random_forest,15.65,15.559,baseline,0.119,0.06300000000000001,knn
天津市滨海新区志敏养殖场,2026-07-22 00:24:00,29.2,26.446000000000037,random_forest,6.68,7.013299999999999,random_forest,7.98,6.641449999999997,random_forest,0.17,0.16988,random_forest,15.671,15.65,baseline,0.086,0.07320000000000002,knn
天津市滨海新区志敏养殖场,2026-07-22 05:59:00,28.3,27.939499999999995,random_forest,7.18,7.4811000000000005,random_forest,7.99,6.6871,random_forest,0.186,0.17186500000000005,random_forest,15.633,15.671,baseline,0.056,0.146,knn
天津市滨海新区志敏养殖场,2026-07-22 10:29:00,26.3,28.092999999999993,random_forest,8.25,8.379899999999997,random_forest,6.87,6.053649999999997,random_forest,0.105,0.18299999999999994,random_forest,15.629,15.633,baseline,0.04,0.08120000000000001,knn
天津市滨海新区志敏养殖场,2026-07-22 15:53:00,27.2,27.006499999999996,random_forest,8.18,8.200850000000004,random_forest,5.92,6.906550000000001,random_forest,0.264,0.1776000000000002,random_forest,15.634,15.629,baseline,0.03,0.07300000000000001,knn
天津市滨海新区志敏养殖场,2026-07-22 21:00:00,24.9,26.07799999999999,random_forest,8.13,8.0851,random_forest,9.44,7.436200000000002,random_forest,0.21,0.17204499999999992,random_forest,15.614,15.634,baseline,0.036,0.06239999999999999,knn
天津市滨海新区志敏养殖场,2026-07-23 00:36:00,26.8,26.624500000000012,random_forest,8.17,6.981249999999996,random_forest,6.01,6.700600000000001,random_forest,0.156,0.17185000000000009,random_forest,15.702,15.614,baseline,0.23,0.0626,knn
天津市滨海新区志敏养殖场,2026-07-23 05:59:00,28.8,27.519000000000023,random_forest,6.94,7.2373,random_forest,6.59,6.419849999999998,random_forest,0.244,0.1619150000000001,random_forest,15.588,15.702,baseline,0.201,0.2684,knn
天津市滨海新区志敏养殖场,2026-07-23 10:19:00,26.5,27.747000000000018,random_forest,8.59,8.373850000000001,random_forest,7.62,6.261750000000002,random_forest,0.213,0.177515,random_forest,15.682,15.588,baseline,0.043,0.0922,knn
天津市滨海新区志敏养殖场,2026-07-23 15:52:00,25.5,27.059000000000005,random_forest,8.3,8.247750000000002,random_forest,3.28,6.49015,random_forest,0.164,0.169275,random_forest,15.629,15.682,baseline,0.216,0.064,knn
天津市滨海新区志敏养殖场,2026-07-23 21:14:00,24.4,26.20900000000003,random_forest,8.06,8.107000000000001,random_forest,3.05,7.085300000000001,random_forest,0.152,0.16569499999999995,random_forest,15.674,15.629,baseline,0.066,0.0546,knn
天津市滨海新区志敏养殖场,2026-07-24 00:15:00,27.8,26.342500000000026,random_forest,6.54,7.080299999999998,random_forest,5.89,7.206349999999997,random_forest,0.148,0.17802500000000002,random_forest,15.686,15.674,baseline,0.046,0.0548,knn
天津市滨海新区志敏养殖场,2026-07-24 05:59:00,28.2,28.017500000000027,random_forest,7.11,7.24885,random_forest,8.54,6.885749999999999,random_forest,0.255,0.18257500000000007,random_forest,15.632,15.686,baseline,0.025,0.11560000000000001,knn
天津市滨海新区志敏养殖场,2026-07-24 10:21:00,28.1,27.731999999999992,random_forest,8.4,8.392699999999998,random_forest,6.38,6.605049999999998,random_forest,0.188,0.17861000000000005,random_forest,15.68,15.632,baseline,0.054,0.0828,knn
天津市滨海新区志敏养殖场,2026-07-24 15:46:00,27.8,27.031000000000013,random_forest,8.42,8.191450000000014,random_forest,7.6,6.833650000000006,random_forest,0.207,0.1714449999999999,random_forest,15.645,15.68,baseline,0.052,0.11579999999999999,knn
天津市滨海新区志敏养殖场,2026-07-24 21:00:00,27.2,25.610999999999994,random_forest,8.13,8.085249999999995,random_forest,9.05,6.793599999999998,random_forest,0.11,0.17816999999999994,random_forest,15.637,15.645,baseline,0.081,0.15539999999999998,knn
天津市滨海新区志敏养殖场,2026-07-25 00:20:00,27.8,26.17000000000001,random_forest,7.0,7.220899999999995,random_forest,8.48,7.392649999999998,random_forest,0.164,0.172225,random_forest,15.542,15.637,baseline,0.074,0.0702,knn
天津市滨海新区志敏养殖场,2026-07-25 05:57:00,26.3,27.4745,random_forest,7.24,7.126399999999994,random_forest,8.31,6.714949999999999,random_forest,0.188,0.19192499999999996,random_forest,15.597,15.542,baseline,0.081,0.0992,knn
天津市滨海新区志敏养殖场,2026-07-25 10:31:00,28.2,27.75,random_forest,8.4,8.368099999999991,random_forest,6.78,6.3854500000000005,random_forest,0.133,0.16460999999999998,random_forest,15.725,15.597,baseline,0.045,0.0904,knn
天津市滨海新区志敏养殖场,2026-07-25 15:48:00,25.7,27.175000000000022,random_forest,8.29,8.2075,random_forest,8.12,6.729749999999998,random_forest,0.177,0.168015,random_forest,15.828,15.725,baseline,0.073,0.09,knn
天津市滨海新区志敏养殖场,2026-07-25 21:00:00,26.1,25.992499999999996,random_forest,8.04,8.106,random_forest,3.61,7.282149999999997,random_forest,0.101,0.1637699999999999,random_forest,16.028,15.828,baseline,0.031,0.098,knn
天津市滨海新区志敏养殖场,2026-07-26 00:17:00,25.6,26.90500000000001,random_forest,6.77,7.204549999999999,random_forest,9.65,7.059650000000005,random_forest,0.19,0.17595499999999994,random_forest,15.909,16.028,baseline,0.269,0.067,knn
天津市滨海新区志敏养殖场,2026-07-26 05:35:00,28.0,27.957500000000003,random_forest,7.12,7.109549999999998,random_forest,7.75,6.782599999999999,random_forest,0.138,0.1794999999999999,random_forest,15.795,15.909,baseline,0.1,0.1162,knn
天津市滨海新区志敏养殖场,2026-07-26 10:24:00,27.2,27.964499999999994,random_forest,8.4,8.387350000000003,random_forest,6.81,6.264099999999997,random_forest,0.11,0.16036,random_forest,15.687,15.795,baseline,0.035,0.10600000000000001,knn
天津市滨海新区志敏养殖场,2026-07-26 15:53:00,25.9,27.029000000000018,random_forest,8.15,8.206550000000004,random_forest,5.46,6.886699999999999,random_forest,0.137,0.17800999999999992,random_forest,15.662,15.687,baseline,0.096,0.08439999999999999,knn
天津市滨海新区志敏养殖场,2026-07-26 21:01:00,25.8,26.383500000000005,random_forest,8.23,8.113450000000006,random_forest,6.34,7.349299999999995,random_forest,0.128,0.17156500000000005,random_forest,15.535,15.662,baseline,0.091,0.0626,knn
天津市滨海新区志敏养殖场,2026-08-11 00:08:00,28.6,25.796000000000014,random_forest,7.37,7.160949999999997,random_forest,6.25,6.8427999999999995,random_forest,0.122,0.17269,random_forest,15.576,15.535,baseline,0.051,0.061399999999999996,knn
天津市滨海新区志敏养殖场,2026-08-11 05:59:00,26.9,27.509000000000025,random_forest,6.81,7.3454000000000015,random_forest,8.47,6.974599999999996,random_forest,0.183,0.17287,random_forest,15.56,15.576,baseline,0.026,0.09960000000000001,knn
天津市滨海新区志敏养殖场,2026-08-11 10:15:00,30.7,28.052000000000007,random_forest,8.41,8.391150000000003,random_forest,6.25,6.332849999999999,random_forest,0.12,0.18242499999999987,random_forest,15.522,15.56,baseline,0.085,0.057999999999999996,knn
天津市滨海新区志敏养殖场,2026-08-11 15:26:00,27.9,27.038500000000003,random_forest,8.16,8.249699999999997,random_forest,6.87,6.848750000000006,random_forest,0.108,0.17773500000000003,random_forest,15.631,15.522,baseline,0.046,0.11699999999999999,knn
天津市滨海新区志敏养殖场,2026-08-11 21:12:00,25.9,25.820999999999998,random_forest,8.07,8.093999999999994,random_forest,5.04,6.8761500000000035,random_forest,0.136,0.1736199999999999,random_forest,15.616,15.631,baseline,0.231,0.12240000000000002,knn
天津市滨海新区志敏养殖场,2026-08-12 00:34:00,26.5,26.123000000000005,random_forest,6.67,7.204550000000004,random_forest,3.17,7.584699999999997,random_forest,0.213,0.16791,random_forest,15.511,15.616,baseline,0.051,0.2,knn
天津市滨海新区志敏养殖场,2026-08-12 05:58:00,26.4,27.73900000000001,random_forest,8.46,7.2059000000000015,random_forest,5.26,6.4292999999999925,random_forest,0.276,0.18301999999999985,random_forest,15.504,15.511,baseline,0.047,0.13479999999999998,knn
天津市滨海新区志敏养殖场,2026-08-12 10:24:00,26.8,28.13400000000001,random_forest,8.3,8.381949999999991,random_forest,6.88,6.802149999999998,random_forest,0.191,0.17315499999999998,random_forest,15.509,15.504,baseline,0.038,0.1068,knn
天津市滨海新区志敏养殖场,2026-08-12 15:56:00,26.0,27.203500000000016,random_forest,8.14,8.214750000000013,random_forest,6.89,6.396199999999994,random_forest,0.139,0.18497500000000003,random_forest,15.557,15.509,baseline,0.029,0.12240000000000002,knn
天津市滨海新区志敏养殖场,2026-08-12 21:06:00,26.6,26.258000000000006,random_forest,8.12,7.806550000000002,random_forest,8.33,6.96625,random_forest,0.183,0.18679500000000002,random_forest,15.48,15.557,baseline,0.451,0.0664,knn
天津市滨海新区志敏养殖场,2026-08-13 00:15:00,26.8,26.195999999999998,random_forest,7.38,7.093449999999998,random_forest,7.44,6.699899999999993,random_forest,0.298,0.17058000000000006,random_forest,15.376,15.48,baseline,0.042,0.119,knn
天津市滨海新区志敏养殖场,2026-08-13 05:59:00,28.3,27.60900000000001,random_forest,6.87,7.224449999999999,random_forest,5.34,6.303549999999996,random_forest,0.168,0.1610749999999999,random_forest,15.305,15.376,baseline,0.026,0.1006,knn
天津市滨海新区志敏养殖场,2026-08-13 10:34:00,28.7,27.544,random_forest,8.43,8.410050000000002,random_forest,7.47,6.700699999999997,random_forest,0.104,0.18580000000000005,random_forest,15.2,15.305,baseline,0.101,0.12560000000000002,knn
天津市滨海新区志敏养殖场,2026-08-13 15:39:00,26.6,27.08800000000001,random_forest,8.15,8.245649999999996,random_forest,7.51,6.664600000000003,random_forest,0.14,0.1808850000000001,random_forest,14.934,15.2,baseline,0.269,0.07620000000000002,knn
天津市滨海新区志敏养殖场,2026-08-13 21:17:00,26.5,26.12300000000002,random_forest,8.27,8.099900000000002,random_forest,5.95,7.250399999999994,random_forest,0.199,0.17596500000000012,random_forest,14.895,14.934,baseline,0.458,0.1372,knn
天津市滨海新区志敏养殖场,2026-08-14 00:32:00,26.5,25.817000000000018,random_forest,8.14,7.202550000000003,random_forest,5.14,6.849850000000001,random_forest,0.128,0.16217000000000004,random_forest,15.073,14.895,baseline,0.039,0.0804,knn
天津市滨海新区志敏养殖场,2026-08-14 05:59:00,25.4,26.855000000000018,random_forest,6.92,7.404099999999997,random_forest,3.65,7.065699999999993,random_forest,0.171,0.17477,random_forest,14.898,15.073,baseline,0.084,0.08700000000000001,knn
天津市滨海新区志敏养殖场,2026-08-14 10:12:00,27.2,27.57900000000002,random_forest,8.26,7.857399999999996,random_forest,8.5,6.189000000000001,random_forest,0.295,0.17839000000000002,random_forest,14.813,14.898,baseline,0.072,0.06339999999999998,knn
天津市滨海新区志敏养殖场,2026-08-14 15:30:00,24.7,27.315500000000014,random_forest,8.24,8.270949999999997,random_forest,7.99,5.913349999999997,random_forest,0.172,0.16354000000000002,random_forest,14.764,14.813,baseline,0.162,0.08600000000000001,knn
天津市滨海新区志敏养殖场,2026-08-14 21:00:00,26.8,26.451000000000036,random_forest,8.15,8.0972,random_forest,8.33,6.911000000000001,random_forest,0.195,0.1789550000000001,random_forest,14.715,14.764,baseline,0.139,0.0942,knn
天津市滨海新区志敏养殖场,2026-08-15 00:15:00,25.3,25.616499999999995,random_forest,6.86,7.268300000000003,random_forest,5.96,6.852800000000006,random_forest,0.179,0.17184499999999997,random_forest,14.703,14.715,baseline,0.321,0.1456,knn
天津市滨海新区志敏养殖场,2026-08-15 05:50:00,29.4,27.189500000000002,random_forest,6.79,7.046849999999998,random_forest,7.5,6.672199999999995,random_forest,0.243,0.1755200000000001,random_forest,14.765,14.703,baseline,0.215,0.1204,knn
天津市滨海新区志敏养殖场,2026-08-15 10:11:00,28.3,27.563500000000005,random_forest,8.5,8.412349999999996,random_forest,8.19,6.663599999999997,random_forest,0.122,0.16373500000000005,random_forest,14.881,14.765,baseline,0.068,0.0964,knn
天津市滨海新区志敏养殖场,2026-08-15 15:40:00,26.0,27.363999999999983,random_forest,8.3,8.210700000000005,random_forest,8.13,6.7806499999999925,random_forest,0.223,0.17046,random_forest,14.726,14.881,baseline,0.207,0.09140000000000001,knn
天津市滨海新区志敏养殖场,2026-08-15 21:18:00,24.9,26.069000000000013,random_forest,8.13,8.108250000000002,random_forest,8.71,7.171849999999999,random_forest,0.18,0.16683499999999996,random_forest,14.634,14.726,baseline,0.021,0.0502,knn
天津市滨海新区志敏养殖场,2026-08-16 00:34:00,26.3,26.688500000000023,random_forest,6.57,7.163549999999999,random_forest,6.26,7.2943500000000006,random_forest,0.288,0.17489999999999992,random_forest,14.645,14.634,baseline,0.099,0.0616,knn
天津市滨海新区志敏养殖场,2026-08-16 05:54:00,27.8,27.293999999999993,random_forest,7.3,7.2736500000000035,random_forest,7.38,7.0190499999999965,random_forest,0.162,0.16906999999999997,random_forest,14.665,14.645,baseline,0.081,0.1006,knn
天津市滨海新区志敏养殖场,2026-08-16 10:06:00,27.8,27.861999999999988,random_forest,8.39,8.398600000000004,random_forest,7.29,6.196849999999995,random_forest,0.116,0.16467000000000007,random_forest,14.596,14.665,baseline,0.053,0.07339999999999999,knn
天津市滨海新区志敏养殖场,2026-08-16 15:22:00,27.5,27.458999999999982,random_forest,8.23,8.201800000000006,random_forest,7.84,6.643549999999996,random_forest,0.108,0.17855000000000007,random_forest,14.595,14.596,baseline,0.254,0.11440000000000002,knn
天津市滨海新区志敏养殖场,2026-08-16 21:03:00,26.5,25.9435,random_forest,7.96,8.101600000000005,random_forest,8.93,6.9197500000000005,random_forest,0.268,0.16942500000000005,random_forest,14.606,14.595,baseline,0.08,0.1004,knn
天津市滨海新区志敏养殖场,2026-08-17 00:02:00,23.9,26.437999999999988,random_forest,8.21,7.044100000000004,random_forest,8.31,7.0077000000000025,random_forest,0.165,0.16152999999999992,random_forest,14.685,14.606,baseline,0.084,0.0748,knn
天津市滨海新区志敏养殖场,2026-08-17 05:35:00,28.2,26.657500000000024,random_forest,6.71,7.141850000000002,random_forest,6.03,6.850549999999995,random_forest,0.282,0.17370499999999997,random_forest,14.657,14.685,baseline,0.082,0.0424,knn
天津市滨海新区志敏养殖场,2026-08-17 10:32:00,26.8,27.414499999999993,random_forest,8.26,8.381650000000006,random_forest,6.05,6.543299999999999,random_forest,0.183,0.17313999999999996,random_forest,14.546,14.657,baseline,0.39,0.0806,knn
天津市滨海新区志敏养殖场,2026-08-17 15:47:00,27.6,27.273499999999977,random_forest,8.17,8.250200000000001,random_forest,7.67,6.4544999999999995,random_forest,0.119,0.173155,random_forest,14.424,14.546,baseline,0.271,0.09559999999999999,knn
天津市滨海新区志敏养殖场,2026-08-17 21:00:00,26.7,26.349499999999992,random_forest,8.2,8.07795,random_forest,6.38,6.464149999999998,random_forest,0.157,0.16976499999999997,random_forest,14.574,14.424,baseline,0.089,0.0456,knn
天津市滨海新区志敏养殖场,2026-08-18 00:22:00,27.4,26.280500000000007,random_forest,8.1,7.190349999999995,random_forest,7.89,7.131600000000004,random_forest,0.291,0.16646500000000003,random_forest,14.392,14.574,baseline,0.039,0.04340000000000001,knn
天津市滨海新区志敏养殖场,2026-08-18 05:53:00,28.8,27.112999999999992,random_forest,6.63,7.214150000000001,random_forest,3.42,6.6402,random_forest,0.121,0.16892500000000002,random_forest,14.431,14.392,baseline,0.091,0.0986,knn
天津市滨海新区志敏养殖场,2026-08-18 10:02:00,28.5,27.391,random_forest,8.36,8.229999999999995,random_forest,8.01,6.434550000000004,random_forest,0.2,0.17814499999999991,random_forest,14.374,14.431,baseline,0.268,0.0538,knn
天津市滨海新区志敏养殖场,2026-08-18 15:45:00,27.5,27.27399999999998,random_forest,8.3,8.236899999999997,random_forest,6.44,6.3416,random_forest,0.119,0.1776299999999999,random_forest,14.613,14.374,baseline,0.463,0.0758,knn
天津市滨海新区志敏养殖场,2026-08-18 21:00:00,25.3,25.940500000000014,random_forest,8.04,8.065000000000005,random_forest,6.47,6.0702,random_forest,0.168,0.17373500000000003,random_forest,14.686,14.613,baseline,0.075,0.0854,knn
天津市滨海新区志敏养殖场,2026-08-19 00:19:00,27.5,26.226499999999987,random_forest,6.63,7.26505,random_forest,8.39,7.135499999999996,random_forest,0.081,0.16732500000000008,random_forest,14.538,14.686,baseline,0.032,0.085,knn
天津市滨海新区志敏养殖场,2026-08-19 05:41:00,27.7,27.448499999999996,random_forest,6.57,7.300950000000001,random_forest,7.96,6.618449999999999,random_forest,0.208,0.1724599999999999,random_forest,14.495,14.538,baseline,0.095,0.054799999999999995,knn
天津市滨海新区志敏养殖场,2026-08-19 10:30:00,27.8,27.993999999999996,random_forest,8.36,8.390699999999997,random_forest,6.44,6.265899999999996,random_forest,0.138,0.16692,random_forest,14.553,14.495,baseline,0.07,0.038799999999999994,knn
天津市滨海新区志敏养殖场,2026-08-19 15:33:00,26.8,27.26200000000001,random_forest,8.23,8.204100000000004,random_forest,7.84,6.322799999999998,random_forest,0.103,0.15968500000000005,random_forest,14.581,14.553,baseline,0.118,0.0566,knn
天津市滨海新区志敏养殖场,2026-08-19 21:11:00,27.0,25.724500000000006,random_forest,8.21,8.070600000000002,random_forest,3.37,6.909700000000004,random_forest,0.102,0.16036999999999998,random_forest,14.469,14.581,baseline,0.032,0.0854,knn
天津市滨海新区志敏养殖场,2026-08-20 00:37:00,30.2,26.094000000000005,random_forest,6.52,7.223199999999999,random_forest,8.07,7.271950000000007,random_forest,0.245,0.1738200000000001,random_forest,14.46,14.469,baseline,0.076,0.0642,knn
天津市滨海新区志敏养殖场,2026-08-20 05:35:00,26.3,27.98349999999999,random_forest,6.75,7.4416500000000045,random_forest,8.15,6.488449999999999,random_forest,0.191,0.17944999999999994,random_forest,14.466,14.46,baseline,0.296,0.073,knn
天津市滨海新区志敏养殖场,2026-08-20 10:23:00,30.4,28.185999999999982,random_forest,8.46,8.418199999999997,random_forest,6.86,5.955999999999998,random_forest,0.178,0.17648,random_forest,14.485,14.466,baseline,0.088,0.05940000000000001,knn
天津市滨海新区志敏养殖场,2026-08-20 15:29:00,26.9,26.814000000000007,random_forest,8.46,8.222750000000005,random_forest,6.45,7.030050000000002,random_forest,0.159,0.18747500000000003,random_forest,14.671,14.485,baseline,0.233,0.06559999999999999,knn
天津市滨海新区志敏养殖场,2026-08-20 21:14:00,24.9,25.695,random_forest,8.1,8.094700000000007,random_forest,9.09,7.1646000000000045,random_forest,0.29,0.16645999999999997,random_forest,14.726,14.671,baseline,0.339,0.1288,knn
天津市滨海新区志敏养殖场,2026-08-21 00:24:00,23.5,26.274500000000003,random_forest,6.66,7.305349999999996,random_forest,6.31,7.172199999999999,random_forest,0.277,0.17150500000000016,random_forest,14.723,14.726,baseline,0.026,0.2252,knn
天津市滨海新区志敏养殖场,2026-08-21 05:38:00,28.7,25.807500000000008,random_forest,8.58,7.413149999999999,random_forest,3.56,6.556649999999998,random_forest,0.162,0.17454999999999998,random_forest,14.843,14.723,baseline,0.023,0.0776,knn
天津市滨海新区志敏养殖场,2026-08-21 10:12:00,27.3,27.456500000000002,random_forest,8.39,8.423249999999998,random_forest,8.51,6.807650000000004,random_forest,0.161,0.17587,random_forest,14.847,14.843,baseline,0.095,0.1092,knn
天津市滨海新区志敏养殖场,2026-08-21 15:22:00,26.9,27.17399999999999,random_forest,8.05,8.263600000000002,random_forest,7.36,6.421699999999992,random_forest,0.195,0.17893500000000015,random_forest,14.926,14.847,baseline,0.021,0.061399999999999996,knn
天津市滨海新区志敏养殖场,2026-08-21 21:21:00,25.1,26.35699999999999,random_forest,8.19,8.0919,random_forest,6.26,6.800599999999998,random_forest,0.148,0.18437500000000007,random_forest,15.012,14.926,baseline,0.076,0.1268,knn
天津市滨海新区志敏养殖场,2026-08-22 00:32:00,25.1,26.658000000000012,random_forest,6.98,7.257799999999998,random_forest,5.03,7.1281,random_forest,0.159,0.1798000000000001,random_forest,15.071,15.012,baseline,0.021,0.05700000000000001,knn
天津市滨海新区志敏养殖场,2026-08-22 05:49:00,26.8,27.28200000000002,random_forest,6.8,7.477999999999997,random_forest,6.59,6.688599999999997,random_forest,0.13,0.18124500000000002,random_forest,15.004,15.071,baseline,0.066,0.05800000000000001,knn
天津市滨海新区志敏养殖场,2026-08-22 10:20:00,28.8,28.247999999999998,random_forest,8.36,8.376199999999994,random_forest,5.72,6.414899999999996,random_forest,0.193,0.17070999999999995,random_forest,14.953,15.004,baseline,0.032,0.12,knn
天津市滨海新区志敏养殖场,2026-08-22 15:32:00,28.7,27.41900000000001,random_forest,8.02,8.2276,random_forest,6.87,6.277100000000001,random_forest,0.13,0.164665,random_forest,14.898,14.953,baseline,0.077,0.0894,knn
天津市滨海新区志敏养殖场,2026-08-22 21:27:00,24.2,25.759499999999992,random_forest,8.11,8.093,random_forest,6.81,7.462200000000001,random_forest,0.135,0.160295,random_forest,14.874,14.898,baseline,0.064,0.0852,knn
天津市滨海新区志敏养殖场,2026-08-23 00:21:00,24.3,26.503,random_forest,7.38,7.264499999999998,random_forest,5.74,6.637349999999995,random_forest,0.225,0.17552500000000001,random_forest,14.949,14.874,baseline,0.086,0.05639999999999999,knn
天津市滨海新区志敏养殖场,2026-08-23 05:59:00,26.8,26.874500000000033,random_forest,7.1,7.539199999999995,random_forest,7.58,7.042500000000005,random_forest,0.109,0.18244500000000008,random_forest,14.966,14.949,baseline,0.061,0.0982,knn
天津市滨海新区志敏养殖场,2026-08-23 10:22:00,28.2,27.691500000000005,random_forest,8.35,8.400549999999999,random_forest,8.25,6.927549999999992,random_forest,0.129,0.1639950000000001,random_forest,15.149,14.966,baseline,0.058,0.0972,knn
天津市滨海新区志敏养殖场,2026-08-23 15:49:00,27.4,27.41300000000001,random_forest,8.4,8.222950000000004,random_forest,8.09,6.424299999999999,random_forest,0.176,0.16725500000000007,random_forest,15.151,15.149,baseline,0.071,0.12599999999999997,knn
天津市滨海新区志敏养殖场,2026-08-23 21:00:00,27.5,26.417,random_forest,8.04,8.092149999999998,random_forest,3.06,6.661149999999999,random_forest,0.286,0.17063000000000014,random_forest,15.14,15.151,baseline,0.044,0.07060000000000001,knn
天津市滨海新区志敏养殖场,2026-08-24 00:20:00,26.8,26.079,random_forest,8.11,7.107250000000001,random_forest,7.78,7.056899999999995,random_forest,0.069,0.16450000000000006,random_forest,15.089,15.14,baseline,0.089,0.0976,knn
天津市滨海新区志敏养殖场,2026-08-24 05:59:00,27.5,27.528499999999998,random_forest,8.54,7.264200000000001,random_forest,5.49,6.919699999999999,random_forest,0.166,0.16862000000000002,random_forest,14.903,15.089,baseline,0.055,0.0504,knn
天津市滨海新区志敏养殖场,2026-08-24 10:38:00,27.8,27.88950000000001,random_forest,8.36,8.33805,random_forest,5.12,6.9702499999999965,random_forest,0.135,0.1767200000000001,random_forest,14.807,14.903,baseline,0.127,0.1812,knn
天津市滨海新区志敏养殖场,2026-08-24 15:39:00,28.4,27.129999999999985,random_forest,8.33,8.220450000000003,random_forest,8.07,6.75935,random_forest,0.185,0.17239499999999994,random_forest,14.502,14.807,baseline,0.031,0.11159999999999999,knn
天津市滨海新区志敏养殖场,2026-08-24 21:09:00,26.4,25.746500000000005,random_forest,8.1,8.104449999999996,random_forest,5.96,7.470049999999995,random_forest,0.18,0.17067500000000013,random_forest,14.535,14.502,baseline,0.023,0.055400000000000005,knn
天津市滨海新区志敏养殖场,2026-08-25 00:16:00,24.5,26.5735,random_forest,7.08,7.310849999999999,random_forest,5.86,6.585249999999993,random_forest,0.15,0.18105499999999997,random_forest,14.631,14.535,baseline,0.058,0.0846,knn
天津市滨海新区志敏养殖场,2026-08-25 05:45:00,28.0,27.42800000000002,random_forest,7.12,7.151450000000003,random_forest,6.18,6.467049999999997,random_forest,0.289,0.17728500000000003,random_forest,14.405,14.631,baseline,0.062,0.11539999999999999,knn
天津市滨海新区志敏养殖场,2026-08-25 10:05:00,27.4,28.039999999999996,random_forest,8.39,8.396700000000001,random_forest,5.54,6.55385,random_forest,0.25,0.17411499999999996,random_forest,14.305,14.405,baseline,0.034,0.072,knn
天津市滨海新区志敏养殖场,2026-08-25 15:38:00,26.5,27.303000000000008,random_forest,8.35,8.218400000000008,random_forest,7.91,6.281699999999998,random_forest,0.282,0.17430000000000004,random_forest,14.282,14.305,baseline,0.075,0.11600000000000002,knn
天津市滨海新区志敏养殖场,2026-08-25 21:00:00,24.8,25.94799999999999,random_forest,8.2,8.090249999999996,random_forest,8.93,6.445499999999997,random_forest,0.161,0.17373500000000008,random_forest,14.263,14.282,baseline,0.028,0.19460000000000002,knn
天津市滨海新区志敏养殖场,2026-08-26 00:19:00,27.1,26.272000000000006,random_forest,8.15,7.223949999999991,random_forest,8.63,6.684000000000001,random_forest,0.077,0.1703650000000001,random_forest,14.209,14.263,baseline,0.034,0.0948,knn
天津市滨海新区志敏养殖场,2026-08-26 05:46:00,27.4,27.1375,random_forest,6.56,7.191550000000001,random_forest,6.11,7.271950000000001,random_forest,0.249,0.1808899999999999,random_forest,14.279,14.209,baseline,0.466,0.14939999999999998,knn
天津市滨海新区志敏养殖场,2026-08-26 10:32:00,27.4,27.304499999999983,random_forest,8.33,8.127950000000004,random_forest,5.46,6.068949999999996,random_forest,0.241,0.17867000000000016,random_forest,14.179,14.279,baseline,0.066,0.06060000000000001,knn
天津市滨海新区志敏养殖场,2026-08-26 15:24:00,27.3,26.79099999999999,random_forest,8.18,8.2487,random_forest,7.49,6.890600000000002,random_forest,0.245,0.16640999999999997,random_forest,14.13,14.179,baseline,0.08,0.0988,knn
天津市滨海新区志敏养殖场,2026-08-26 21:22:00,27.8,26.01199999999999,random_forest,8.07,8.077,random_forest,8.35,6.999250000000001,random_forest,0.102,0.17031999999999997,random_forest,14.07,14.13,baseline,0.079,0.0602,knn
天津市滨海新区志敏养殖场,2026-08-27 00:34:00,27.9,25.973000000000006,random_forest,7.17,7.210899999999999,random_forest,5.38,6.818649999999991,random_forest,0.199,0.16904000000000002,random_forest,14.086,14.07,baseline,0.08,0.0916,knn
天津市滨海新区志敏养殖场,2026-08-27 05:39:00,28.2,27.863000000000003,random_forest,7.09,7.139849999999999,random_forest,6.08,6.775399999999994,random_forest,0.111,0.1705499999999999,random_forest,14.208,14.086,baseline,0.071,0.12480000000000002,knn
天津市滨海新区志敏养殖场,2026-08-27 10:18:00,27.5,28.045999999999985,random_forest,8.46,8.426500000000003,random_forest,6.84,6.465849999999996,random_forest,0.24,0.16940499999999997,random_forest,14.125,14.208,baseline,0.072,0.1046,knn
天津市滨海新区志敏养殖场,2026-08-27 15:50:00,25.7,26.84,random_forest,8.34,8.233900000000004,random_forest,7.74,7.08355,random_forest,0.167,0.17528000000000002,random_forest,14.019,14.125,baseline,0.032,0.1708,knn
天津市滨海新区志敏养殖场,2026-08-27 21:11:00,27.8,26.39750000000002,random_forest,7.95,8.094300000000006,random_forest,7.97,7.339150000000001,random_forest,0.114,0.16393999999999984,random_forest,14.077,14.019,baseline,0.075,0.053000000000000005,knn
天津市滨海新区志敏养殖场,2026-08-28 00:30:00,28.1,25.5825,random_forest,6.98,7.206049999999997,random_forest,8.11,6.592949999999998,random_forest,0.084,0.1706800000000001,random_forest,14.11,14.077,baseline,0.168,0.0766,knn
天津市滨海新区志敏养殖场,2026-08-28 05:45:00,27.7,27.51299999999998,random_forest,7.28,7.439800000000004,random_forest,8.38,6.555649999999996,random_forest,0.176,0.1675349999999999,random_forest,14.089,14.11,baseline,0.03,0.1006,knn
天津市滨海新区志敏养殖场,2026-08-28 10:30:00,27.9,28.058000000000007,random_forest,8.3,8.394750000000002,random_forest,6.89,6.465699999999996,random_forest,0.152,0.17870999999999995,random_forest,14.015,14.089,baseline,0.062,0.065,knn
天津市滨海新区志敏养殖场,2026-08-28 15:38:00,25.8,27.18099999999999,random_forest,8.21,8.216500000000002,random_forest,7.81,6.560599999999998,random_forest,0.194,0.16614500000000007,random_forest,13.981,14.015,baseline,0.071,0.09659999999999999,knn
天津市滨海新区志敏养殖场,2026-08-28 21:04:00,27.9,25.933500000000002,random_forest,8.16,8.096450000000003,random_forest,8.84,6.76255,random_forest,0.169,0.16117500000000004,random_forest,14.088,13.981,baseline,0.081,0.11059999999999999,knn
天津市滨海新区志敏养殖场,2026-08-29 00:07:00,26.2,25.6855,random_forest,7.07,7.118650000000005,random_forest,8.98,6.748299999999998,random_forest,0.121,0.16718500000000006,random_forest,14.031,14.088,baseline,0.112,0.0922,knn
天津市滨海新区志敏养殖场,2026-08-29 05:59:00,29.3,27.2635,random_forest,6.69,7.115549999999998,random_forest,5.17,6.303450000000002,random_forest,0.104,0.16512000000000004,random_forest,13.927,14.031,baseline,0.062,0.157,knn
天津市滨海新区志敏养殖场,2026-08-29 10:38:00,24.5,27.992999999999988,random_forest,8.34,8.349599999999992,random_forest,6.68,6.5391999999999975,random_forest,0.184,0.17557499999999998,random_forest,14.021,13.927,baseline,0.068,0.0606,knn
天津市滨海新区志敏养殖场,2026-08-29 15:28:00,25.7,26.586000000000016,random_forest,8.33,8.247750000000002,random_forest,6.66,6.6472500000000005,random_forest,0.199,0.17576000000000003,random_forest,13.995,14.021,baseline,0.054,0.049,knn
天津市滨海新区志敏养殖场,2026-08-29 21:00:00,25.4,26.11449999999998,random_forest,8.02,8.094550000000002,random_forest,9.03,7.682649999999999,random_forest,0.166,0.1681650000000001,random_forest,14.021,13.995,baseline,0.125,0.0834,knn
天津市滨海新区志敏养殖场,2026-08-30 00:24:00,26.2,25.971000000000014,random_forest,6.85,7.144950000000003,random_forest,8.12,6.306750000000002,random_forest,0.154,0.16988499999999998,random_forest,14.153,14.021,baseline,0.041,0.07880000000000001,knn
天津市滨海新区志敏养殖场,2026-08-30 05:38:00,26.8,26.978999999999996,random_forest,8.37,7.081199999999998,random_forest,3.91,6.989549999999996,random_forest,0.094,0.16083000000000008,random_forest,14.183,14.153,baseline,0.134,0.1532,knn
天津市滨海新区志敏养殖场,2026-08-30 10:23:00,29.3,27.839500000000015,random_forest,8.31,8.372549999999991,random_forest,7.0,6.376300000000001,random_forest,0.197,0.1649150000000001,random_forest,14.237,14.183,baseline,0.044,0.1276,knn
天津市滨海新区志敏养殖场,2026-08-30 15:39:00,27.7,27.084500000000016,random_forest,8.27,8.230400000000007,random_forest,5.57,7.171100000000001,random_forest,0.15,0.16110500000000005,random_forest,14.269,14.237,baseline,0.047,0.06420000000000001,knn
天津市滨海新区志敏养殖场,2026-08-30 21:23:00,27.7,26.129500000000018,random_forest,8.32,7.959049999999999,random_forest,3.89,7.491099999999999,random_forest,0.125,0.15734999999999993,random_forest,14.154,14.269,baseline,0.063,0.0816,knn
天津市滨海新区志敏养殖场,2026-09-03 00:34:00,21.0,25.8195,random_forest,6.86,7.2637,random_forest,5.57,7.185450000000002,random_forest,0.292,0.17977499999999996,random_forest,14.16,14.154,baseline,0.076,0.06739999999999999,knn
天津市滨海新区志敏养殖场,2026-09-03 05:43:00,21.1,23.937,random_forest,7.47,7.190450000000002,random_forest,5.85,7.206799999999999,random_forest,0.181,0.17333000000000015,random_forest,14.234,14.16,baseline,0.045,0.09100000000000001,knn
天津市滨海新区志敏养殖场,2026-09-03 10:26:00,25.3,23.276000000000018,random_forest,8.41,8.365399999999998,random_forest,7.68,7.032899999999996,random_forest,0.185,0.16705500000000015,random_forest,14.199,14.234,baseline,0.211,0.10400000000000001,knn
天津市滨海新区志敏养殖场,2026-09-03 15:24:00,21.6,24.610999999999976,random_forest,8.33,8.253049999999998,random_forest,8.53,6.580649999999999,random_forest,0.239,0.1839799999999999,random_forest,14.203,14.199,baseline,0.033,0.0708,knn
天津市滨海新区志敏养殖场,2026-09-03 21:27:00,21.4,21.85100000000001,random_forest,8.13,8.089450000000001,random_forest,5.53,6.963049999999998,random_forest,0.207,0.17305999999999996,random_forest,14.323,14.203,baseline,0.294,0.0688,knn
天津市滨海新区志敏养殖场,2026-09-04 00:23:00,22.3,21.785,random_forest,7.14,7.207200000000004,random_forest,8.56,7.580050000000001,random_forest,0.128,0.16780499999999995,random_forest,14.361,14.323,baseline,0.155,0.09079999999999999,knn
天津市滨海新区志敏养殖场,2026-09-04 05:59:00,23.4,23.974000000000004,random_forest,6.73,7.003950000000004,random_forest,8.93,7.096449999999999,random_forest,0.125,0.16706000000000004,random_forest,14.365,14.361,baseline,0.03,0.08479999999999999,knn
天津市滨海新区志敏养殖场,2026-09-04 10:21:00,23.2,23.623500000000014,random_forest,8.44,8.439400000000001,random_forest,7.7,6.883649999999997,random_forest,0.141,0.1662149999999999,random_forest,14.364,14.365,baseline,0.041,0.0646,knn
天津市滨海新区志敏养殖场,2026-09-04 15:51:00,24.3,23.287999999999997,random_forest,8.13,8.251599999999996,random_forest,8.38,7.367600000000006,random_forest,0.131,0.16834999999999994,random_forest,14.457,14.364,baseline,0.087,0.0774,knn
天津市滨海新区志敏养殖场,2026-09-04 21:27:00,23.2,22.411000000000005,random_forest,8.15,8.106299999999997,random_forest,9.4,7.161349999999999,random_forest,0.175,0.15832999999999997,random_forest,14.493,14.457,baseline,0.338,0.11000000000000001,knn
天津市滨海新区志敏养殖场,2026-09-05 00:35:00,21.8,22.5325,random_forest,7.08,6.989349999999998,random_forest,8.12,7.456549999999998,random_forest,0.137,0.16919500000000007,random_forest,14.414,14.493,baseline,0.059,0.08619999999999998,knn
天津市滨海新区志敏养殖场,2026-09-05 05:59:00,22.3,23.695000000000004,random_forest,7.39,7.0540999999999965,random_forest,5.7,7.211849999999999,random_forest,0.134,0.16404500000000002,random_forest,14.465,14.414,baseline,0.061,0.11040000000000001,knn
天津市滨海新区志敏养殖场,2026-09-05 10:23:00,25.6,23.771,random_forest,8.64,8.398599999999995,random_forest,5.33,7.223350000000006,random_forest,0.107,0.17057499999999984,random_forest,14.434,14.465,baseline,0.041,0.11460000000000001,knn
天津市滨海新区志敏养殖场,2026-09-05 15:39:00,23.6,23.055999999999994,random_forest,8.24,8.237,random_forest,8.08,6.888099999999998,random_forest,0.229,0.1605800000000001,random_forest,14.507,14.434,baseline,0.086,0.07960000000000002,knn
天津市滨海新区志敏养殖场,2026-09-05 21:13:00,22.2,22.555500000000002,random_forest,8.1,8.115799999999998,random_forest,3.55,7.393899999999998,random_forest,0.141,0.16692999999999997,random_forest,14.493,14.507,baseline,0.044,0.21220000000000003,knn
天津市滨海新区志敏养殖场,2026-09-06 00:25:00,21.5,22.35450000000001,random_forest,7.08,7.123650000000002,random_forest,9.93,7.860850000000002,random_forest,0.098,0.16168500000000008,random_forest,14.376,14.493,baseline,0.286,0.07540000000000001,knn
天津市滨海新区志敏养殖场,2026-09-06 05:47:00,23.4,23.499999999999996,random_forest,7.26,7.104299999999996,random_forest,9.54,7.642199999999992,random_forest,0.107,0.17589500000000005,random_forest,14.444,14.376,baseline,0.087,0.06240000000000001,knn
天津市滨海新区志敏养殖场,2026-09-06 10:25:00,25.0,24.122500000000016,random_forest,8.45,8.424499999999995,random_forest,6.75,7.20685,random_forest,0.233,0.16774,random_forest,14.351,14.444,baseline,0.185,0.1564,knn
天津市滨海新区志敏养殖场,2026-09-06 15:57:00,22.6,23.028999999999996,random_forest,8.26,8.2342,random_forest,6.56,6.685050000000001,random_forest,0.147,0.17873,random_forest,14.199,14.351,baseline,0.078,0.0666,knn
天津市滨海新区志敏养殖场,2026-09-06 21:25:00,23.6,22.227500000000028,random_forest,8.19,8.105149999999995,random_forest,8.79,6.956799999999996,random_forest,0.107,0.168755,random_forest,14.276,14.199,baseline,0.094,0.059199999999999996,knn
天津市滨海新区志敏养殖场,2026-09-07 00:32:00,22.4,22.3265,random_forest,6.96,7.190350000000004,random_forest,6.37,7.910300000000001,random_forest,0.279,0.15939000000000006,random_forest,14.383,14.276,baseline,0.117,0.0726,knn
天津市滨海新区志敏养殖场,2026-09-07 05:51:00,22.2,23.47350000000001,random_forest,6.56,7.103000000000001,random_forest,5.08,7.279649999999996,random_forest,0.17,0.1773949999999999,random_forest,14.391,14.383,baseline,0.096,0.127,knn
天津市滨海新区志敏养殖场,2026-09-07 10:07:00,25.8,23.44899999999999,random_forest,8.22,8.41415,random_forest,7.99,7.201899999999998,random_forest,0.227,0.16285,random_forest,14.477,14.391,baseline,0.076,0.052000000000000005,knn
天津市滨海新区志敏养殖场,2026-09-07 15:24:00,25.9,23.546000000000006,random_forest,8.39,8.250449999999995,random_forest,8.08,7.268800000000004,random_forest,0.251,0.16976,random_forest,14.556,14.477,baseline,0.065,0.0792,knn
天津市滨海新区志敏养殖场,2026-09-07 21:00:00,23.2,24.220499999999998,random_forest,8.22,8.105499999999996,random_forest,6.41,6.836999999999998,random_forest,0.203,0.163335,random_forest,14.509,14.556,baseline,0.095,0.12160000000000001,knn
天津市滨海新区志敏养殖场,2026-09-08 00:21:00,21.4,22.292499999999986,random_forest,8.26,7.273449999999998,random_forest,9.07,7.284900000000004,random_forest,0.178,0.17547499999999994,random_forest,14.493,14.509,baseline,0.117,0.1046,knn
天津市滨海新区志敏养殖场,2026-09-08 05:59:00,22.9,23.232500000000005,random_forest,6.63,7.154650000000003,random_forest,7.9,7.673199999999996,random_forest,0.149,0.16304499999999994,random_forest,14.392,14.493,baseline,0.271,0.06760000000000001,knn
天津市滨海新区志敏养殖场,2026-09-08 10:07:00,24.3,23.774999999999995,random_forest,8.43,7.89805,random_forest,6.77,7.351699999999997,random_forest,0.14,0.1704200000000001,random_forest,14.374,14.392,baseline,0.05,0.09139999999999998,knn
天津市滨海新区志敏养殖场,2026-09-08 15:50:00,21.9,23.521000000000004,random_forest,8.22,8.25515,random_forest,3.38,7.352450000000002,random_forest,0.172,0.16044500000000003,random_forest,14.423,14.374,baseline,0.033,0.078,knn
天津市滨海新区志敏养殖场,2026-09-08 21:00:00,21.7,22.625500000000006,random_forest,8.04,8.128350000000001,random_forest,8.2,7.501049999999995,random_forest,0.15,0.16591000000000006,random_forest,14.395,14.423,baseline,0.077,0.0636,knn
天津市滨海新区志敏养殖场,2026-09-09 00:26:00,22.7,22.61400000000001,random_forest,7.26,7.035500000000001,random_forest,5.32,7.3253499999999985,random_forest,0.158,0.16548500000000008,random_forest,14.418,14.395,baseline,0.035,0.0856,knn
天津市滨海新区志敏养殖场,2026-09-09 05:53:00,23.1,23.762500000000003,random_forest,7.36,7.1361,random_forest,5.96,7.5082499999999985,random_forest,0.29,0.16299500000000003,random_forest,14.386,14.418,baseline,0.051,0.065,knn
天津市滨海新区志敏养殖场,2026-09-09 10:16:00,25.5,23.642000000000003,random_forest,8.34,8.40879999999999,random_forest,6.19,7.1349499999999955,random_forest,0.147,0.179645,random_forest,14.509,14.386,baseline,0.025,0.13419999999999999,knn
天津市滨海新区志敏养殖场,2026-09-09 15:47:00,22.5,22.92249999999998,random_forest,8.16,8.262799999999997,random_forest,6.07,7.129700000000002,random_forest,0.166,0.17413499999999998,random_forest,14.32,14.509,baseline,0.062,0.2028,knn
天津市滨海新区志敏养殖场,2026-09-09 21:20:00,21.6,22.29850000000001,random_forest,8.18,8.112100000000002,random_forest,6.64,7.169599999999998,random_forest,0.174,0.17277,random_forest,14.293,14.32,baseline,0.039,0.0676,knn
天津市滨海新区志敏养殖场,2026-09-10 00:33:00,22.8,22.136000000000013,random_forest,6.97,6.989099999999999,random_forest,8.35,7.610049999999996,random_forest,0.186,0.15760499999999997,random_forest,14.33,14.293,baseline,0.079,0.07899999999999999,knn
天津市滨海新区志敏养殖场,2026-09-10 05:36:00,24.0,23.77449999999999,random_forest,6.58,7.0015,random_forest,5.88,7.438149999999999,random_forest,0.127,0.16215000000000004,random_forest,14.346,14.33,baseline,0.021,0.1226,knn
天津市滨海新区志敏养殖场,2026-09-10 10:29:00,25.8,24.091999999999985,random_forest,8.3,8.402550000000002,random_forest,6.97,6.727100000000003,random_forest,0.149,0.17890000000000003,random_forest,14.551,14.346,baseline,0.076,0.0796,knn
天津市滨海新区志敏养殖场,2026-09-10 15:36:00,22.4,23.064499999999985,random_forest,8.36,8.226700000000003,random_forest,8.84,7.154300000000004,random_forest,0.245,0.16842499999999996,random_forest,14.563,14.551,baseline,0.096,0.053000000000000005,knn
天津市滨海新区志敏养殖场,2026-09-10 21:10:00,22.7,22.477499999999992,random_forest,8.04,8.114549999999994,random_forest,5.05,7.379200000000004,random_forest,0.067,0.15926500000000002,random_forest,14.646,14.563,baseline,0.071,0.10880000000000001,knn
天津市滨海新区志敏养殖场,2026-09-11 00:28:00,20.3,22.424,random_forest,6.64,7.260899999999997,random_forest,5.25,7.733800000000002,random_forest,0.24,0.15875000000000003,random_forest,14.471,14.646,baseline,0.069,0.13880000000000003,knn
天津市滨海新区志敏养殖场,2026-09-11 05:35:00,22.9,23.538999999999987,random_forest,7.17,7.051099999999998,random_forest,3.54,7.370100000000004,random_forest,0.135,0.18676499999999988,random_forest,14.483,14.471,baseline,0.059,0.06440000000000001,knn
天津市滨海新区志敏养殖场,2026-09-11 10:20:00,23.5,23.857999999999997,random_forest,8.65,8.41169999999999,random_forest,5.32,7.054650000000002,random_forest,0.155,0.17767000000000013,random_forest,14.28,14.483,baseline,0.161,0.0624,knn
天津市滨海新区志敏养殖场,2026-09-11 15:27:00,23.6,23.136000000000003,random_forest,8.51,8.224600000000002,random_forest,7.85,7.142800000000002,random_forest,0.297,0.191115,random_forest,14.361,14.28,baseline,0.041,0.056999999999999995,knn
天津市滨海新区志敏养殖场,2026-09-11 21:11:00,22.2,22.50299999999999,random_forest,8.26,8.100750000000001,random_forest,6.47,6.608599999999999,random_forest,0.18,0.171485,random_forest,14.53,14.361,baseline,0.046,0.0386,knn
天津市滨海新区志敏养殖场,2026-09-12 00:02:00,23.6,22.531499999999998,random_forest,7.25,7.3119500000000075,random_forest,5.63,6.848200000000002,random_forest,0.267,0.18305,random_forest,14.358,14.53,baseline,0.056,0.1286,knn
天津市滨海新区志敏养殖场,2026-09-12 05:42:00,24.4,23.262999999999998,random_forest,7.44,7.219750000000001,random_forest,5.85,7.2578999999999985,random_forest,0.202,0.16981000000000002,random_forest,14.254,14.358,baseline,0.098,0.1532,knn
天津市滨海新区志敏养殖场,2026-09-12 10:32:00,23.3,23.520000000000014,random_forest,8.5,8.390249999999995,random_forest,8.37,7.148549999999999,random_forest,0.186,0.17239000000000013,random_forest,14.425,14.254,baseline,0.05,0.0688,knn
天津市滨海新区志敏养殖场,2026-09-12 15:45:00,24.1,22.86099999999999,random_forest,8.33,8.249250000000012,random_forest,3.58,6.81395,random_forest,0.128,0.169425,random_forest,14.526,14.425,baseline,0.182,0.07100000000000001,knn
天津市滨海新区志敏养殖场,2026-09-12 21:00:00,23.6,22.559499999999986,random_forest,8.2,8.100950000000006,random_forest,8.49,7.394599999999996,random_forest,0.136,0.16537500000000008,random_forest,14.468,14.526,baseline,0.07,0.0486,knn
天津市滨海新区志敏养殖场,2026-09-13 00:15:00,21.6,22.2965,random_forest,6.88,7.129299999999996,random_forest,9.68,7.381949999999996,random_forest,0.265,0.15998000000000004,random_forest,14.52,14.468,baseline,0.054,0.07239999999999999,knn
天津市滨海新区志敏养殖场,2026-09-13 05:36:00,24.8,23.868499999999994,random_forest,7.44,7.067599999999998,random_forest,8.47,7.351050000000002,random_forest,0.13,0.16641999999999996,random_forest,14.481,14.52,baseline,0.047,0.088,knn
天津市滨海新区志敏养殖场,2026-09-13 10:33:00,22.2,23.74149999999999,random_forest,8.56,8.398399999999999,random_forest,8.7,7.1902,random_forest,0.147,0.16745,random_forest,14.345,14.481,baseline,0.044,0.08860000000000001,knn
天津市滨海新区志敏养殖场,2026-09-13 15:41:00,20.8,23.132000000000012,random_forest,8.24,8.246699999999993,random_forest,3.67,7.188449999999998,random_forest,0.283,0.15749000000000002,random_forest,14.477,14.345,baseline,0.162,0.06260000000000002,knn
天津市滨海新区志敏养殖场,2026-09-13 21:09:00,21.1,21.770500000000002,random_forest,8.08,8.111050000000011,random_forest,9.91,7.518649999999999,random_forest,0.151,0.15579500000000002,random_forest,14.418,14.477,baseline,0.023,0.12280000000000002,knn
天津市滨海新区志敏养殖场,2026-09-14 00:13:00,23.4,22.327999999999996,random_forest,7.44,7.182499999999999,random_forest,5.92,7.547700000000003,random_forest,0.124,0.16923499999999997,random_forest,14.361,14.418,baseline,0.045,0.0636,knn
天津市滨海新区志敏养殖场,2026-09-14 05:55:00,23.8,23.720499999999998,random_forest,7.38,7.296199999999998,random_forest,6.23,7.120250000000001,random_forest,0.159,0.16941500000000004,random_forest,14.399,14.361,baseline,0.064,0.13520000000000001,knn
天津市滨海新区志敏养殖场,2026-09-14 10:18:00,23.9,23.559499999999993,random_forest,8.46,8.390549999999998,random_forest,7.54,6.906399999999999,random_forest,0.194,0.15974000000000005,random_forest,14.379,14.399,baseline,0.027,0.06739999999999999,knn
天津市滨海新区志敏养殖场,2026-09-14 15:54:00,23.1,23.015999999999984,random_forest,8.28,8.250550000000004,random_forest,6.23,7.0531500000000005,random_forest,0.114,0.16048,random_forest,14.253,14.379,baseline,0.056,0.0748,knn
天津市滨海新区志敏养殖场,2026-09-14 21:25:00,24.5,22.12449999999999,random_forest,8.11,8.114100000000002,random_forest,9.14,8.011049999999997,random_forest,0.262,0.17250500000000013,random_forest,14.169,14.253,baseline,0.081,0.08180000000000001,knn
天津市滨海新区志敏养殖场,2026-09-15 00:09:00,22.4,22.038999999999987,random_forest,7.23,7.073050000000002,random_forest,3.72,7.160799999999997,random_forest,0.136,0.16737499999999994,random_forest,14.116,14.169,baseline,0.023,0.11280000000000001,knn
天津市滨海新区志敏养殖场,2026-09-15 05:35:00,22.0,23.620499999999993,random_forest,6.95,7.1381,random_forest,8.24,7.52635,random_forest,0.107,0.1751849999999999,random_forest,14.216,14.116,baseline,0.087,0.11100000000000002,knn
天津市滨海新区志敏养殖场,2026-09-15 10:34:00,25.3,23.62199999999999,random_forest,8.36,8.390249999999995,random_forest,3.5,7.299149999999992,random_forest,0.289,0.1641350000000001,random_forest,14.191,14.216,baseline,0.044,0.0576,knn
天津市滨海新区志敏养殖场,2026-09-15 15:24:00,23.1,23.127000000000002,random_forest,8.41,8.22475,random_forest,8.63,6.794100000000002,random_forest,0.216,0.1590850000000001,random_forest,14.158,14.191,baseline,0.072,0.1066,knn
天津市滨海新区志敏养殖场,2026-09-15 21:16:00,21.4,22.67200000000001,random_forest,8.28,8.103549999999997,random_forest,8.79,7.701899999999996,random_forest,0.158,0.16841500000000004,random_forest,14.123,14.158,baseline,0.027,0.07880000000000001,knn
天津市滨海新区志敏养殖场,2026-09-16 00:14:00,21.5,22.49299999999999,random_forest,8.06,7.2126499999999965,random_forest,5.34,7.397549999999999,random_forest,0.255,0.1698250000000001,random_forest,14.042,14.123,baseline,0.041,0.2016,knn
天津市滨海新区志敏养殖场,2026-09-16 05:36:00,24.4,23.129999999999995,random_forest,7.02,7.303649999999999,random_forest,8.05,7.3422,random_forest,0.106,0.18106999999999998,random_forest,13.943,14.042,baseline,0.088,0.18719999999999998,knn
天津市滨海新区志敏养殖场,2026-09-16 10:07:00,23.3,23.994500000000013,random_forest,8.33,7.670749999999999,random_forest,8.77,6.828450000000001,random_forest,0.119,0.166475,random_forest,13.852,13.943,baseline,0.115,0.0586,knn
天津市滨海新区志敏养殖场,2026-09-16 15:24:00,23.4,23.153999999999996,random_forest,8.17,8.240549999999997,random_forest,5.33,6.92635,random_forest,0.111,0.16521499999999997,random_forest,13.96,13.852,baseline,0.051,0.0908,knn
天津市滨海新区志敏养殖场,2026-09-16 21:27:00,21.6,22.53950000000001,random_forest,8.18,8.136799999999996,random_forest,6.19,7.718850000000002,random_forest,0.21,0.17536000000000007,random_forest,14.172,13.96,baseline,0.143,0.05840000000000001,knn
天津市滨海新区志敏养殖场,2026-09-17 00:19:00,22.9,22.62200000000001,random_forest,7.0,7.047099999999997,random_forest,5.96,8.252149999999995,random_forest,0.166,0.1635949999999999,random_forest,14.178,14.172,baseline,0.145,0.0996,knn
天津市滨海新区志敏养殖场,2026-09-17 05:51:00,23.0,23.435000000000006,random_forest,7.23,7.049350000000003,random_forest,8.48,7.408700000000005,random_forest,0.193,0.16368000000000002,random_forest,14.023,14.178,baseline,0.056,0.0834,knn
天津市滨海新区志敏养殖场,2026-09-17 10:08:00,23.3,23.968500000000002,random_forest,8.54,8.399249999999995,random_forest,8.69,6.879200000000002,random_forest,0.296,0.163555,random_forest,14.052,14.023,baseline,0.089,0.1038,knn
天津市滨海新区志敏养殖场,2026-09-17 15:24:00,22.4,23.243999999999996,random_forest,8.41,8.222650000000005,random_forest,5.21,6.6956500000000085,random_forest,0.255,0.15264500000000003,random_forest,14.195,14.052,baseline,0.285,0.08659999999999998,knn
天津市滨海新区志敏养殖场,2026-09-17 21:14:00,23.8,22.263999999999992,random_forest,8.15,8.107749999999989,random_forest,8.93,7.214750000000005,random_forest,0.105,0.17282000000000008,random_forest,14.218,14.195,baseline,0.026,0.0656,knn
天津市滨海新区志敏养殖场,2026-09-18 00:30:00,22.7,22.172499999999992,random_forest,7.28,7.217449999999997,random_forest,9.17,6.777700000000006,random_forest,0.295,0.16635499999999998,random_forest,14.449,14.218,baseline,0.07,0.1722,knn
天津市滨海新区志敏养殖场,2026-09-18 05:53:00,23.2,23.6365,random_forest,6.54,7.296299999999999,random_forest,8.81,7.312750000000007,random_forest,0.197,0.17691500000000002,random_forest,14.465,14.449,baseline,0.053,0.0854,knn
天津市滨海新区志敏养殖场,2026-09-18 10:36:00,25.7,23.470999999999993,random_forest,8.37,8.41155,random_forest,8.3,6.387800000000003,random_forest,0.115,0.1678,random_forest,14.407,14.465,baseline,0.058,0.0746,knn
天津市滨海新区志敏养殖场,2026-09-18 15:41:00,23.0,23.35149999999999,random_forest,8.52,8.2434,random_forest,8.53,6.880100000000001,random_forest,0.244,0.17509499999999995,random_forest,14.247,14.407,baseline,0.268,0.061,knn
天津市滨海新区志敏养殖场,2026-09-18 21:06:00,21.2,22.5465,random_forest,8.01,8.091400000000005,random_forest,5.22,7.685499999999999,random_forest,0.201,0.15777999999999992,random_forest,14.193,14.247,baseline,0.073,0.14420000000000002,knn
天津市滨海新区志敏养殖场,2026-09-19 00:27:00,20.4,22.332000000000022,random_forest,7.5,7.2009000000000025,random_forest,5.97,7.651850000000007,random_forest,0.245,0.16847500000000007,random_forest,14.03,14.193,baseline,0.467,0.0814,knn
天津市滨海新区志敏养殖场,2026-09-19 05:58:00,24.5,23.598499999999987,random_forest,6.95,7.241500000000001,random_forest,8.88,7.36475,random_forest,0.055,0.18173500000000015,random_forest,14.102,14.03,baseline,0.402,0.12179999999999999,knn
天津市滨海新区志敏养殖场,2026-09-19 10:04:00,21.9,23.854500000000012,random_forest,8.49,8.410849999999993,random_forest,3.14,6.559650000000004,random_forest,0.114,0.1666449999999999,random_forest,14.111,14.102,baseline,0.078,0.0872,knn
天津市滨海新区志敏养殖场,2026-09-19 15:42:00,23.6,22.802999999999997,random_forest,8.1,8.244399999999997,random_forest,8.16,7.0859499999999995,random_forest,0.145,0.1708850000000001,random_forest,13.977,14.111,baseline,0.082,0.1262,knn
天津市滨海新区志敏养殖场,2026-09-19 21:27:00,20.8,22.6105,random_forest,8.25,8.161400000000008,random_forest,6.54,7.3008999999999995,random_forest,0.192,0.1738900000000001,random_forest,14.089,13.977,baseline,0.486,0.10839999999999998,knn
天津市滨海新区志敏养殖场,2026-09-20 00:06:00,20.3,21.947500000000026,random_forest,7.14,7.112949999999999,random_forest,6.3,7.3493,random_forest,0.116,0.16919499999999998,random_forest,14.043,14.089,baseline,0.042,0.097,knn
天津市滨海新区志敏养殖场,2026-09-20 05:34:00,22.8,22.507999999999985,random_forest,6.78,7.352500000000001,random_forest,5.53,6.943050000000005,random_forest,0.191,0.17463500000000004,random_forest,14.022,14.043,baseline,0.072,0.0784,knn
天津市滨海新区志敏养殖场,2026-09-20 10:23:00,24.2,24.00650000000001,random_forest,8.47,8.4319,random_forest,7.77,6.990700000000001,random_forest,0.18,0.17423499999999995,random_forest,14.016,14.022,baseline,0.028,0.058399999999999994,knn
天津市滨海新区志敏养殖场,2026-09-20 15:38:00,22.1,23.097500000000004,random_forest,8.3,8.262850000000006,random_forest,5.52,7.2036,random_forest,0.101,0.16687000000000007,random_forest,14.212,14.016,baseline,0.043,0.0726,knn
天津市滨海新区志敏养殖场,2026-09-20 21:07:00,21.7,22.13300000000002,random_forest,8.02,8.106850000000001,random_forest,3.91,7.7828,random_forest,0.116,0.1720200000000001,random_forest,14.254,14.212,baseline,0.077,0.0774,knn
天津市滨海新区志敏养殖场,2026-09-21 00:08:00,21.9,22.466500000000018,random_forest,7.0,7.092549999999999,random_forest,5.67,7.557349999999997,random_forest,0.181,0.1586850000000001,random_forest,14.3,14.254,baseline,0.067,0.09059999999999999,knn
天津市滨海新区志敏养殖场,2026-09-21 05:59:00,22.6,23.407999999999998,random_forest,6.57,7.08325,random_forest,9.25,7.140649999999997,random_forest,0.196,0.17375,random_forest,14.234,14.3,baseline,0.064,0.1392,knn
天津市滨海新区志敏养殖场,2026-09-21 10:33:00,25.4,23.883999999999993,random_forest,8.45,8.447999999999997,random_forest,7.91,7.12705,random_forest,0.199,0.16237000000000004,random_forest,14.164,14.234,baseline,0.08,0.05720000000000001,knn
天津市滨海新区志敏养殖场,2026-09-21 15:52:00,21.3,23.173000000000002,random_forest,8.08,8.226450000000005,random_forest,3.0,7.3949500000000015,random_forest,0.229,0.17067500000000005,random_forest,14.22,14.164,baseline,0.382,0.14100000000000001,knn
天津市滨海新区志敏养殖场,2026-09-21 21:13:00,22.1,21.883500000000005,random_forest,8.19,8.097949999999997,random_forest,8.93,7.4614,random_forest,0.108,0.18287500000000004,random_forest,14.271,14.22,baseline,0.086,0.09140000000000001,knn
天津市滨海新区志敏养殖场,2026-09-22 00:10:00,21.3,22.3035,random_forest,7.23,7.2233,random_forest,3.35,6.810299999999997,random_forest,0.108,0.15173000000000003,random_forest,14.304,14.271,baseline,0.484,0.0688,knn
天津市滨海新区志敏养殖场,2026-09-22 05:40:00,22.7,23.20649999999999,random_forest,6.85,7.212149999999999,random_forest,3.63,7.398200000000005,random_forest,0.148,0.18195499999999995,random_forest,14.301,14.304,baseline,0.113,0.13899999999999998,knn
天津市滨海新区志敏养殖场,2026-09-22 10:34:00,24.6,23.752000000000006,random_forest,8.39,8.404349999999997,random_forest,8.27,6.856400000000001,random_forest,0.189,0.17129000000000008,random_forest,14.296,14.301,baseline,0.024,0.0854,knn
天津市滨海新区志敏养殖场,2026-09-22 15:38:00,23.9,23.473999999999997,random_forest,8.05,8.275149999999998,random_forest,3.84,6.963749999999994,random_forest,0.235,0.17447500000000007,random_forest,14.214,14.296,baseline,0.038,0.1078,knn
天津市滨海新区志敏养殖场,2026-09-22 21:12:00,19.2,22.393999999999995,random_forest,8.05,8.097399999999999,random_forest,9.9,7.757199999999991,random_forest,0.296,0.17949000000000012,random_forest,14.1,14.214,baseline,0.025,0.12860000000000002,knn
天津市滨海新区李金山养殖场,2025-09-28 05:59:00,22.2,23.95200000000001,random_forest,7.32,7.233850000000007,random_forest,6.87,5.83,baseline,0.134,0.182085,random_forest,18.725,18.704,baseline,0.051,0.1774,knn
天津市滨海新区李金山养殖场,2025-09-28 10:25:00,23.1,24.028499999999998,random_forest,8.07,8.078599999999998,random_forest,7.26,6.87,baseline,0.187,0.17714500000000005,random_forest,18.798,18.725,baseline,0.094,0.1076,knn
天津市滨海新区李金山养殖场,2025-09-28 15:35:00,22.3,23.38649999999997,random_forest,7.91,7.911199999999999,random_forest,7.5,7.26,baseline,0.185,0.17336000000000001,random_forest,18.621,18.798,baseline,0.045,0.1318,knn
天津市滨海新区李金山养殖场,2025-09-28 21:21:00,24.6,22.00749999999999,random_forest,7.65,7.819649999999998,random_forest,6.6,7.5,baseline,0.283,0.17517,random_forest,18.797,18.621,baseline,0.273,0.1166,knn
天津市滨海新区李金山养殖场,2025-09-29 00:10:00,22.6,21.971,random_forest,7.32,7.063149999999996,random_forest,6.86,6.6,baseline,0.285,0.15557500000000002,random_forest,18.643,18.797,baseline,0.101,0.0658,knn
天津市滨海新区李金山养殖场,2025-09-29 05:52:00,23.2,23.71099999999998,random_forest,7.0,7.1571500000000015,random_forest,8.82,6.86,baseline,0.167,0.16676500000000005,random_forest,18.927,18.643,baseline,0.094,0.054200000000000005,knn
天津市滨海新区李金山养殖场,2025-09-29 10:05:00,23.6,23.743999999999996,random_forest,8.12,8.092949999999997,random_forest,7.8,8.82,baseline,0.101,0.16408999999999999,random_forest,18.978,18.927,baseline,0.06,0.1018,knn
天津市滨海新区李金山养殖场,2025-09-29 15:48:00,23.6,23.0335,random_forest,8.0,7.946599999999998,random_forest,8.08,7.8,baseline,0.144,0.17181999999999997,random_forest,19.194,18.978,baseline,0.043,0.1224,knn
天津市滨海新区李金山养殖场,2025-09-29 21:00:00,22.2,21.72399999999998,random_forest,7.71,7.817350000000001,random_forest,9.75,8.08,baseline,0.29,0.17126000000000002,random_forest,19.309,19.194,baseline,0.026,0.10500000000000001,knn
天津市滨海新区李金山养殖场,2025-09-30 00:33:00,20.4,22.1475,random_forest,6.92,7.116300000000004,random_forest,5.89,9.75,baseline,0.159,0.159195,random_forest,19.116,19.309,baseline,0.076,0.07020000000000001,knn
天津市滨海新区李金山养殖场,2025-09-30 05:54:00,22.3,23.465000000000003,random_forest,6.74,7.109700000000007,random_forest,9.3,5.89,baseline,0.143,0.16733500000000007,random_forest,19.12,19.116,baseline,0.037,0.0526,knn
天津市滨海新区李金山养殖场,2025-09-30 10:28:00,23.7,24.067999999999998,random_forest,7.86,8.099149999999998,random_forest,3.86,9.3,baseline,0.168,0.18102500000000016,random_forest,19.334,19.12,baseline,0.05,0.1034,knn
天津市滨海新区李金山养殖场,2025-09-30 15:33:00,21.6,23.622999999999983,random_forest,7.97,7.932849999999995,random_forest,8.56,3.86,baseline,0.209,0.16927999999999993,random_forest,19.393,19.334,baseline,0.04,0.13859999999999997,knn
天津市滨海新区李金山养殖场,2025-09-30 21:27:00,21.7,21.431999999999995,random_forest,7.84,7.8576000000000015,random_forest,9.07,8.56,baseline,0.106,0.17179000000000014,random_forest,19.608,19.393,baseline,0.076,0.1048,knn
天津市滨海新区李金山养殖场,2025-10-11 00:36:00,13.6,22.174000000000014,random_forest,7.31,7.2188,random_forest,10.32,9.07,baseline,0.186,0.1722699999999999,random_forest,19.53,19.608,baseline,0.267,0.09280000000000001,knn
天津市滨海新区李金山养殖场,2025-10-11 05:59:00,18.4,16.5145,random_forest,7.11,7.1232000000000015,random_forest,9.55,10.32,baseline,0.123,0.17717500000000008,random_forest,19.596,19.53,baseline,0.136,0.10300000000000002,knn
天津市滨海新区李金山养殖场,2025-10-11 10:15:00,18.6,17.406999999999996,random_forest,8.15,8.089199999999991,random_forest,8.81,9.55,baseline,0.144,0.17312999999999992,random_forest,19.433,19.596,baseline,0.046,0.0934,knn
天津市滨海新区李金山养殖场,2025-10-11 15:39:00,15.2,17.75450000000001,random_forest,7.96,7.934650000000006,random_forest,9.93,8.81,baseline,0.2,0.16943500000000003,random_forest,19.378,19.433,baseline,0.084,0.0364,knn
天津市滨海新区李金山养殖场,2025-10-11 21:02:00,13.0,13.817999999999978,random_forest,7.74,7.8597499999999965,random_forest,11.26,9.93,baseline,0.061,0.17882500000000007,random_forest,19.464,19.378,baseline,0.338,0.0658,knn
天津市滨海新区李金山养殖场,2025-10-12 00:28:00,14.3,14.619999999999987,random_forest,7.07,7.199349999999999,random_forest,10.1,11.26,baseline,0.215,0.17171999999999998,random_forest,19.313,19.464,baseline,0.044,0.054200000000000005,knn
天津市滨海新区李金山养殖场,2025-10-12 05:59:00,17.1,16.304999999999993,random_forest,6.52,7.1987999999999985,random_forest,10.22,10.1,baseline,0.104,0.18505,random_forest,19.23,19.313,baseline,0.065,0.0758,knn
天津市滨海新区李金山养殖场,2025-10-12 10:35:00,18.0,16.6345,random_forest,8.1,8.126600000000003,random_forest,8.55,10.22,baseline,0.165,0.17870500000000014,random_forest,19.336,19.23,baseline,0.035,0.1466,knn
天津市滨海新区李金山养殖场,2025-10-12 15:58:00,14.4,16.64499999999999,random_forest,7.97,7.947600000000005,random_forest,9.7,8.55,baseline,0.149,0.17339000000000004,random_forest,19.331,19.336,baseline,0.067,0.08059999999999999,knn
天津市滨海新区李金山养殖场,2025-10-12 21:14:00,14.5,13.411499999999984,random_forest,7.73,7.8653999999999975,random_forest,10.22,9.7,baseline,0.295,0.18611499999999995,random_forest,19.215,19.331,baseline,0.429,0.0796,knn
天津市滨海新区李金山养殖场,2025-10-13 00:05:00,15.5,14.062499999999991,random_forest,7.17,7.297200000000004,random_forest,10.72,10.22,baseline,0.243,0.16300500000000004,random_forest,19.182,19.215,baseline,0.039,0.1298,knn
天津市滨海新区李金山养殖场,2025-10-13 05:47:00,18.2,16.39749999999999,random_forest,6.8,7.1935,random_forest,10.07,10.72,baseline,0.15,0.18014000000000002,random_forest,19.215,19.182,baseline,0.044,0.1432,knn
天津市滨海新区李金山养殖场,2025-10-13 10:33:00,17.0,17.529499999999988,random_forest,7.87,8.132700000000007,random_forest,8.73,10.07,baseline,0.272,0.1745600000000001,random_forest,19.196,19.215,baseline,0.342,0.11040000000000001,knn
天津市滨海新区李金山养殖场,2025-10-13 15:34:00,15.7,16.615999999999996,random_forest,7.85,7.970849999999997,random_forest,8.77,8.73,baseline,0.135,0.17032999999999995,random_forest,19.135,19.196,baseline,0.022,0.11240000000000001,knn
天津市滨海新区李金山养殖场,2025-10-13 21:17:00,14.0,13.361000000000004,random_forest,7.78,7.8310999999999975,random_forest,11.33,8.77,baseline,0.131,0.1820550000000002,random_forest,19.089,19.135,baseline,0.082,0.08679999999999999,knn
天津市滨海新区李金山养殖场,2025-10-14 00:20:00,14.9,13.625499999999994,random_forest,7.01,7.198200000000002,random_forest,9.8,11.33,baseline,0.127,0.16022000000000006,random_forest,19.051,19.089,baseline,0.459,0.060399999999999995,knn
天津市滨海新区李金山养殖场,2025-10-14 05:44:00,15.6,16.525499999999987,random_forest,7.26,7.215049999999996,random_forest,9.74,9.8,baseline,0.163,0.17819500000000002,random_forest,19.0,19.051,baseline,0.065,0.10940000000000001,knn
天津市滨海新区李金山养殖场,2025-10-14 10:02:00,17.1,17.047999999999988,random_forest,8.29,8.110999999999997,random_forest,8.31,9.74,baseline,0.232,0.16371500000000005,random_forest,19.16,19.0,baseline,0.142,0.0538,knn
天津市滨海新区李金山养殖场,2025-10-14 15:43:00,14.2,16.141499999999983,random_forest,8.05,7.953550000000003,random_forest,10.4,8.31,baseline,0.286,0.161265,random_forest,18.986,19.16,baseline,0.044,0.07139999999999999,knn
天津市滨海新区李金山养殖场,2025-10-14 21:14:00,16.7,14.141999999999989,random_forest,7.82,7.84745,random_forest,9.29,10.4,baseline,0.121,0.20049499999999998,random_forest,18.856,18.986,baseline,0.253,0.0812,knn
天津市滨海新区李金山养殖场,2025-10-15 00:12:00,16.5,15.745999999999988,random_forest,7.49,7.1198500000000005,random_forest,10.08,9.29,baseline,0.08,0.16742499999999996,random_forest,18.792,18.856,baseline,0.027,0.058199999999999995,knn
天津市滨海新区李金山养殖场,2025-10-15 05:42:00,18.0,17.279999999999994,random_forest,7.15,7.273800000000002,random_forest,8.49,10.08,baseline,0.134,0.17376500000000003,random_forest,18.663,18.792,baseline,0.077,0.0844,knn
天津市滨海新区李金山养殖场,2025-10-15 10:03:00,19.7,16.581999999999997,random_forest,8.12,8.134400000000003,random_forest,8.85,8.49,baseline,0.19,0.16633999999999996,random_forest,18.523,18.663,baseline,0.048,0.09179999999999999,knn
天津市滨海新区李金山养殖场,2025-10-15 15:33:00,15.5,17.203999999999994,random_forest,8.08,7.926199999999998,random_forest,9.62,8.85,baseline,0.11,0.17761000000000007,random_forest,18.361,18.523,baseline,0.09,0.18439999999999998,knn
天津市滨海新区李金山养殖场,2025-10-15 21:26:00,14.9,14.804500000000008,random_forest,7.88,7.834699999999997,random_forest,10.16,9.62,baseline,0.192,0.17304000000000003,random_forest,18.469,18.361,baseline,0.049,0.0664,knn
天津市滨海新区李金山养殖场,2025-10-16 00:11:00,16.9,16.3895,random_forest,7.2,7.1387499999999955,random_forest,9.09,10.16,baseline,0.191,0.1734799999999999,random_forest,18.595,18.469,baseline,0.02,0.12320000000000002,knn
天津市滨海新区李金山养殖场,2025-10-16 05:54:00,18.0,17.34550000000002,random_forest,7.48,7.194550000000003,random_forest,8.76,9.09,baseline,0.109,0.187005,random_forest,18.695,18.595,baseline,0.06,0.0834,knn
天津市滨海新区李金山养殖场,2025-10-16 10:34:00,19.6,17.157499999999995,random_forest,8.03,8.077499999999997,random_forest,9.5,8.76,baseline,0.22,0.17723499999999998,random_forest,18.631,18.695,baseline,0.089,0.06920000000000001,knn
天津市滨海新区李金山养殖场,2025-10-16 15:37:00,16.0,16.58899999999999,random_forest,7.95,7.9378499999999965,random_forest,9.93,9.5,baseline,0.183,0.16814000000000007,random_forest,18.553,18.631,baseline,0.161,0.11560000000000001,knn
天津市滨海新区李金山养殖场,2025-10-16 21:00:00,15.4,15.996000000000006,random_forest,7.92,7.854999999999999,random_forest,10.21,9.93,baseline,0.125,0.18828499999999984,random_forest,18.558,18.553,baseline,0.092,0.0912,knn
天津市滨海新区李金山养殖场,2025-10-17 00:03:00,15.7,16.043499999999998,random_forest,7.23,7.06495,random_forest,9.61,10.21,baseline,0.223,0.1612000000000001,random_forest,18.558,18.558,baseline,0.021,0.1396,knn
天津市滨海新区李金山养殖场,2025-10-17 05:59:00,18.0,17.45800000000001,random_forest,6.84,7.1598500000000005,random_forest,9.51,9.61,baseline,0.277,0.16191000000000005,random_forest,18.605,18.558,baseline,0.049,0.086,knn
天津市滨海新区李金山养殖场,2025-10-17 10:15:00,17.6,17.083499999999994,random_forest,8.13,8.072399999999998,random_forest,8.59,9.51,baseline,0.231,0.16592500000000002,random_forest,18.503,18.605,baseline,0.03,0.0744,knn
天津市滨海新区李金山养殖场,2025-10-17 15:55:00,18.3,16.401500000000002,random_forest,7.86,7.931800000000002,random_forest,9.64,8.59,baseline,0.116,0.17070499999999997,random_forest,18.546,18.503,baseline,0.035,0.1034,knn
天津市滨海新区李金山养殖场,2025-10-17 21:04:00,14.9,15.446000000000002,random_forest,8.04,7.808949999999995,random_forest,10.84,9.64,baseline,0.107,0.17964999999999992,random_forest,18.47,18.546,baseline,0.037,0.11199999999999999,knn
天津市滨海新区李金山养殖场,2025-10-18 00:03:00,16.9,16.245000000000005,random_forest,6.9,7.1716000000000015,random_forest,10.3,10.84,baseline,0.124,0.1813200000000001,random_forest,18.531,18.47,baseline,0.088,0.0964,knn
天津市滨海新区李金山养殖场,2025-10-18 05:34:00,18.5,16.718499999999985,random_forest,7.11,7.155449999999995,random_forest,10.09,10.3,baseline,0.132,0.17431500000000003,random_forest,18.531,18.531,baseline,0.07,0.0546,knn
天津市滨海新区李金山养殖场,2025-10-18 10:10:00,15.5,17.358500000000006,random_forest,8.36,8.117050000000008,random_forest,9.48,10.09,baseline,0.181,0.16444999999999996,random_forest,18.495,18.531,baseline,0.064,0.05720000000000001,knn
天津市滨海新区李金山养殖场,2025-10-18 15:31:00,15.6,16.402500000000003,random_forest,7.93,7.943299999999999,random_forest,9.77,9.48,baseline,0.175,0.16750000000000004,random_forest,18.47,18.495,baseline,0.048,0.0996,knn
天津市滨海新区李金山养殖场,2025-10-18 21:01:00,13.8,15.49449999999999,random_forest,8.02,7.823800000000001,random_forest,10.44,9.77,baseline,0.271,0.17018499999999995,random_forest,18.528,18.47,baseline,0.295,0.06440000000000001,knn
天津市滨海新区李金山养殖场,2025-10-19 00:28:00,15.9,16.143999999999988,random_forest,6.78,7.207349999999998,random_forest,10.47,10.44,baseline,0.181,0.173115,random_forest,18.673,18.528,baseline,0.209,0.0922,knn
天津市滨海新区李金山养殖场,2025-10-19 05:49:00,16.5,16.99349999999998,random_forest,7.17,7.159499999999998,random_forest,9.92,10.47,baseline,0.221,0.18085499999999993,random_forest,18.827,18.673,baseline,0.054,0.06,knn
天津市滨海新区李金山养殖场,2025-10-19 10:27:00,18.4,17.37499999999999,random_forest,8.08,8.109000000000004,random_forest,9.08,9.92,baseline,0.052,0.16173500000000005,random_forest,18.918,18.827,baseline,0.074,0.0936,knn
天津市滨海新区李金山养殖场,2025-10-19 15:39:00,17.6,16.384999999999994,random_forest,7.99,7.948149999999999,random_forest,9.76,9.08,baseline,0.164,0.18173499999999998,random_forest,19.049,18.918,baseline,0.087,0.0538,knn
天津市滨海新区李金山养殖场,2025-10-19 21:13:00,14.2,16.007499999999997,random_forest,7.79,7.84125,random_forest,10.64,9.76,baseline,0.279,0.16749500000000006,random_forest,19.229,19.049,baseline,0.099,0.047799999999999995,knn
天津市滨海新区李金山养殖场,2025-10-20 00:10:00,15.7,14.460999999999999,random_forest,7.15,7.23015,random_forest,10.33,10.64,baseline,0.14,0.15700000000000006,random_forest,19.355,19.229,baseline,0.055,0.1478,knn
天津市滨海新区李金山养殖场,2025-10-20 05:57:00,16.7,16.618999999999996,random_forest,7.32,7.127650000000004,random_forest,10.25,10.33,baseline,0.286,0.17487000000000003,random_forest,19.245,19.355,baseline,0.072,0.05700000000000001,knn
天津市滨海新区李金山养殖场,2025-10-20 10:38:00,17.6,17.76,random_forest,8.11,8.128150000000003,random_forest,8.7,10.25,baseline,0.097,0.15236500000000006,random_forest,19.394,19.245,baseline,0.041,0.0482,knn
天津市滨海新区李金山养殖场,2025-10-20 15:56:00,15.6,16.339499999999987,random_forest,7.89,7.973050000000001,random_forest,9.84,8.7,baseline,0.15,0.16820500000000005,random_forest,19.607,19.394,baseline,0.148,0.0906,knn
天津市滨海新区李金山养殖场,2025-10-20 21:06:00,15.0,13.797999999999986,random_forest,7.96,7.825699999999994,random_forest,9.9,9.84,baseline,0.111,0.16938499999999998,random_forest,19.693,19.607,baseline,0.046,0.046799999999999994,knn
天津市滨海新区李金山养殖场,2025-10-21 00:24:00,16.2,14.00449999999999,random_forest,6.71,7.1161,random_forest,9.97,9.9,baseline,0.145,0.1589400000000001,random_forest,19.762,19.693,baseline,0.029,0.11180000000000001,knn
天津市滨海新区李金山养殖场,2025-10-21 05:59:00,15.4,17.420999999999996,random_forest,7.15,7.180300000000001,random_forest,10.78,9.97,baseline,0.296,0.19491499999999998,random_forest,19.713,19.762,baseline,0.245,0.0764,knn
天津市滨海新区李金山养殖场,2025-10-21 10:33:00,15.5,16.587999999999987,random_forest,8.26,8.103950000000005,random_forest,9.52,10.78,baseline,0.184,0.16133499999999998,random_forest,19.895,19.713,baseline,0.258,0.0448,knn
天津市滨海新区李金山养殖场,2025-10-21 15:32:00,15.5,15.296499999999988,random_forest,8.01,7.9209,random_forest,9.61,9.52,baseline,0.135,0.17287000000000002,random_forest,19.95,19.895,baseline,0.087,0.1226,knn
天津市滨海新区李金山养殖场,2025-10-21 21:05:00,14.5,13.658499999999997,random_forest,7.93,7.8255,random_forest,10.52,9.61,baseline,0.116,0.16035,random_forest,19.926,19.95,baseline,0.447,0.08499999999999999,knn
天津市滨海新区李金山养殖场,2025-10-22 00:18:00,15.9,13.325999999999995,random_forest,6.96,7.235000000000002,random_forest,10.25,10.52,baseline,0.275,0.16737000000000002,random_forest,19.819,19.926,baseline,0.066,0.19979999999999998,knn
天津市滨海新区李金山养殖场,2025-10-22 05:59:00,16.2,17.196499999999993,random_forest,7.09,7.210649999999998,random_forest,9.6,10.25,baseline,0.135,0.169455,random_forest,19.774,19.819,baseline,0.032,0.0696,knn
天津市滨海新区李金山养殖场,2025-10-22 10:20:00,16.7,16.66299999999999,random_forest,8.17,8.127749999999999,random_forest,9.36,9.6,baseline,0.231,0.18019999999999992,random_forest,19.729,19.774,baseline,0.079,0.0598,knn
天津市滨海新区李金山养殖场,2025-10-22 15:29:00,15.2,16.656999999999996,random_forest,7.8,7.980499999999995,random_forest,9.33,9.36,baseline,0.055,0.17268000000000006,random_forest,19.726,19.729,baseline,0.131,0.0724,knn
天津市滨海新区李金山养殖场,2025-10-22 21:09:00,15.5,13.546999999999986,random_forest,7.96,7.8324500000000015,random_forest,10.31,9.33,baseline,0.16,0.17153000000000013,random_forest,19.837,19.726,baseline,0.122,0.10899999999999999,knn
天津市滨海新区李金山养殖场,2025-10-23 00:09:00,18.1,13.4155,random_forest,7.86,7.067050000000003,random_forest,10.36,10.31,baseline,0.146,0.1748149999999999,random_forest,19.95,19.837,baseline,0.023,0.0678,knn
天津市滨海新区李金山养殖场,2025-10-23 05:56:00,17.6,16.719499999999993,random_forest,6.57,7.250000000000008,random_forest,9.6,10.36,baseline,0.239,0.17081500000000005,random_forest,19.95,19.95,baseline,0.236,0.0454,knn
天津市滨海新区李金山养殖场,2025-10-23 10:28:00,18.7,17.455999999999992,random_forest,8.27,7.560300000000005,random_forest,9.26,9.6,baseline,0.122,0.171845,random_forest,19.95,19.95,baseline,0.062,0.0722,knn
天津市滨海新区李金山养殖场,2025-10-23 15:49:00,17.9,16.613999999999994,random_forest,8.0,7.9491500000000075,random_forest,9.98,9.26,baseline,0.172,0.17181999999999997,random_forest,19.95,19.95,baseline,0.033,0.0464,knn
天津市滨海新区李金山养殖场,2025-10-23 21:04:00,14.9,16.54850000000002,random_forest,7.83,7.83065,random_forest,10.14,9.98,baseline,0.132,0.18450999999999992,random_forest,19.95,19.95,baseline,0.025,0.048,knn
天津市滨海新区李金山养殖场,2025-10-24 00:20:00,15.1,14.294499999999994,random_forest,7.47,7.160049999999997,random_forest,10.2,10.14,baseline,0.106,0.18029000000000003,random_forest,19.95,19.95,baseline,0.028,0.0758,knn
天津市滨海新区李金山养殖场,2025-10-24 05:48:00,17.1,16.751000000000005,random_forest,8.01,7.244400000000002,random_forest,9.85,10.2,baseline,0.182,0.18471500000000013,random_forest,19.95,19.95,baseline,0.18,0.07320000000000002,knn
天津市滨海新区李金山养殖场,2025-10-24 10:28:00,16.4,17.558500000000002,random_forest,8.12,8.1047,random_forest,9.56,9.85,baseline,0.076,0.18310999999999988,random_forest,19.95,19.95,baseline,0.098,0.0508,knn
天津市滨海新区李金山养殖场,2025-10-24 15:42:00,17.2,15.961999999999982,random_forest,8.12,7.9666,random_forest,8.43,9.56,baseline,0.123,0.17557999999999985,random_forest,19.95,19.95,baseline,0.088,0.039999999999999994,knn
天津市滨海新区李金山养殖场,2025-10-24 21:17:00,14.9,15.90099999999999,random_forest,7.86,7.826899999999999,random_forest,10.0,8.43,baseline,0.224,0.17306000000000002,random_forest,19.95,19.95,baseline,0.031,0.0526,knn
天津市滨海新区李金山养殖场,2025-10-25 00:25:00,14.2,13.526499999999993,random_forest,6.62,7.162999999999999,random_forest,10.48,10.0,baseline,0.073,0.17921000000000006,random_forest,19.95,19.95,baseline,0.031,0.16299999999999998,knn
天津市滨海新区李金山养殖场,2025-10-25 05:56:00,14.5,16.4625,random_forest,7.18,7.261799999999998,random_forest,10.53,10.48,baseline,0.155,0.18942,random_forest,19.95,19.95,baseline,0.042,0.054000000000000006,knn
天津市滨海新区李金山养殖场,2025-10-25 10:11:00,17.2,16.43599999999999,random_forest,8.23,8.121450000000005,random_forest,8.37,10.53,baseline,0.122,0.16969999999999996,random_forest,19.95,19.95,baseline,0.074,0.0466,knn
天津市滨海新区李金山养殖场,2025-10-25 15:35:00,14.9,16.501499999999993,random_forest,8.04,7.970349999999995,random_forest,10.12,8.37,baseline,0.242,0.177285,random_forest,19.95,19.95,baseline,0.039,0.1172,knn
天津市滨海新区李金山养殖场,2025-10-25 21:04:00,15.7,13.616999999999992,random_forest,7.62,7.839449999999996,random_forest,10.16,10.12,baseline,0.249,0.16719500000000004,random_forest,19.95,19.95,baseline,0.091,0.07680000000000001,knn
天津市滨海新区李金山养殖场,2025-10-26 00:38:00,15.0,14.16849999999999,random_forest,7.03,7.1381499999999924,random_forest,9.92,10.16,baseline,0.147,0.17617000000000008,random_forest,19.95,19.95,baseline,0.08,0.0848,knn
天津市滨海新区李金山养殖场,2025-10-26 05:56:00,16.5,16.6975,random_forest,6.75,7.302600000000007,random_forest,9.08,9.92,baseline,0.056,0.18232000000000004,random_forest,19.95,19.95,baseline,0.028,0.0784,knn
天津市滨海新区李金山养殖场,2025-10-26 10:17:00,17.8,17.210999999999977,random_forest,8.1,8.140350000000005,random_forest,8.7,9.08,baseline,0.25,0.16441000000000014,random_forest,19.95,19.95,baseline,0.238,0.05920000000000001,knn
天津市滨海新区李金山养殖场,2025-10-26 15:23:00,17.7,16.322999999999986,random_forest,7.84,7.966549999999996,random_forest,8.95,8.7,baseline,0.217,0.16843,random_forest,19.95,19.95,baseline,0.077,0.1864,knn
天津市滨海新区李金山养殖场,2025-10-26 21:13:00,14.7,15.5725,random_forest,7.86,7.833199999999994,random_forest,10.99,8.95,baseline,0.173,0.17332,random_forest,19.891,19.95,baseline,0.074,0.0906,knn
天津市滨海新区李金山养殖场,2025-10-27 00:35:00,16.5,14.174499999999988,random_forest,6.98,7.148000000000003,random_forest,10.05,10.99,baseline,0.126,0.1686,random_forest,19.862,19.891,baseline,0.412,0.0374,knn
天津市滨海新区李金山养殖场,2025-10-27 05:59:00,17.2,17.311499999999988,random_forest,6.63,7.173249999999999,random_forest,8.82,10.05,baseline,0.256,0.15454500000000004,random_forest,19.92,19.862,baseline,0.03,0.0576,knn
天津市滨海新区李金山养殖场,2025-10-27 10:04:00,16.9,18.152000000000005,random_forest,8.16,8.081199999999994,random_forest,8.8,8.82,baseline,0.188,0.180995,random_forest,19.755,19.92,baseline,0.065,0.056799999999999996,knn
天津市滨海新区李金山养殖场,2025-10-27 15:26:00,15.5,16.2985,random_forest,7.82,7.981899999999997,random_forest,9.9,8.8,baseline,0.134,0.17304499999999995,random_forest,19.707,19.755,baseline,0.065,0.0678,knn
天津市滨海新区李金山养殖场,2025-10-27 21:22:00,17.1,13.743999999999993,random_forest,7.9,7.815499999999998,random_forest,9.46,9.9,baseline,0.099,0.187665,random_forest,19.704,19.707,baseline,0.446,0.0804,knn
天津市滨海新区李金山养殖场,2025-10-28 00:12:00,16.1,15.908499999999988,random_forest,6.7,7.18105,random_forest,10.37,9.46,baseline,0.165,0.1715700000000001,random_forest,19.831,19.704,baseline,0.251,0.1434,knn
天津市滨海新区李金山养殖场,2025-10-28 05:55:00,16.7,16.85499999999998,random_forest,6.52,7.248550000000003,random_forest,9.85,10.37,baseline,0.22,0.17806000000000005,random_forest,19.811,19.831,baseline,0.025,0.087,knn
天津市滨海新区李金山养殖场,2025-10-28 10:38:00,16.1,17.013500000000004,random_forest,8.11,8.115550000000002,random_forest,8.95,9.85,baseline,0.152,0.18654,random_forest,19.663,19.811,baseline,0.455,0.061,knn
天津市滨海新区李金山养殖场,2025-10-28 15:42:00,15.7,16.407999999999987,random_forest,7.96,7.962150000000001,random_forest,9.48,8.95,baseline,0.195,0.1984750000000001,random_forest,19.771,19.663,baseline,0.023,0.0738,knn
天津市滨海新区李金山养殖场,2025-10-28 21:23:00,14.0,13.55949999999999,random_forest,7.91,7.855299999999997,random_forest,10.67,9.48,baseline,0.147,0.1851499999999999,random_forest,19.818,19.771,baseline,0.046,0.0502,knn
天津市滨海新区李金山养殖场,2025-10-29 00:29:00,14.1,13.532999999999989,random_forest,6.95,7.256049999999998,random_forest,10.57,10.67,baseline,0.089,0.17137499999999994,random_forest,19.728,19.818,baseline,0.074,0.0634,knn
天津市滨海新区李金山养殖场,2025-10-29 05:59:00,15.7,16.706499999999984,random_forest,7.26,7.1260500000000055,random_forest,9.26,10.57,baseline,0.148,0.183005,random_forest,19.801,19.728,baseline,0.032,0.11760000000000001,knn
天津市滨海新区李金山养殖场,2025-10-29 10:18:00,18.8,16.735999999999983,random_forest,8.27,8.123300000000006,random_forest,8.71,9.26,baseline,0.218,0.16479500000000002,random_forest,19.665,19.801,baseline,0.029,0.053000000000000005,knn
天津市滨海新区李金山养殖场,2025-10-29 15:45:00,16.5,16.578499999999988,random_forest,7.92,7.951350000000007,random_forest,9.09,8.71,baseline,0.143,0.17890499999999995,random_forest,19.716,19.665,baseline,0.033,0.14299999999999996,knn
天津市滨海新区李金山养殖场,2025-10-29 21:13:00,15.5,14.532499999999986,random_forest,7.91,7.839299999999996,random_forest,9.86,9.09,baseline,0.25,0.18273500000000012,random_forest,19.639,19.716,baseline,0.288,0.057800000000000004,knn
天津市滨海新区李金山养殖场,2025-10-30 00:13:00,15.7,13.871499999999992,random_forest,7.21,7.3022999999999945,random_forest,10.53,9.86,baseline,0.139,0.18355999999999997,random_forest,19.385,19.639,baseline,0.039,0.1038,knn
天津市滨海新区李金山养殖场,2025-10-30 05:51:00,16.5,16.792,random_forest,6.68,7.177400000000002,random_forest,10.25,10.53,baseline,0.11,0.18577999999999995,random_forest,19.575,19.385,baseline,0.076,0.07719999999999999,knn
天津市滨海新区李金山养殖场,2025-10-30 10:19:00,16.3,17.17899999999999,random_forest,8.23,8.11705,random_forest,9.28,10.25,baseline,0.149,0.16716500000000004,random_forest,19.388,19.575,baseline,0.093,0.14920000000000003,knn
天津市滨海新区李金山养殖场,2025-10-30 15:32:00,15.8,16.472999999999992,random_forest,7.95,7.962650000000001,random_forest,9.17,9.28,baseline,0.078,0.16708,random_forest,19.301,19.388,baseline,0.098,0.148,knn
天津市滨海新区李金山养殖场,2025-10-30 21:09:00,15.2,14.274999999999977,random_forest,7.73,7.868950000000002,random_forest,9.97,9.17,baseline,0.233,0.17964999999999992,random_forest,19.292,19.301,baseline,0.038,0.0546,knn
天津市滨海新区李金山养殖场,2025-11-03 00:24:00,9.3,13.839999999999996,random_forest,6.93,7.104449999999999,random_forest,11.27,9.97,baseline,0.118,0.17224000000000003,random_forest,19.069,19.292,baseline,0.046,0.13440000000000002,knn
天津市滨海新区李金山养殖场,2025-11-03 05:48:00,10.7,11.949500000000008,random_forest,6.84,7.1601000000000035,random_forest,10.68,11.27,baseline,0.157,0.18558499999999994,random_forest,19.147,19.069,baseline,0.053,0.05600000000000001,knn
天津市滨海新区李金山养殖场,2025-11-03 10:30:00,10.4,11.877500000000008,random_forest,8.1,8.156349999999996,random_forest,9.35,10.68,baseline,0.177,0.18136000000000008,random_forest,19.117,19.147,baseline,0.098,0.0668,knn
天津市滨海新区李金山养殖场,2025-11-03 15:48:00,10.0,10.975499999999997,random_forest,8.07,7.966349999999998,random_forest,10.11,9.35,baseline,0.163,0.16571000000000002,random_forest,19.137,19.117,baseline,0.078,0.10619999999999999,knn
天津市滨海新区李金山养殖场,2025-11-03 21:17:00,9.2,9.545000000000005,random_forest,7.82,7.866249999999997,random_forest,11.38,10.11,baseline,0.286,0.18113500000000002,random_forest,19.157,19.137,baseline,0.087,0.0764,knn
天津市滨海新区李金山养殖场,2025-11-04 00:31:00,9.4,9.610499999999998,random_forest,7.13,7.086750000000003,random_forest,11.96,11.38,baseline,0.141,0.16214999999999996,random_forest,19.145,19.157,baseline,0.035,0.09,knn
天津市滨海新区李金山养殖场,2025-11-04 05:59:00,11.3,10.3545,random_forest,7.15,7.084999999999996,random_forest,10.09,11.96,baseline,0.123,0.18491499999999994,random_forest,19.402,19.145,baseline,0.047,0.0718,knn
天津市滨海新区李金山养殖场,2025-11-04 10:26:00,12.3,11.646499999999996,random_forest,8.14,8.17115,random_forest,10.27,10.09,baseline,0.127,0.16079000000000004,random_forest,19.544,19.402,baseline,0.079,0.0806,knn
天津市滨海新区李金山养殖场,2025-11-04 15:41:00,10.3,10.411,random_forest,8.05,8.025899999999998,random_forest,10.2,10.27,baseline,0.133,0.16783500000000015,random_forest,19.6,19.544,baseline,0.232,0.11499999999999999,knn
天津市滨海新区李金山养殖场,2025-11-04 21:13:00,7.2,9.287500000000001,random_forest,7.78,7.852399999999999,random_forest,11.49,10.2,baseline,0.094,0.16579499999999997,random_forest,19.544,19.6,baseline,0.073,0.0754,knn
天津市滨海新区李金山养殖场,2025-11-05 00:07:00,8.8,9.121500000000006,random_forest,7.16,7.091850000000004,random_forest,10.53,11.49,baseline,0.168,0.17081500000000005,random_forest,19.434,19.544,baseline,0.043,0.13620000000000002,knn
天津市滨海新区李金山养殖场,2025-11-05 05:59:00,11.0,10.507,random_forest,6.91,7.165300000000005,random_forest,10.0,10.53,baseline,0.194,0.16514499999999996,random_forest,19.552,19.434,baseline,0.097,0.055999999999999994,knn
天津市滨海新区李金山养殖场,2025-11-05 10:11:00,12.4,11.503000000000004,random_forest,8.17,8.117849999999999,random_forest,9.38,10.0,baseline,0.238,0.17059999999999997,random_forest,19.673,19.552,baseline,0.082,0.039999999999999994,knn
天津市滨海新区李金山养殖场,2025-11-05 15:46:00,12.8,10.108999999999998,random_forest,8.07,7.976600000000001,random_forest,9.16,9.38,baseline,0.182,0.1660500000000001,random_forest,19.661,19.673,baseline,0.099,0.06899999999999999,knn
天津市滨海新区李金山养殖场,2025-11-05 21:00:00,8.9,10.126999999999995,random_forest,7.87,7.863300000000005,random_forest,11.55,9.16,baseline,0.141,0.16019999999999995,random_forest,19.594,19.661,baseline,0.336,0.071,knn
天津市滨海新区李金山养殖场,2025-11-06 00:15:00,9.6,9.835500000000003,random_forest,6.59,7.16,random_forest,10.74,11.55,baseline,0.109,0.163295,random_forest,19.747,19.594,baseline,0.416,0.09640000000000001,knn
天津市滨海新区李金山养殖场,2025-11-06 05:38:00,9.8,10.715500000000006,random_forest,7.42,7.167850000000008,random_forest,11.05,10.74,baseline,0.295,0.170305,random_forest,19.83,19.747,baseline,0.086,0.0754,knn
天津市滨海新区李金山养殖场,2025-11-06 10:38:00,11.0,11.381000000000018,random_forest,8.07,8.110449999999993,random_forest,9.25,11.05,baseline,0.165,0.17052999999999993,random_forest,19.651,19.83,baseline,0.104,0.1298,knn
天津市滨海新区李金山养殖场,2025-11-06 15:48:00,9.3,9.922000000000002,random_forest,7.99,7.98285,random_forest,10.28,9.25,baseline,0.146,0.195695,random_forest,19.588,19.651,baseline,0.021,0.0884,knn
天津市滨海新区李金山养殖场,2025-11-06 21:14:00,10.8,9.669999999999998,random_forest,7.7,7.840800000000001,random_forest,11.26,10.28,baseline,0.284,0.16607500000000003,random_forest,19.754,19.588,baseline,0.069,0.0698,knn
天津市滨海新区李金山养殖场,2025-11-07 00:20:00,10.6,9.786999999999999,random_forest,7.36,7.135049999999998,random_forest,11.32,11.26,baseline,0.069,0.15067000000000008,random_forest,19.6,19.754,baseline,0.275,0.11320000000000001,knn
天津市滨海新区李金山养殖场,2025-11-07 05:45:00,10.6,10.994000000000003,random_forest,6.71,7.256800000000001,random_forest,10.15,11.32,baseline,0.226,0.16751499999999997,random_forest,20.1,19.6,baseline,0.053,0.05720000000000001,knn
天津市滨海新区李金山养殖场,2025-11-07 10:20:00,10.4,11.057500000000003,random_forest,8.21,8.171499999999998,random_forest,9.81,10.15,baseline,0.262,0.17858999999999992,random_forest,20.05,20.1,baseline,0.209,0.09840000000000002,knn
天津市滨海新区李金山养殖场,2025-11-07 15:26:00,10.6,9.488500000000004,random_forest,7.97,7.999150000000002,random_forest,10.54,9.81,baseline,0.054,0.16317499999999996,random_forest,20.05,20.05,baseline,0.298,0.045200000000000004,knn
天津市滨海新区李金山养殖场,2025-11-07 21:23:00,9.9,9.0395,random_forest,7.62,7.847649999999992,random_forest,11.06,10.54,baseline,0.186,0.17729,random_forest,20.094,20.05,baseline,0.075,0.0968,knn
天津市滨海新区李金山养殖场,2025-11-08 00:20:00,8.2,9.874,random_forest,6.57,7.0668500000000005,random_forest,10.93,11.06,baseline,0.239,0.17140500000000003,random_forest,20.103,20.094,baseline,0.092,0.047599999999999996,knn
天津市滨海新区李金山养殖场,2025-11-08 05:33:00,8.8,10.413500000000006,random_forest,7.48,7.332399999999998,random_forest,10.77,10.93,baseline,0.106,0.169315,random_forest,20.096,20.103,baseline,0.034,0.10840000000000001,knn
天津市滨海新区李金山养殖场,2025-11-08 10:18:00,11.4,10.816000000000006,random_forest,8.14,8.155499999999996,random_forest,10.17,10.77,baseline,0.265,0.17528999999999997,random_forest,20.077,20.096,baseline,0.272,0.0486,knn
天津市滨海新区李金山养殖场,2025-11-08 15:58:00,11.8,10.0355,random_forest,7.87,8.026050000000003,random_forest,10.34,10.17,baseline,0.11,0.16718,random_forest,20.064,20.077,baseline,0.285,0.18480000000000002,knn
天津市滨海新区李金山养殖场,2025-11-08 21:17:00,9.0,9.583,random_forest,7.88,7.828149999999988,random_forest,11.2,10.34,baseline,0.093,0.18166500000000002,random_forest,20.241,20.064,baseline,0.075,0.10740000000000001,knn
天津市滨海新区李金山养殖场,2025-11-09 00:24:00,8.8,9.681500000000007,random_forest,6.81,7.1276999999999955,random_forest,11.25,11.2,baseline,0.101,0.16971500000000006,random_forest,20.278,20.241,baseline,0.072,0.15839999999999999,knn
天津市滨海新区李金山养殖场,2025-11-09 05:39:00,10.6,10.819500000000007,random_forest,7.37,7.245700000000005,random_forest,10.98,11.25,baseline,0.298,0.16258500000000006,random_forest,20.446,20.278,baseline,0.043,0.07120000000000001,knn
天津市滨海新区李金山养殖场,2025-11-09 10:08:00,8.9,10.957500000000003,random_forest,8.09,8.140949999999998,random_forest,9.73,10.98,baseline,0.203,0.16192,random_forest,20.376,20.446,baseline,0.048,0.0428,knn
天津市滨海新区李金山养殖场,2025-11-09 15:55:00,10.1,9.594000000000012,random_forest,7.81,8.005049999999997,random_forest,9.75,9.73,baseline,0.179,0.17577499999999993,random_forest,20.42,20.376,baseline,0.052,0.1252,knn
天津市滨海新区李金山养殖场,2025-11-09 21:19:00,9.4,9.419500000000005,random_forest,7.84,7.812049999999995,random_forest,10.95,9.75,baseline,0.115,0.16496999999999995,random_forest,20.344,20.42,baseline,0.041,0.0644,knn
天津市滨海新区李金山养殖场,2025-11-10 00:03:00,8.1,9.46,random_forest,7.0,7.361000000000003,random_forest,11.21,10.95,baseline,0.186,0.17960499999999996,random_forest,20.368,20.344,baseline,0.201,0.1276,knn
天津市滨海新区李金山养殖场,2025-11-10 05:50:00,10.1,10.300000000000002,random_forest,6.62,7.240550000000006,random_forest,9.93,11.21,baseline,0.057,0.1827850000000001,random_forest,20.444,20.368,baseline,0.122,0.05720000000000001,knn
天津市滨海新区李金山养殖场,2025-11-10 10:25:00,11.6,10.606500000000006,random_forest,8.07,8.136999999999993,random_forest,8.98,9.93,baseline,0.166,0.17254000000000005,random_forest,20.361,20.444,baseline,0.022,0.040400000000000005,knn
天津市滨海新区李金山养殖场,2025-11-10 15:50:00,10.0,10.451499999999996,random_forest,7.94,8.037600000000001,random_forest,11.27,8.98,baseline,0.149,0.17010499999999992,random_forest,20.379,20.361,baseline,0.152,0.1492,knn
天津市滨海新区李金山养殖场,2025-11-10 21:01:00,11.2,9.109000000000005,random_forest,7.82,7.849199999999993,random_forest,11.11,11.27,baseline,0.061,0.18702499999999997,random_forest,20.348,20.379,baseline,0.069,0.0906,knn
天津市滨海新区李金山养殖场,2025-11-11 00:37:00,7.5,10.508000000000004,random_forest,6.67,7.541200000000008,random_forest,10.7,11.11,baseline,0.17,0.17617499999999997,random_forest,20.3,20.348,baseline,0.063,0.0632,knn
天津市滨海新区李金山养殖场,2025-11-11 05:55:00,13.0,10.386000000000008,random_forest,7.46,7.457850000000007,random_forest,10.32,10.7,baseline,0.076,0.1880549999999999,random_forest,20.423,20.3,baseline,0.075,0.046599999999999996,knn
天津市滨海新区李金山养殖场,2025-11-11 10:30:00,11.1,11.523499999999997,random_forest,8.3,8.1417,random_forest,10.06,10.32,baseline,0.185,0.178035,random_forest,20.456,20.423,baseline,0.076,0.05,knn
天津市滨海新区李金山养殖场,2025-11-11 15:49:00,10.6,10.188500000000003,random_forest,7.86,8.035949999999994,random_forest,10.12,10.06,baseline,0.291,0.18017000000000002,random_forest,20.432,20.456,baseline,0.099,0.21339999999999998,knn
天津市滨海新区李金山养殖场,2025-11-11 21:10:00,8.3,9.0805,random_forest,7.73,7.817450000000004,random_forest,11.33,10.12,baseline,0.239,0.17283500000000007,random_forest,20.529,20.432,baseline,0.053,0.14119999999999996,knn
天津市滨海新区李金山养殖场,2025-11-12 00:14:00,10.1,10.491000000000003,random_forest,6.8,7.512500000000002,random_forest,10.62,11.33,baseline,0.159,0.18097000000000008,random_forest,20.565,20.529,baseline,0.245,0.074,knn
天津市滨海新区李金山养殖场,2025-11-12 05:39:00,11.1,10.726499999999996,random_forest,7.47,7.50280000000001,random_forest,11.18,10.62,baseline,0.138,0.17630499999999988,random_forest,20.72,20.565,baseline,0.072,0.11299999999999999,knn
天津市滨海新区李金山养殖场,2025-11-12 10:35:00,9.9,11.122500000000008,random_forest,8.27,8.123000000000001,random_forest,9.89,11.18,baseline,0.083,0.17298000000000005,random_forest,20.544,20.72,baseline,0.056,0.1326,knn
天津市滨海新区李金山养殖场,2025-11-12 15:50:00,11.9,9.225500000000006,random_forest,7.99,8.018000000000006,random_forest,10.33,9.89,baseline,0.102,0.17500500000000013,random_forest,20.681,20.544,baseline,0.033,0.0774,knn
天津市滨海新区李金山养殖场,2025-11-12 21:26:00,9.7,10.3495,random_forest,8.08,7.809999999999992,random_forest,11.18,10.33,baseline,0.149,0.1739050000000002,random_forest,20.723,20.681,baseline,0.044,0.06100000000000001,knn
天津市滨海新区李金山养殖场,2025-11-13 00:06:00,9.5,9.376500000000007,random_forest,7.14,7.412900000000002,random_forest,11.29,11.18,baseline,0.13,0.16504000000000013,random_forest,20.772,20.723,baseline,0.045,0.1376,knn
天津市滨海新区李金山养殖场,2025-11-13 05:43:00,12.3,10.298000000000002,random_forest,6.84,7.556350000000004,random_forest,10.53,11.29,baseline,0.107,0.17731999999999992,random_forest,20.789,20.772,baseline,0.125,0.0472,knn
天津市滨海新区李金山养殖场,2025-11-13 10:32:00,10.6,11.455500000000002,random_forest,8.04,8.091500000000003,random_forest,9.95,10.53,baseline,0.287,0.17829999999999988,random_forest,20.833,20.789,baseline,0.068,0.0524,knn
天津市滨海新区李金山养殖场,2025-11-13 15:25:00,10.0,9.431000000000003,random_forest,7.93,8.016849999999996,random_forest,10.32,9.95,baseline,0.248,0.16522999999999996,random_forest,20.666,20.833,baseline,0.177,0.0844,knn
天津市滨海新区李金山养殖场,2025-11-13 21:06:00,10.8,9.154500000000008,random_forest,7.89,7.854699999999992,random_forest,10.74,10.32,baseline,0.29,0.1787300000000001,random_forest,20.662,20.666,baseline,0.259,0.0816,knn
天津市滨海新区李金山养殖场,2025-11-14 00:37:00,9.2,10.471000000000002,random_forest,7.87,7.378000000000002,random_forest,11.72,10.74,baseline,0.18,0.15673500000000007,random_forest,20.556,20.662,baseline,0.197,0.07680000000000001,knn
天津市滨海新区李金山养殖场,2025-11-14 05:49:00,10.9,10.117,random_forest,7.19,7.537300000000007,random_forest,10.08,11.72,baseline,0.134,0.162305,random_forest,20.752,20.556,baseline,0.096,0.0862,knn
天津市滨海新区李金山养殖场,2025-11-14 10:12:00,13.6,11.324000000000002,random_forest,8.07,7.963450000000006,random_forest,9.54,10.08,baseline,0.127,0.15292999999999998,random_forest,20.792,20.752,baseline,0.088,0.1342,knn
天津市滨海新区李金山养殖场,2025-11-14 15:24:00,11.1,11.976999999999997,random_forest,7.94,8.009399999999994,random_forest,10.34,9.54,baseline,0.187,0.15779500000000007,random_forest,20.791,20.792,baseline,0.056,0.06539999999999999,knn
天津市滨海新区李金山养殖场,2025-11-14 21:12:00,10.3,9.705000000000009,random_forest,7.69,7.840599999999992,random_forest,9.99,10.34,baseline,0.207,0.16835999999999998,random_forest,20.778,20.791,baseline,0.085,0.1566,knn
天津市滨海新区李金山养殖场,2025-11-15 00:24:00,10.3,9.789499999999995,random_forest,7.43,7.400350000000011,random_forest,10.62,9.99,baseline,0.166,0.16594000000000006,random_forest,20.886,20.778,baseline,0.028,0.1156,knn
天津市滨海新区李金山养殖场,2025-11-15 05:34:00,10.6,11.002999999999997,random_forest,7.07,7.560200000000006,random_forest,10.59,10.62,baseline,0.105,0.17754999999999987,random_forest,20.931,20.886,baseline,0.062,0.033999999999999996,knn
天津市滨海新区李金山养殖场,2025-11-15 10:30:00,13.2,10.707,random_forest,8.0,8.078050000000005,random_forest,10.51,10.59,baseline,0.191,0.18129,random_forest,21.01,20.931,baseline,0.032,0.05,knn
天津市滨海新区李金山养殖场,2025-11-15 15:39:00,10.7,11.141000000000004,random_forest,8.19,7.965799999999994,random_forest,10.95,10.51,baseline,0.15,0.1688250000000001,random_forest,21.083,21.01,baseline,0.067,0.0696,knn
天津市滨海新区李金山养殖场,2025-11-15 21:24:00,9.8,9.615000000000004,random_forest,7.72,7.847299999999994,random_forest,10.91,10.95,baseline,0.092,0.17674999999999993,random_forest,21.058,21.083,baseline,0.069,0.06340000000000001,knn
天津市滨海新区李金山养殖场,2025-11-16 00:33:00,10.3,9.7405,random_forest,7.3,7.385550000000002,random_forest,11.67,10.91,baseline,0.23,0.17281500000000005,random_forest,21.002,21.058,baseline,0.027,0.06739999999999999,knn
天津市滨海新区李金山养殖场,2025-11-16 05:59:00,11.5,10.745500000000003,random_forest,7.12,7.620700000000002,random_forest,10.81,11.67,baseline,0.148,0.17530000000000015,random_forest,20.992,21.002,baseline,0.026,0.0504,knn
天津市滨海新区李金山养殖场,2025-11-16 10:24:00,10.2,10.864499999999994,random_forest,8.14,8.035500000000008,random_forest,9.87,10.81,baseline,0.155,0.18362499999999993,random_forest,21.041,20.992,baseline,0.05,0.0498,knn
天津市滨海新区李金山养殖场,2025-11-16 15:29:00,12.5,9.924500000000002,random_forest,7.93,7.981850000000001,random_forest,9.43,9.87,baseline,0.059,0.16978499999999994,random_forest,21.094,21.041,baseline,0.075,0.0598,knn
天津市滨海新区李金山养殖场,2025-11-16 21:03:00,10.0,10.215499999999995,random_forest,7.81,7.8337999999999965,random_forest,10.76,9.43,baseline,0.167,0.18251499999999996,random_forest,21.066,21.094,baseline,0.042,0.0644,knn
天津市滨海新区李金山养殖场,2025-11-17 00:16:00,10.3,9.770500000000004,random_forest,8.05,7.383500000000006,random_forest,10.41,10.76,baseline,0.139,0.17833999999999997,random_forest,21.126,21.066,baseline,0.084,0.0796,knn
天津市滨海新区李金山养殖场,2025-11-17 05:48:00,12.6,10.291999999999998,random_forest,7.04,7.524450000000004,random_forest,10.12,10.41,baseline,0.177,0.17542000000000002,random_forest,21.141,21.126,baseline,0.032,0.0558,knn
天津市滨海新区李金山养殖场,2025-11-17 10:35:00,10.2,11.5295,random_forest,8.14,8.108500000000003,random_forest,10.51,10.12,baseline,0.21,0.17302,random_forest,21.206,21.141,baseline,0.031,0.0512,knn
天津市滨海新区李金山养殖场,2025-11-17 15:39:00,10.2,9.438000000000002,random_forest,8.06,7.9742000000000015,random_forest,10.36,10.51,baseline,0.27,0.16268999999999995,random_forest,21.34,21.206,baseline,0.033,0.054200000000000005,knn
天津市滨海新区李金山养殖场,2025-11-17 21:05:00,9.5,9.657499999999995,random_forest,8.02,7.828749999999998,random_forest,10.4,10.36,baseline,0.191,0.1761250000000001,random_forest,21.478,21.34,baseline,0.045,0.0746,knn
天津市滨海新区李金山养殖场,2025-11-18 00:08:00,9.4,10.042000000000007,random_forest,6.78,7.462350000000006,random_forest,10.97,10.4,baseline,0.203,0.18035500000000002,random_forest,21.521,21.478,baseline,0.077,0.05700000000000001,knn
天津市滨海新区李金山养殖场,2025-11-18 05:41:00,10.0,10.006000000000002,random_forest,6.63,7.051450000000006,random_forest,10.95,10.97,baseline,0.156,0.18535999999999994,random_forest,21.508,21.521,baseline,0.045,0.0538,knn
天津市滨海新区李金山养殖场,2025-11-18 10:19:00,11.0,10.540500000000002,random_forest,8.18,8.014300000000013,random_forest,10.39,10.95,baseline,0.126,0.183065,random_forest,21.451,21.508,baseline,0.053,0.1032,knn
天津市滨海新区李金山养殖场,2025-11-18 15:22:00,10.5,10.3075,random_forest,7.99,7.985000000000003,random_forest,10.04,10.39,baseline,0.296,0.17122500000000002,random_forest,21.476,21.451,baseline,0.306,0.1048,knn
天津市滨海新区李金山养殖场,2025-11-18 21:02:00,10.3,8.898499999999999,random_forest,7.7,7.842999999999995,random_forest,10.37,10.04,baseline,0.197,0.16574999999999998,random_forest,21.481,21.476,baseline,0.046,0.094,knn
天津市滨海新区李金山养殖场,2025-11-19 00:31:00,8.8,9.08050000000001,random_forest,7.29,7.3454500000000005,random_forest,10.88,10.37,baseline,0.113,0.18216000000000004,random_forest,21.402,21.481,baseline,0.064,0.0642,knn
天津市滨海新区李金山养殖场,2025-11-19 05:53:00,9.6,10.794000000000006,random_forest,6.96,7.570650000000008,random_forest,10.59,10.88,baseline,0.241,0.16060499999999994,random_forest,21.277,21.402,baseline,0.047,0.13,knn
天津市滨海新区李金山养殖场,2025-11-19 10:03:00,11.2,10.622000000000003,random_forest,8.13,8.021300000000014,random_forest,9.37,10.59,baseline,0.268,0.17382499999999998,random_forest,21.2,21.277,baseline,0.081,0.079,knn
天津市滨海新区李金山养殖场,2025-11-19 15:47:00,9.8,10.5035,random_forest,7.79,7.993449999999996,random_forest,9.85,9.37,baseline,0.278,0.17120000000000005,random_forest,21.179,21.2,baseline,0.064,0.0536,knn
天津市滨海新区李金山养殖场,2025-11-19 21:02:00,10.2,9.187999999999999,random_forest,8.01,7.79775,random_forest,10.36,9.85,baseline,0.157,0.161205,random_forest,21.275,21.179,baseline,0.06,0.0598,knn
天津市滨海新区李金山养殖场,2025-11-20 00:36:00,10.6,9.625500000000002,random_forest,7.87,7.44150000000001,random_forest,11.54,10.36,baseline,0.194,0.16026000000000015,random_forest,21.228,21.275,baseline,0.041,0.04959999999999999,knn
天津市滨海新区李金山养殖场,2025-11-20 05:59:00,10.7,10.266000000000002,random_forest,7.35,7.386450000000007,random_forest,11.13,11.54,baseline,0.291,0.179035,random_forest,21.372,21.228,baseline,0.184,0.06140000000000001,knn
天津市滨海新区李金山养殖场,2025-11-20 10:24:00,12.3,10.4345,random_forest,8.23,7.738350000000008,random_forest,8.99,11.13,baseline,0.136,0.15108,random_forest,21.315,21.372,baseline,0.037,0.08320000000000001,knn
天津市滨海新区李金山养殖场,2025-11-20 15:35:00,9.7,10.945500000000003,random_forest,7.92,7.9810000000000025,random_forest,10.17,8.99,baseline,0.21,0.171495,random_forest,21.226,21.315,baseline,0.021,0.1042,knn
天津市滨海新区李金山养殖场,2025-11-20 21:09:00,10.1,9.450500000000003,random_forest,7.92,7.827549999999995,random_forest,10.86,10.17,baseline,0.147,0.1646300000000001,random_forest,21.25,21.226,baseline,0.081,0.0742,knn
天津市滨海新区李金山养殖场,2025-11-21 00:37:00,10.3,9.187000000000005,random_forest,7.31,7.335249999999999,random_forest,11.04,10.86,baseline,0.115,0.1665800000000001,random_forest,21.256,21.25,baseline,0.052,0.1434,knn
天津市滨海新区李金山养殖场,2025-11-21 05:38:00,11.5,10.672,random_forest,7.15,7.49705000000001,random_forest,10.08,11.04,baseline,0.176,0.1805849999999999,random_forest,21.259,21.256,baseline,0.037,0.0826,knn
天津市滨海新区李金山养殖场,2025-11-21 10:25:00,14.4,11.10250000000001,random_forest,8.18,8.019100000000016,random_forest,9.31,10.08,baseline,0.156,0.17211999999999997,random_forest,21.205,21.259,baseline,0.034,0.0354,knn
天津市滨海新区李金山养殖场,2025-11-21 15:26:00,12.3,12.242499999999996,random_forest,7.89,8.013149999999998,random_forest,9.15,9.31,baseline,0.084,0.16705999999999996,random_forest,21.135,21.205,baseline,0.072,0.0624,knn
天津市滨海新区李金山养殖场,2025-11-21 21:01:00,10.4,10.261499999999998,random_forest,7.81,7.826099999999996,random_forest,11.27,9.15,baseline,0.215,0.17672500000000002,random_forest,21.008,21.135,baseline,0.02,0.062,knn
天津市滨海新区李金山养殖场,2025-11-22 00:21:00,10.2,10.200499999999998,random_forest,7.38,7.459700000000005,random_forest,10.48,11.27,baseline,0.246,0.17841000000000004,random_forest,21.02,21.008,baseline,0.31,0.1708,knn
天津市滨海新区李金山养殖场,2025-11-22 05:58:00,10.2,11.124500000000006,random_forest,6.75,7.514600000000009,random_forest,11.15,10.48,baseline,0.143,0.17600999999999994,random_forest,21.02,21.02,baseline,0.414,0.0736,knn
天津市滨海新区李金山养殖场,2025-11-22 10:20:00,11.3,11.13000000000001,random_forest,8.23,8.009900000000012,random_forest,9.09,11.15,baseline,0.18,0.1766699999999999,random_forest,20.811,21.02,baseline,0.04,0.08420000000000001,knn
天津市滨海新区李金山养殖场,2025-11-22 15:28:00,12.3,10.178999999999997,random_forest,7.9,8.014949999999997,random_forest,10.58,9.09,baseline,0.194,0.16592499999999993,random_forest,20.95,20.811,baseline,0.025,0.13899999999999998,knn
天津市滨海新区李金山养殖场,2025-11-22 21:06:00,9.4,10.446000000000003,random_forest,7.76,7.814449999999989,random_forest,11.95,10.58,baseline,0.196,0.17452499999999996,random_forest,20.956,20.95,baseline,0.048,0.06699999999999999,knn
天津市滨海新区李金山养殖场,2025-12-15 13:38:00,6.3,9.043500000000002,random_forest,8.0,7.452450000000008,random_forest,2.9,11.95,baseline,0.167,0.18998,random_forest,20.823,20.956,baseline,0.047,0.07780000000000001,knn
天津市滨海新区李金山养殖场,2025-12-15 17:38:00,6.1,9.098999999999998,random_forest,8.0,7.91970000000001,random_forest,12.9,2.9,baseline,0.179,0.17160500000000006,random_forest,20.913,20.823,baseline,0.027,0.0602,knn
天津市滨海新区李金山养殖场,2025-12-16 01:39:00,6.0,8.8255,random_forest,6.95,7.933849999999995,random_forest,12.5,12.9,baseline,0.243,0.18211500000000005,random_forest,20.916,20.913,baseline,0.089,0.0588,knn
天津市滨海新区李金山养殖场,2025-12-16 05:40:00,5.8,7.3815,random_forest,6.67,7.703099999999997,random_forest,12.2,12.5,baseline,0.132,0.17691499999999993,random_forest,20.902,20.916,baseline,0.291,0.09040000000000001,knn
天津市滨海新区李金山养殖场,2025-12-16 09:40:00,5.6,6.500000000000004,random_forest,8.0,8.018300000000005,random_forest,12.4,12.2,baseline,0.109,0.18240999999999988,random_forest,20.924,20.902,baseline,0.023,0.0666,knn
天津市滨海新区李金山养殖场,2025-12-16 17:40:00,6.0,6.968000000000002,random_forest,8.0,8.030300000000002,random_forest,13.1,12.4,baseline,0.154,0.17098499999999994,random_forest,20.954,20.924,baseline,0.03,0.12720000000000004,knn
天津市滨海新区李金山养殖场,2025-12-16 21:40:00,5.8,5.766500000000001,random_forest,8.0,7.883949999999991,random_forest,12.5,13.1,baseline,0.186,0.18749000000000005,random_forest,20.967,20.954,baseline,0.062,0.15,knn
天津市滨海新区李金山养殖场,2025-12-17 01:41:00,5.8,5.659000000000001,random_forest,8.0,7.272999999999995,random_forest,12.5,12.5,baseline,0.234,0.17472499999999985,random_forest,20.923,20.967,baseline,0.115,0.07,knn
天津市滨海新区李金山养殖场,2025-12-17 05:41:00,5.7,5.905500000000006,random_forest,7.39,7.654049999999997,random_forest,13.0,12.5,baseline,0.283,0.17311999999999997,random_forest,20.685,20.923,baseline,0.042,0.0688,knn
天津市滨海新区李金山养殖场,2025-12-17 09:41:00,5.5,6.1915,random_forest,8.0,7.837649999999997,random_forest,13.0,13.0,baseline,0.196,0.16244500000000003,random_forest,20.653,20.685,baseline,0.051,0.0694,knn
天津市滨海新区李金山养殖场,2025-12-17 13:41:00,5.7,5.7650000000000015,random_forest,8.0,8.02385,random_forest,13.5,13.0,baseline,0.094,0.16674500000000006,random_forest,20.68,20.653,baseline,0.05,0.043800000000000006,knn
天津市滨海新区李金山养殖场,2025-12-17 17:41:00,5.6,5.5850000000000035,random_forest,8.0,8.041899999999995,random_forest,13.8,13.5,baseline,0.201,0.17686499999999994,random_forest,20.666,20.68,baseline,0.081,0.1428,knn
天津市滨海新区李金山养殖场,2025-12-17 21:42:00,5.7,5.2345,random_forest,8.0,8.03019999999999,random_forest,13.5,13.8,baseline,0.2,0.17847000000000002,random_forest,20.772,20.666,baseline,0.029,0.083,knn
天津市滨海新区李金山养殖场,2025-12-18 01:42:00,5.7,5.415500000000001,random_forest,6.75,7.345599999999995,random_forest,13.5,13.5,baseline,0.257,0.17164499999999985,random_forest,20.673,20.772,baseline,0.069,0.08800000000000001,knn
天津市滨海新区李金山养殖场,2025-12-18 05:42:00,5.4,6.131,random_forest,6.72,7.692599999999999,random_forest,13.4,13.5,baseline,0.17,0.17393999999999998,random_forest,20.599,20.673,baseline,0.211,0.06200000000000001,knn
天津市滨海新区李金山养殖场,2025-12-18 09:42:00,5.3,6.112500000000006,random_forest,8.0,8.054049999999998,random_forest,13.5,13.4,baseline,0.222,0.17848999999999995,random_forest,20.647,20.599,baseline,0.053,0.0426,knn
天津市滨海新区李金山养殖场,2025-12-18 13:42:00,5.6,5.734,random_forest,8.0,8.079949999999995,random_forest,13.9,13.5,baseline,0.183,0.16923,random_forest,20.51,20.647,baseline,0.19,0.1322,knn
天津市滨海新区李金山养殖场,2025-12-18 21:43:00,5.7,5.370999999999998,random_forest,8.0,8.053999999999997,random_forest,13.2,13.9,baseline,0.113,0.17400999999999986,random_forest,20.589,20.51,baseline,0.072,0.1486,knn
天津市滨海新区李金山养殖场,2025-12-19 01:43:00,5.7,5.320999999999999,random_forest,6.78,7.330799999999999,random_forest,13.2,13.2,baseline,0.254,0.17099499999999995,random_forest,20.56,20.589,baseline,0.075,0.126,knn
天津市滨海新区李金山养殖场,2025-12-19 05:43:00,5.5,6.143500000000004,random_forest,6.65,7.638399999999997,random_forest,13.7,13.2,baseline,0.13,0.17011499999999993,random_forest,20.555,20.56,baseline,0.101,0.10400000000000001,knn
天津市滨海新区李金山养殖场,2025-12-19 09:43:00,5.6,6.107500000000004,random_forest,8.0,8.077149999999998,random_forest,13.9,13.7,baseline,0.121,0.17719499999999996,random_forest,20.703,20.555,baseline,0.064,0.0994,knn
天津市滨海新区李金山养殖场,2025-12-19 13:44:00,5.8,5.765000000000002,random_forest,8.0,8.082749999999994,random_forest,14.7,13.9,baseline,0.075,0.176785,random_forest,20.596,20.703,baseline,0.091,0.12140000000000002,knn
天津市滨海新区李金山养殖场,2025-12-19 17:44:00,5.8,5.412499999999997,random_forest,8.0,8.039449999999999,random_forest,15.0,14.7,baseline,0.189,0.18623999999999996,random_forest,20.57,20.596,baseline,0.096,0.06699999999999999,knn
天津市滨海新区李金山养殖场,2025-12-20 01:44:00,5.5,5.276000000000002,random_forest,7.4,8.020499999999991,random_forest,13.8,15.0,baseline,0.179,0.17243000000000003,random_forest,20.461,20.57,baseline,0.138,0.1028,knn
天津市滨海新区李金山养殖场,2025-12-20 05:44:00,5.9,6.137500000000004,random_forest,6.79,7.6408000000000005,random_forest,13.8,13.8,baseline,0.214,0.169325,random_forest,20.265,20.461,baseline,0.069,0.05900000000000001,knn
天津市滨海新区李金山养殖场,2025-12-20 21:45:00,5.3,6.100000000000001,random_forest,8.0,8.113100000000001,random_forest,13.7,13.8,baseline,0.13,0.17376999999999987,random_forest,20.181,20.265,baseline,0.069,0.045799999999999993,knn
天津市滨海新区李金山养殖场,2025-12-21 01:46:00,5.3,5.448,random_forest,7.12,8.013699999999996,random_forest,13.7,13.7,baseline,0.142,0.1705799999999999,random_forest,20.219,20.181,baseline,0.057,0.137,knn
天津市滨海新区李金山养殖场,2025-12-21 05:46:00,4.9,5.772500000000003,random_forest,7.49,7.485600000000006,random_forest,13.3,13.7,baseline,0.142,0.18247,random_forest,20.302,20.219,baseline,0.07,0.056600000000000004,knn
天津市滨海新区李金山养殖场,2025-12-21 09:46:00,4.7,5.636000000000001,random_forest,8.0,8.10175,random_forest,13.3,13.3,baseline,0.167,0.18052500000000002,random_forest,20.369,20.302,baseline,0.043,0.11580000000000001,knn
天津市滨海新区李金山养殖场,2025-12-21 13:46:00,5.0,5.8325,random_forest,8.0,8.120750000000001,random_forest,13.7,13.3,baseline,0.176,0.17609499999999995,random_forest,20.157,20.369,baseline,0.06,0.06599999999999999,knn
天津市滨海新区李金山养殖场,2025-12-21 17:46:00,5.1,5.242999999999996,random_forest,8.0,8.065650000000002,random_forest,13.9,13.7,baseline,0.186,0.1772099999999998,random_forest,20.248,20.157,baseline,0.093,0.0888,knn
天津市滨海新区李金山养殖场,2025-12-21 21:47:00,5.0,5.239499999999998,random_forest,8.0,7.9873999999999965,random_forest,13.9,13.9,baseline,0.056,0.17782499999999996,random_forest,20.404,20.248,baseline,0.079,0.06720000000000001,knn
天津市滨海新区李金山养殖场,2025-12-22 01:47:00,5.0,5.830500000000002,random_forest,8.0,7.404450000000009,random_forest,13.9,13.9,baseline,0.183,0.1858799999999999,random_forest,20.316,20.404,baseline,0.083,0.1034,knn
天津市滨海新区李金山养殖场,2025-12-22 05:47:00,4.8,5.861500000000002,random_forest,7.48,7.565949999999998,random_forest,13.4,13.9,baseline,0.156,0.18280000000000005,random_forest,20.173,20.316,baseline,0.04,0.1278,knn
天津市滨海新区李金山养殖场,2025-12-22 09:47:00,4.9,5.971000000000003,random_forest,8.0,7.961649999999999,random_forest,13.5,13.4,baseline,0.247,0.1771000000000001,random_forest,20.149,20.173,baseline,0.047,0.0416,knn
天津市滨海新区李金山养殖场,2025-12-22 13:47:00,5.0,5.768500000000002,random_forest,8.0,8.1179,random_forest,14.0,13.5,baseline,0.169,0.17836499999999997,random_forest,20.05,20.149,baseline,0.099,0.0632,knn
天津市滨海新区李金山养殖场,2025-12-22 17:48:00,5.1,5.5385,random_forest,8.0,8.055299999999995,random_forest,14.2,14.0,baseline,0.273,0.1746449999999999,random_forest,20.05,20.05,baseline,0.045,0.08960000000000001,knn
天津市滨海新区李金山养殖场,2025-12-22 21:48:00,5.0,5.339999999999999,random_forest,8.0,7.973899999999994,random_forest,13.7,14.2,baseline,0.142,0.17549499999999987,random_forest,20.074,20.05,baseline,0.246,0.0664,knn
天津市滨海新区李金山养殖场,2025-12-23 01:48:00,5.0,5.723499999999999,random_forest,7.29,7.293100000000001,random_forest,13.7,13.7,baseline,0.146,0.177045,random_forest,20.222,20.074,baseline,0.042,0.1026,knn
天津市滨海新区李金山养殖场,2025-12-23 05:48:00,5.0,6.121000000000002,random_forest,7.23,7.573850000000001,random_forest,13.5,13.7,baseline,0.279,0.175495,random_forest,20.24,20.222,baseline,0.028,0.11600000000000002,knn
天津市滨海新区李金山养殖场,2025-12-23 09:48:00,4.9,6.047000000000001,random_forest,8.0,8.132649999999998,random_forest,13.5,13.5,baseline,0.198,0.17757499999999996,random_forest,20.05,20.24,baseline,0.034,0.11280000000000001,knn
天津市滨海新区李金山养殖场,2025-12-23 13:49:00,4.8,5.865999999999997,random_forest,8.0,8.119449999999999,random_forest,12.5,13.5,baseline,0.201,0.17806999999999992,random_forest,20.07,20.05,baseline,0.059,0.07520000000000002,knn
天津市滨海新区李金山养殖场,2025-12-23 21:49:00,5.0,5.0049999999999955,random_forest,8.0,8.043399999999998,random_forest,14.7,12.5,baseline,0.176,0.18488499999999994,random_forest,20.05,20.07,baseline,0.04,0.0812,knn
天津市滨海新区李金山养殖场,2025-12-24 01:49:00,5.0,4.807499999999994,random_forest,7.38,7.189199999999999,random_forest,14.7,14.7,baseline,0.245,0.1825399999999999,random_forest,20.05,20.05,baseline,0.093,0.07699999999999999,knn
天津市滨海新区李金山养殖场,2025-12-24 05:50:00,5.0,6.0779999999999985,random_forest,6.68,7.54725,random_forest,14.4,14.7,baseline,0.204,0.18362999999999996,random_forest,20.09,20.05,baseline,0.061,0.0688,knn
天津市滨海新区李金山养殖场,2025-12-24 09:50:00,4.9,6.377999999999995,random_forest,8.0,8.115350000000001,random_forest,14.5,14.4,baseline,0.286,0.17468999999999993,random_forest,20.107,20.09,baseline,0.099,0.06720000000000001,knn
天津市滨海新区李金山养殖场,2025-12-24 13:50:00,5.1,5.7465,random_forest,8.0,8.117799999999999,random_forest,15.3,14.5,baseline,0.183,0.17366499999999996,random_forest,20.063,20.107,baseline,0.195,0.1342,knn
天津市滨海新区李金山养殖场,2025-12-24 17:50:00,5.4,5.236999999999995,random_forest,8.0,8.04675,random_forest,14.4,15.3,baseline,0.207,0.1710049999999999,random_forest,20.05,20.063,baseline,0.098,0.0958,knn
天津市滨海新区李金山养殖场,2025-12-25 01:51:00,5.1,4.978499999999996,random_forest,6.76,7.9452,random_forest,14.0,14.4,baseline,0.171,0.16422499999999993,random_forest,20.05,20.05,baseline,0.094,0.0706,knn
天津市滨海新区李金山养殖场,2025-12-25 09:51:00,4.8,6.257999999999999,random_forest,8.0,7.465999999999999,random_forest,13.7,14.0,baseline,0.108,0.1712199999999999,random_forest,20.05,20.05,baseline,0.085,0.12220000000000002,knn
天津市滨海新区李金山养殖场,2025-12-25 13:52:00,4.9,5.852499999999997,random_forest,8.0,8.115299999999996,random_forest,13.6,13.7,baseline,0.29,0.17090500000000003,random_forest,20.075,20.05,baseline,0.078,0.11380000000000001,knn
天津市滨海新区李金山养殖场,2025-12-25 17:52:00,4.5,5.371500000000003,random_forest,8.0,8.047549999999996,random_forest,12.3,13.6,baseline,0.181,0.18049500000000004,random_forest,20.05,20.075,baseline,0.036,0.0726,knn
天津市滨海新区李金山养殖场,2025-12-26 01:52:00,5.2,4.945499999999992,random_forest,7.38,7.929899999999999,random_forest,13.8,12.3,baseline,0.157,0.17424,random_forest,20.05,20.05,baseline,0.07,0.0804,knn
天津市滨海新区李金山养殖场,2025-12-26 05:53:00,4.4,6.260999999999998,random_forest,7.02,7.640500000000003,random_forest,14.2,13.8,baseline,0.161,0.16907999999999995,random_forest,20.139,20.05,baseline,0.061,0.1162,knn
天津市滨海新区李金山养殖场,2025-12-26 13:53:00,4.5,6.225000000000002,random_forest,8.0,8.152700000000005,random_forest,14.4,14.2,baseline,0.093,0.18276000000000003,random_forest,20.28,20.139,baseline,0.024,0.07239999999999999,knn
天津市滨海新区李金山养殖场,2025-12-26 17:53:00,4.4,5.788000000000002,random_forest,8.0,8.010849999999998,random_forest,14.3,14.4,baseline,0.136,0.17924499999999988,random_forest,20.265,20.28,baseline,0.265,0.1244,knn
天津市滨海新区李金山养殖场,2025-12-26 21:54:00,4.6,5.241999999999993,random_forest,8.0,7.885799999999997,random_forest,14.4,14.3,baseline,0.141,0.18646999999999989,random_forest,20.1,20.265,baseline,0.077,0.0796,knn
天津市滨海新区李金山养殖场,2025-12-27 01:54:00,4.6,5.087999999999993,random_forest,6.79,7.225200000000001,random_forest,14.4,14.4,baseline,0.261,0.17529500000000003,random_forest,19.6,20.1,baseline,0.256,0.11980000000000002,knn
天津市滨海新区李金山养殖场,2025-12-27 05:54:00,4.4,6.4119999999999955,random_forest,7.02,7.403149999999999,random_forest,14.4,14.4,baseline,0.142,0.17997999999999992,random_forest,19.721,19.6,baseline,0.157,0.047,knn
天津市滨海新区李金山养殖场,2025-12-27 09:54:00,4.2,6.372000000000005,random_forest,8.0,8.11645,random_forest,14.7,14.4,baseline,0.142,0.17524000000000003,random_forest,19.663,19.721,baseline,0.079,0.09539999999999998,knn
天津市滨海新区李金山养殖场,2025-12-27 13:54:00,4.6,5.891,random_forest,9.0,8.023250000000006,random_forest,15.5,14.7,baseline,0.197,0.17912000000000003,random_forest,19.726,19.663,baseline,0.236,0.12060000000000001,knn
天津市滨海新区李金山养殖场,2025-12-27 17:55:00,4.4,5.146499999999992,random_forest,8.0,8.112400000000001,random_forest,14.4,15.5,baseline,0.104,0.1766200000000001,random_forest,19.734,19.726,baseline,0.039,0.0736,knn
天津市滨海新区李金山养殖场,2025-12-27 21:55:00,8.8,4.749499999999994,random_forest,9.0,7.938899999999992,random_forest,9.8,14.4,baseline,0.194,0.18025000000000005,random_forest,19.838,19.734,baseline,0.042,0.11979999999999999,knn
天津市滨海新区李金山养殖场,2025-12-28 01:55:00,6.8,8.7735,random_forest,7.3,7.294549999999999,random_forest,9.8,9.8,baseline,0.152,0.17271500000000017,random_forest,19.794,19.838,baseline,0.071,0.07239999999999999,knn
天津市滨海新区李金山养殖场,2025-12-28 05:55:00,7.1,6.494000000000002,random_forest,6.68,7.661550000000003,random_forest,9.4,9.8,baseline,0.124,0.18153499999999997,random_forest,19.902,19.794,baseline,0.066,0.04379999999999999,knn
天津市滨海新区李金山养殖场,2025-12-28 09:55:00,9.7,7.750999999999998,random_forest,8.0,8.087599999999997,random_forest,13.8,9.4,baseline,0.154,0.18889999999999993,random_forest,19.95,19.902,baseline,0.073,0.1026,knn
天津市滨海新区李金山养殖场,2025-12-28 17:56:00,4.6,9.424999999999997,random_forest,8.0,8.408800000000008,random_forest,14.4,13.8,baseline,0.209,0.184045,random_forest,19.95,19.95,baseline,0.071,0.16640000000000002,knn
天津市滨海新区李金山养殖场,2025-12-28 21:56:00,4.4,5.785999999999998,random_forest,8.0,7.894150000000003,random_forest,14.2,14.4,baseline,0.28,0.19254000000000004,random_forest,19.95,19.95,baseline,0.058,0.07419999999999999,knn
天津市滨海新区李金山养殖场,2025-12-29 01:56:00,4.4,6.941999999999999,random_forest,6.97,7.369799999999991,random_forest,14.2,14.2,baseline,0.176,0.1815,random_forest,19.935,19.95,baseline,0.037,0.055999999999999994,knn
天津市滨海新区李金山养殖场,2025-12-29 05:57:00,4.1,7.234499999999996,random_forest,7.24,7.519449999999998,random_forest,13.8,14.2,baseline,0.13,0.18292499999999992,random_forest,19.95,19.935,baseline,0.073,0.0624,knn
天津市滨海新区李金山养殖场,2025-12-29 09:57:00,4.0,6.3865,random_forest,8.0,8.027700000000001,random_forest,14.3,13.8,baseline,0.116,0.17402500000000004,random_forest,19.95,19.95,baseline,0.021,0.0634,knn
天津市滨海新区李金山养殖场,2025-12-29 13:57:00,4.2,6.506,random_forest,8.0,8.037400000000005,random_forest,14.4,14.3,baseline,0.059,0.18680499999999994,random_forest,19.95,19.95,baseline,0.044,0.1286,knn
天津市滨海新区李金山养殖场,2025-12-29 17:57:00,4.3,5.115999999999995,random_forest,8.0,8.033050000000003,random_forest,14.7,14.4,baseline,0.134,0.1885649999999999,random_forest,19.95,19.95,baseline,0.064,0.0634,knn
天津市滨海新区李金山养殖场,2025-12-29 21:57:00,4.4,5.140499999999992,random_forest,9.0,7.919650000000002,random_forest,16.9,14.7,baseline,0.174,0.192875,random_forest,19.95,19.95,baseline,0.071,0.08020000000000001,knn
天津市滨海新区李金山养殖场,2025-12-30 05:58:00,4.4,5.751499999999998,random_forest,9.0,7.289799999999999,random_forest,16.6,16.9,baseline,0.094,0.19086000000000006,random_forest,19.95,19.95,baseline,0.057,0.1044,knn
天津市滨海新区李金山养殖场,2025-12-30 09:58:00,4.3,5.7325,random_forest,9.0,7.984299999999993,random_forest,16.7,16.6,baseline,0.155,0.18547000000000005,random_forest,19.95,19.95,baseline,0.295,0.09259999999999999,knn
天津市滨海新区李金山养殖场,2025-12-30 13:58:00,4.6,5.521499999999999,random_forest,9.0,8.142749999999996,random_forest,17.2,16.7,baseline,0.212,0.18912500000000015,random_forest,19.935,19.95,baseline,0.063,0.0918,knn
天津市滨海新区李金山养殖场,2025-12-30 21:59:00,4.5,5.478000000000001,random_forest,9.0,8.066249999999995,random_forest,15.9,17.2,baseline,0.16,0.18878000000000006,random_forest,19.95,19.935,baseline,0.028,0.11920000000000001,knn
天津市滨海新区李金山养殖场,2025-12-31 01:59:00,4.5,5.2769999999999975,random_forest,7.14,7.38255,random_forest,15.9,15.9,baseline,0.089,0.18006500000000003,random_forest,19.911,19.95,baseline,0.039,0.08299999999999999,knn
天津市滨海新区李金山养殖场,2025-12-31 05:59:00,4.4,5.827499999999999,random_forest,7.34,7.974000000000001,random_forest,17.1,15.9,baseline,0.16,0.19979500000000003,random_forest,19.902,19.911,baseline,0.065,0.0658,knn
天津市滨海新区李金山养殖场,2025-12-31 09:59:00,4.4,6.113,random_forest,9.0,8.42665,random_forest,17.3,17.1,baseline,0.26,0.20340500000000009,random_forest,19.909,19.902,baseline,0.054,0.10520000000000003,knn
天津市滨海新区李金山养殖场,2025-12-31 13:59:00,4.7,6.220500000000002,random_forest,9.0,8.421049999999994,random_forest,18.4,17.3,baseline,0.128,0.2048899999999999,random_forest,19.805,19.909,baseline,0.235,0.064,knn
天津市滨海新区李金山养殖场,2025-12-31 18:00:00,4.7,5.0219999999999905,random_forest,9.0,8.389850000000006,random_forest,17.1,18.4,baseline,0.188,0.2057749999999999,random_forest,19.715,19.805,baseline,0.037,0.0976,knn
天津市滨海新区李金山养殖场,2026-01-08 22:10:00,4.2,5.070499999999991,random_forest,8.0,8.54485,random_forest,17.4,17.1,baseline,0.156,0.19362999999999983,random_forest,19.914,19.715,baseline,0.273,0.13599999999999998,knn
天津市滨海新区李金山养殖场,2026-01-09 10:10:00,3.3,3.2185000000000015,random_forest,8.0,7.358350000000002,random_forest,16.7,17.4,baseline,0.155,0.1804650000000001,random_forest,19.882,19.914,baseline,0.298,0.09459999999999999,knn
天津市滨海新区李金山养殖场,2026-01-09 14:11:00,3.7,3.686000000000001,random_forest,9.0,7.517650000000002,random_forest,17.0,16.7,baseline,0.241,0.180835,random_forest,19.719,19.882,baseline,0.059,0.10300000000000001,knn
天津市滨海新区李金山养殖场,2026-01-09 18:11:00,3.7,2.799000000000001,random_forest,9.0,8.234999999999992,random_forest,17.0,17.0,baseline,0.261,0.20009999999999997,random_forest,19.883,19.719,baseline,0.071,0.1222,knn
天津市滨海新区李金山养殖场,2026-01-09 22:11:00,3.8,2.629000000000001,random_forest,9.0,8.410649999999997,random_forest,17.0,17.0,baseline,0.174,0.19655000000000009,random_forest,19.822,19.883,baseline,0.118,0.1142,knn
天津市滨海新区李金山养殖场,2026-01-10 02:12:00,3.6,2.5415000000000014,random_forest,6.53,7.280049999999996,random_forest,17.0,17.0,baseline,0.186,0.19864,random_forest,19.95,19.822,baseline,0.136,0.07980000000000001,knn
天津市滨海新区李金山养殖场,2026-01-10 06:12:00,3.5,4.153999999999996,random_forest,8.0,7.792900000000002,random_forest,17.2,17.0,baseline,0.176,0.1835750000000001,random_forest,19.95,19.95,baseline,0.233,0.08720000000000001,knn
天津市滨海新区李金山养殖场,2026-01-10 10:12:00,3.5,3.947999999999997,random_forest,8.0,8.345600000000008,random_forest,17.4,17.2,baseline,0.208,0.17518500000000004,random_forest,19.95,19.95,baseline,0.022,0.15360000000000001,knn
天津市滨海新区李金山养殖场,2026-01-10 14:13:00,3.9,3.9780000000000006,random_forest,9.0,8.125099999999998,random_forest,18.0,17.4,baseline,0.175,0.19274500000000006,random_forest,19.772,19.95,baseline,0.028,0.08600000000000001,knn
天津市滨海新区李金山养殖场,2026-01-10 18:13:00,3.66,2.8325000000000005,random_forest,8.0,8.247849999999994,random_forest,12.6,18.0,baseline,0.204,0.18629000000000012,random_forest,19.891,19.772,baseline,0.079,0.0648,knn
天津市滨海新区李金山养殖场,2026-01-10 22:13:00,3.58,2.8040000000000025,random_forest,9.0,8.265949999999993,random_forest,9.8,12.6,baseline,0.16,0.19707500000000014,random_forest,19.883,19.891,baseline,0.08,0.0996,knn
天津市滨海新区李金山养殖场,2026-01-11 02:13:00,3.54,3.0125000000000024,random_forest,9.0,7.352750000000003,random_forest,9.6,9.8,baseline,0.196,0.17682500000000004,random_forest,19.796,19.883,baseline,0.048,0.073,knn
天津市滨海新区李金山养殖场,2026-01-11 06:14:00,3.54,4.103499999999999,random_forest,8.82,7.899099999999997,random_forest,9.5,9.6,baseline,0.105,0.18917000000000006,random_forest,19.761,19.796,baseline,0.021,0.1162,knn
天津市滨海新区李金山养殖场,2026-01-11 10:14:00,3.49,3.877,random_forest,7.88,8.096699999999997,random_forest,9.3,9.5,baseline,0.276,0.17874500000000004,random_forest,19.717,19.761,baseline,0.045,0.0726,knn
天津市滨海新区李金山养殖场,2026-01-11 14:14:00,3.42,3.922499999999999,random_forest,7.8,8.380550000000007,random_forest,5.94,9.3,baseline,0.051,0.19529499999999994,random_forest,19.702,19.717,baseline,0.026,0.049800000000000004,knn
天津市滨海新区李金山养殖场,2026-01-11 18:15:00,3.4,3.208,random_forest,7.88,7.670049999999998,random_forest,3.28,5.94,baseline,0.113,0.19396999999999998,random_forest,19.689,19.702,baseline,0.089,0.1122,knn
天津市滨海新区李金山养殖场,2026-01-12 02:15:00,3.44,2.3735000000000013,random_forest,6.75,8.056749999999989,random_forest,9.3,3.28,baseline,0.118,0.20581500000000008,random_forest,19.483,19.689,baseline,0.029,0.17919999999999997,knn
天津市滨海新区李金山养殖场,2026-01-12 06:15:00,3.5,3.986500000000001,random_forest,8.74,8.031899999999993,random_forest,9.2,9.3,baseline,0.168,0.192895,random_forest,19.445,19.483,baseline,0.099,0.0928,knn
天津市滨海新区李金山养殖场,2026-01-12 14:16:00,3.44,4.456000000000002,random_forest,7.93,8.003349999999996,random_forest,3.18,9.2,baseline,0.244,0.17738500000000004,random_forest,19.597,19.445,baseline,0.126,0.0598,knn
天津市滨海新区李金山养殖场,2026-01-12 18:16:00,3.48,2.8775,random_forest,7.83,8.231300000000003,random_forest,9.3,3.18,baseline,0.185,0.18071499999999982,random_forest,19.474,19.597,baseline,0.101,0.094,knn
天津市滨海新区李金山养殖场,2026-01-13 02:16:00,3.51,3.044000000000001,random_forest,7.44,7.46205,random_forest,3.71,9.3,baseline,0.226,0.18913,random_forest,19.717,19.474,baseline,0.034,0.0534,knn
天津市滨海新区李金山养殖场,2026-01-13 06:17:00,3.55,3.941500000000001,random_forest,7.93,7.387850000000001,random_forest,5.21,3.71,baseline,0.063,0.18058999999999986,random_forest,19.593,19.717,baseline,0.414,0.0466,knn
天津市滨海新区李金山养殖场,2026-01-13 10:17:00,3.58,3.813500000000001,random_forest,8.04,7.952049999999997,random_forest,8.82,5.21,baseline,0.126,0.17470999999999998,random_forest,19.587,19.593,baseline,0.063,0.06999999999999999,knn
天津市滨海新区李金山养殖场,2026-01-13 14:17:00,3.6,3.6480000000000006,random_forest,8.1,8.064499999999997,random_forest,9.5,8.82,baseline,0.164,0.19168500000000002,random_forest,19.615,19.587,baseline,0.032,0.06760000000000001,knn
天津市滨海新区李金山养殖场,2026-01-13 18:17:00,3.55,2.8840000000000003,random_forest,7.96,7.707749999999997,random_forest,10.36,9.5,baseline,0.156,0.1897600000000001,random_forest,19.689,19.615,baseline,0.2,0.0774,knn
天津市滨海新区李金山养殖场,2026-01-13 22:18:00,3.57,3.1014999999999997,random_forest,7.9,7.603700000000006,random_forest,8.65,10.36,baseline,0.151,0.18157999999999996,random_forest,19.71,19.689,baseline,0.078,0.0596,knn
天津市滨海新区李金山养殖场,2026-01-14 02:18:00,3.56,3.026500000000001,random_forest,6.68,7.081650000000005,random_forest,9.3,8.65,baseline,0.264,0.18042999999999998,random_forest,19.798,19.71,baseline,0.063,0.10819999999999999,knn
天津市滨海新区李金山养殖场,2026-01-14 06:18:00,3.51,4.218000000000001,random_forest,8.18,7.444399999999996,random_forest,9.3,9.3,baseline,0.22,0.1874850000000001,random_forest,19.734,19.798,baseline,0.333,0.073,knn
天津市滨海新区李金山养殖场,2026-01-14 10:19:00,3.57,3.8560000000000008,random_forest,7.89,8.02105,random_forest,8.24,9.3,baseline,0.139,0.17387999999999998,random_forest,19.804,19.734,baseline,0.03,0.0742,knn
天津市滨海新区李金山养殖场,2026-01-14 14:19:00,3.51,3.7030000000000025,random_forest,7.97,8.014799999999994,random_forest,9.6,8.24,baseline,0.259,0.17626499999999998,random_forest,19.833,19.804,baseline,0.06,0.05739999999999999,knn
天津市滨海新区李金山养殖场,2026-01-14 18:19:00,3.48,2.58,random_forest,7.95,7.3610500000000005,random_forest,11.05,9.6,baseline,0.122,0.16122499999999992,random_forest,19.797,19.833,baseline,0.037,0.1506,knn
天津市滨海新区李金山养殖场,2026-01-14 22:19:00,3.44,3.299000000000001,random_forest,7.93,7.599600000000001,random_forest,9.19,11.05,baseline,0.213,0.17198500000000014,random_forest,19.864,19.797,baseline,0.027,0.0722,knn
天津市滨海新区李金山养殖场,2026-01-15 06:20:00,3.41,3.0984999999999996,random_forest,8.07,7.224700000000005,random_forest,5.04,9.19,baseline,0.146,0.17156000000000013,random_forest,19.775,19.864,baseline,0.071,0.18439999999999998,knn
天津市滨海新区李金山养殖场,2026-01-15 18:20:00,3.4,4.112500000000001,random_forest,7.93,8.021099999999999,random_forest,9.84,5.04,baseline,0.193,0.17377500000000004,random_forest,19.719,19.775,baseline,0.033,0.096,knn
天津市滨海新区李金山养殖场,2026-01-15 22:20:00,3.46,2.668500000000002,random_forest,7.91,7.647100000000004,random_forest,9.76,9.84,baseline,0.21,0.18717000000000006,random_forest,19.508,19.719,baseline,0.086,0.09999999999999999,knn
天津市滨海新区李金山养殖场,2026-01-16 02:21:00,3.52,2.5585000000000004,random_forest,6.57,7.166400000000005,random_forest,9.3,9.76,baseline,0.201,0.18911000000000017,random_forest,19.494,19.508,baseline,0.494,0.08520000000000001,knn
天津市滨海新区李金山养殖场,2026-01-16 06:21:00,3.59,3.886000000000002,random_forest,8.06,7.435250000000008,random_forest,3.46,9.3,baseline,0.252,0.18924499999999994,random_forest,19.535,19.494,baseline,0.048,0.07680000000000001,knn
天津市滨海新区李金山养殖场,2026-01-16 10:21:00,3.55,3.8799999999999994,random_forest,8.02,8.013599999999999,random_forest,9.34,3.46,baseline,0.251,0.17915500000000006,random_forest,19.602,19.535,baseline,0.199,0.14040000000000002,knn
天津市滨海新区李金山养殖场,2026-01-16 14:21:00,3.59,3.7970000000000037,random_forest,7.93,7.984099999999997,random_forest,9.19,9.34,baseline,0.265,0.17894999999999997,random_forest,19.677,19.602,baseline,0.027,0.1482,knn
天津市滨海新区李金山养殖场,2026-01-16 18:21:00,3.64,3.154,random_forest,7.86,7.489000000000001,random_forest,9.42,9.19,baseline,0.17,0.18005,random_forest,19.672,19.677,baseline,0.102,0.08879999999999999,knn
天津市滨海新区李金山养殖场,2026-01-16 22:22:00,3.59,2.6650000000000005,random_forest,8.16,7.371099999999997,random_forest,7.66,9.42,baseline,0.158,0.18571499999999996,random_forest,19.881,19.672,baseline,0.096,0.08519999999999998,knn
天津市滨海新区李金山养殖场,2026-01-17 06:22:00,3.57,2.6980000000000017,random_forest,8.2,7.222549999999999,random_forest,5.92,7.66,baseline,0.223,0.1717550000000001,random_forest,19.9,19.881,baseline,0.047,0.1056,knn
天津市滨海新区李金山养殖场,2026-01-17 10:22:00,3.57,3.9969999999999986,random_forest,7.89,8.049149999999996,random_forest,8.24,5.92,baseline,0.211,0.1830899999999999,random_forest,19.95,19.9,baseline,0.03,0.0854,knn
天津市滨海新区李金山养殖场,2026-01-17 14:22:00,3.61,3.904500000000001,random_forest,8.0,7.894950000000005,random_forest,8.49,8.24,baseline,0.119,0.19194499999999998,random_forest,19.95,19.95,baseline,0.068,0.09720000000000001,knn
天津市滨海新区李金山养殖场,2026-01-17 18:22:00,3.56,2.7125,random_forest,7.93,7.397399999999999,random_forest,9.94,8.49,baseline,0.196,0.18182000000000006,random_forest,19.95,19.95,baseline,0.048,0.07980000000000001,knn
天津市滨海新区李金山养殖场,2026-01-17 22:23:00,3.59,2.8910000000000013,random_forest,8.07,7.677750000000003,random_forest,9.66,9.94,baseline,0.104,0.19184,random_forest,19.95,19.95,baseline,0.064,0.06040000000000001,knn
天津市滨海新区李金山养殖场,2026-01-18 02:23:00,3.6,2.495,random_forest,7.12,7.190349999999999,random_forest,9.3,9.66,baseline,0.244,0.18578000000000006,random_forest,19.95,19.95,baseline,0.056,0.16699999999999998,knn
天津市滨海新区李金山养殖场,2026-01-18 06:23:00,3.58,4.163500000000001,random_forest,8.66,7.95745,random_forest,9.3,9.3,baseline,0.284,0.18341000000000005,random_forest,19.835,19.95,baseline,0.066,0.05500000000000001,knn
天津市滨海新区李金山养殖场,2026-01-18 10:23:00,3.53,4.019000000000002,random_forest,7.96,8.033149999999997,random_forest,9.28,9.3,baseline,0.158,0.17612000000000008,random_forest,19.803,19.835,baseline,0.055,0.0922,knn
天津市滨海新区李金山养殖场,2026-01-18 14:23:00,3.57,3.946500000000002,random_forest,8.0,8.213349999999998,random_forest,7.8,9.28,baseline,0.251,0.17953000000000008,random_forest,19.825,19.803,baseline,0.091,0.0558,knn
天津市滨海新区李金山养殖场,2026-01-18 18:24:00,4.7,2.978000000000001,random_forest,8.0,7.446349999999993,random_forest,17.3,7.8,baseline,0.129,0.17819500000000008,random_forest,19.819,19.825,baseline,0.071,0.05739999999999999,knn
天津市滨海新区李金山养殖场,2026-01-18 22:24:00,4.3,2.636000000000001,random_forest,8.0,7.754299999999995,random_forest,19.9,17.3,baseline,0.162,0.18249000000000012,random_forest,19.652,19.819,baseline,0.229,0.0762,knn
天津市滨海新区李金山养殖场,2026-01-19 02:24:00,4.2,3.597000000000004,random_forest,7.26,7.269199999999996,random_forest,18.8,19.9,baseline,0.177,0.18478000000000006,random_forest,19.529,19.652,baseline,0.058,0.0894,knn
天津市滨海新区李金山养殖场,2026-01-19 06:24:00,3.8,4.469999999999996,random_forest,8.0,8.09309999999999,random_forest,19.4,18.8,baseline,0.101,0.1932999999999999,random_forest,19.455,19.529,baseline,0.077,0.088,knn
天津市滨海新区李金山养殖场,2026-01-19 10:25:00,3.7,4.394999999999995,random_forest,8.0,8.164950000000001,random_forest,19.5,19.4,baseline,0.11,0.1819700000000001,random_forest,19.475,19.455,baseline,0.022,0.20180000000000003,knn
天津市滨海新区李金山养殖场,2026-01-19 14:25:00,4.1,4.2055,random_forest,8.0,8.001449999999998,random_forest,19.7,19.5,baseline,0.1,0.17652,random_forest,19.567,19.475,baseline,0.271,0.0864,knn
天津市滨海新区李金山养殖场,2026-01-19 18:25:00,4.4,3.063000000000002,random_forest,8.0,7.8466,random_forest,20.1,19.7,baseline,0.118,0.17732000000000006,random_forest,19.505,19.567,baseline,0.026,0.054000000000000006,knn
天津市滨海新区李金山养殖场,2026-01-19 22:25:00,4.2,3.2945000000000015,random_forest,8.0,7.852950000000002,random_forest,20.5,20.1,baseline,0.223,0.18655500000000003,random_forest,19.53,19.505,baseline,0.074,0.1212,knn
天津市滨海新区李金山养殖场,2026-01-20 02:25:00,4.2,3.2570000000000037,random_forest,6.55,7.331199999999999,random_forest,20.1,20.5,baseline,0.241,0.18946500000000005,random_forest,19.685,19.53,baseline,0.049,0.16119999999999998,knn
天津市滨海新区李金山养殖场,2026-01-20 06:26:00,4.1,4.411999999999999,random_forest,8.0,7.799050000000001,random_forest,20.9,20.1,baseline,0.167,0.1844949999999999,random_forest,19.615,19.685,baseline,0.064,0.091,knn
天津市滨海新区李金山养殖场,2026-01-20 10:26:00,4.1,4.383499999999998,random_forest,8.0,8.149399999999996,random_forest,20.9,20.9,baseline,0.159,0.18456500000000006,random_forest,19.731,19.615,baseline,0.091,0.14100000000000001,knn
天津市滨海新区李金山养殖场,2026-01-20 14:26:00,5.1,3.8590000000000004,random_forest,8.0,8.01214999999999,random_forest,20.2,20.9,baseline,0.159,0.17198999999999992,random_forest,19.577,19.731,baseline,0.203,0.1336,knn
天津市滨海新区李金山养殖场,2026-01-20 18:26:00,5.1,2.783500000000001,random_forest,8.0,7.830399999999995,random_forest,20.6,20.2,baseline,0.229,0.17519999999999997,random_forest,19.459,19.577,baseline,0.281,0.11280000000000001,knn
天津市滨海新区李金山养殖场,2026-01-20 22:26:00,5.0,3.0250000000000004,random_forest,8.0,7.859,random_forest,21.9,20.6,baseline,0.115,0.16907499999999998,random_forest,19.66,19.459,baseline,0.281,0.08780000000000002,knn
天津市滨海新区李金山养殖场,2026-01-21 02:27:00,5.0,3.446500000000001,random_forest,6.5,7.413900000000005,random_forest,20.1,21.9,baseline,0.121,0.162,random_forest,19.522,19.66,baseline,0.059,0.09659999999999999,knn
天津市滨海新区李金山养殖场,2026-01-21 06:27:00,4.9,4.635500000000002,random_forest,8.0,7.837200000000005,random_forest,20.0,20.1,baseline,0.251,0.18545500000000012,random_forest,19.455,19.522,baseline,0.03,0.11339999999999999,knn
天津市滨海新区李金山养殖场,2026-01-21 10:27:00,4.9,4.620999999999999,random_forest,8.0,8.157099999999998,random_forest,20.0,20.0,baseline,0.14,0.18371500000000004,random_forest,19.496,19.455,baseline,0.083,0.1568,knn
天津市滨海新区李金山养殖场,2026-01-21 14:27:00,5.1,3.839000000000001,random_forest,8.0,7.9997999999999925,random_forest,19.3,20.0,baseline,0.085,0.19282999999999995,random_forest,19.591,19.496,baseline,0.048,0.1428,knn
天津市滨海新区李金山养殖场,2026-01-21 18:28:00,5.1,2.950000000000001,random_forest,8.0,7.868299999999998,random_forest,20.4,19.3,baseline,0.259,0.17189499999999996,random_forest,19.53,19.591,baseline,0.039,0.06360000000000002,knn
天津市滨海新区李金山养殖场,2026-01-21 22:28:00,5.2,3.049,random_forest,8.0,7.839549999999999,random_forest,20.7,20.4,baseline,0.155,0.1850049999999999,random_forest,19.548,19.53,baseline,0.072,0.08080000000000001,knn
天津市滨海新区李金山养殖场,2026-01-22 02:28:00,5.1,3.3190000000000013,random_forest,6.64,7.394600000000001,random_forest,19.8,20.7,baseline,0.277,0.1838499999999999,random_forest,19.573,19.548,baseline,0.051,0.09759999999999999,knn
天津市滨海新区李金山养殖场,2026-01-22 06:28:00,4.8,4.518499999999998,random_forest,8.0,7.779200000000003,random_forest,19.8,19.8,baseline,0.286,0.18120499999999995,random_forest,19.415,19.573,baseline,0.042,0.1204,knn
天津市滨海新区李金山养殖场,2026-01-22 10:29:00,4.8,4.3405,random_forest,8.0,8.15995,random_forest,19.8,19.8,baseline,0.211,0.17528999999999997,random_forest,19.306,19.415,baseline,0.246,0.0728,knn
天津市滨海新区李金山养殖场,2026-01-22 14:29:00,4.8,3.6524999999999994,random_forest,8.0,8.011599999999996,random_forest,18.3,19.8,baseline,0.189,0.179105,random_forest,19.419,19.306,baseline,0.105,0.0746,knn
天津市滨海新区李金山养殖场,2026-01-22 18:29:00,4.8,3.069500000000003,random_forest,8.0,7.834099999999996,random_forest,16.7,18.3,baseline,0.061,0.17360000000000003,random_forest,19.484,19.419,baseline,0.071,0.099,knn
天津市滨海新区李金山养殖场,2026-01-22 22:30:00,4.8,3.1545000000000014,random_forest,8.0,7.879600000000006,random_forest,18.4,16.7,baseline,0.283,0.18499999999999997,random_forest,19.474,19.484,baseline,0.062,0.1464,knn
天津市滨海新区李金山养殖场,2026-01-23 02:30:00,4.6,3.4450000000000016,random_forest,6.65,7.358700000000006,random_forest,19.1,18.4,baseline,0.193,0.17880999999999997,random_forest,19.609,19.474,baseline,0.082,0.15560000000000002,knn
天津市滨海新区李金山养殖场,2026-01-23 10:30:00,4.7,4.188999999999998,random_forest,8.0,7.753199999999998,random_forest,18.1,19.1,baseline,0.193,0.18484500000000006,random_forest,19.747,19.609,baseline,0.035,0.1126,knn
天津市滨海新区李金山养殖场,2026-01-23 14:30:00,4.9,4.298,random_forest,8.0,8.021999999999998,random_forest,18.4,18.1,baseline,0.181,0.170605,random_forest,19.682,19.747,baseline,0.066,0.1772,knn
天津市滨海新区李金山养殖场,2026-01-23 18:31:00,5.2,3.201500000000001,random_forest,8.0,8.031349999999993,random_forest,17.9,18.4,baseline,0.066,0.17843499999999993,random_forest,19.677,19.682,baseline,0.083,0.0636,knn
天津市滨海新区李金山养殖场,2026-01-23 22:31:00,5.1,3.044500000000001,random_forest,8.0,7.8419500000000015,random_forest,18.7,17.9,baseline,0.265,0.17844500000000008,random_forest,19.844,19.677,baseline,0.086,0.06699999999999999,knn
天津市滨海新区李金山养殖场,2026-01-24 02:31:00,5.1,3.0355000000000008,random_forest,7.12,7.252650000000004,random_forest,18.5,18.7,baseline,0.192,0.18779500000000013,random_forest,19.95,19.844,baseline,0.125,0.10640000000000001,knn
天津市滨海新区李金山养殖场,2026-01-24 06:31:00,5.1,4.210999999999997,random_forest,8.0,7.507950000000007,random_forest,18.6,18.5,baseline,0.055,0.17350499999999996,random_forest,19.95,19.95,baseline,0.042,0.086,knn
天津市滨海新区李金山养殖场,2026-01-24 10:32:00,5.0,4.388,random_forest,8.0,8.159049999999999,random_forest,18.1,18.6,baseline,0.169,0.168,random_forest,19.95,19.95,baseline,0.06,0.20460000000000003,knn
天津市滨海新区李金山养殖场,2026-01-24 14:32:00,5.0,4.002999999999999,random_forest,8.0,8.011899999999994,random_forest,18.1,18.1,baseline,0.164,0.17866999999999997,random_forest,19.95,19.95,baseline,0.152,0.1326,knn
天津市滨海新区李金山养殖场,2026-02-11 11:56:00,3.0,3.1805000000000017,random_forest,9.0,7.835699999999995,random_forest,18.5,18.1,baseline,0.174,0.17788999999999994,random_forest,19.95,19.95,baseline,0.075,0.10400000000000001,knn
天津市滨海新区李金山养殖场,2026-02-11 15:56:00,3.3,5.9510000000000005,random_forest,9.0,7.998650000000002,random_forest,18.9,18.5,baseline,0.192,0.189675,random_forest,19.95,19.95,baseline,0.271,0.1238,knn
天津市滨海新区李金山养殖场,2026-02-11 19:56:00,3.3,5.446000000000001,random_forest,9.0,7.86579999999999,random_forest,20.4,18.9,baseline,0.198,0.17700500000000002,random_forest,19.95,19.95,baseline,0.487,0.1156,knn
天津市滨海新区李金山养殖场,2026-02-11 23:56:00,3.2,5.459500000000003,random_forest,9.0,8.003900000000002,random_forest,19.5,20.4,baseline,0.255,0.17926000000000009,random_forest,19.95,19.95,baseline,0.083,0.043000000000000003,knn
天津市滨海新区李金山养殖场,2026-02-12 03:56:00,3.0,5.375999999999997,random_forest,6.62,7.335250000000003,random_forest,19.0,19.5,baseline,0.269,0.18997000000000017,random_forest,19.95,19.95,baseline,0.038,0.0934,knn
天津市滨海新区李金山养殖场,2026-03-12 00:36:00,8.7,5.994,random_forest,7.2,7.837250000000001,random_forest,11.04,19.0,baseline,0.237,0.19049499999999991,random_forest,19.95,19.95,baseline,0.098,0.0992,knn
天津市滨海新区李金山养殖场,2026-03-12 05:59:00,6.9,8.854000000000001,random_forest,8.23,8.384949999999986,random_forest,9.97,11.04,baseline,0.177,0.18557,random_forest,19.95,19.95,baseline,0.082,0.15140000000000003,knn
天津市滨海新区李金山养殖场,2026-03-12 10:09:00,11.1,7.727999999999998,random_forest,8.17,8.451199999999996,random_forest,9.95,9.97,baseline,0.146,0.18928500000000015,random_forest,19.95,19.95,baseline,0.133,0.0766,knn
天津市滨海新区李金山养殖场,2026-03-12 15:26:00,7.7,7.8055,random_forest,8.15,8.043599999999994,random_forest,10.2,9.95,baseline,0.103,0.1817449999999999,random_forest,19.95,19.95,baseline,0.047,0.0932,knn
天津市滨海新区李金山养殖场,2026-03-12 21:02:00,8.5,7.942999999999996,random_forest,7.89,8.090049999999989,random_forest,11.59,10.2,baseline,0.106,0.18279000000000012,random_forest,19.95,19.95,baseline,0.082,0.12940000000000002,knn
天津市滨海新区李金山养殖场,2026-03-13 00:19:00,10.0,8.757499999999999,random_forest,7.1,7.317000000000002,random_forest,11.87,11.59,baseline,0.183,0.1711150000000001,random_forest,19.95,19.95,baseline,0.166,0.08839999999999999,knn
天津市滨海新区李金山养殖场,2026-03-13 05:40:00,9.8,10.030000000000012,random_forest,8.07,7.066949999999996,random_forest,10.94,11.87,baseline,0.12,0.16916,random_forest,19.95,19.95,baseline,0.03,0.057999999999999996,knn
天津市滨海新区李金山养殖场,2026-03-13 10:28:00,9.2,9.939500000000002,random_forest,8.22,8.18835,random_forest,9.81,10.94,baseline,0.157,0.1753750000000001,random_forest,19.95,19.95,baseline,0.097,0.0998,knn
天津市滨海新区李金山养殖场,2026-03-13 15:43:00,9.9,8.910000000000004,random_forest,7.89,7.976699999999999,random_forest,9.68,9.81,baseline,0.168,0.17428000000000005,random_forest,19.861,19.95,baseline,0.276,0.086,knn
天津市滨海新区李金山养殖场,2026-03-13 21:00:00,8.4,8.334999999999994,random_forest,7.91,7.858449999999996,random_forest,11.35,9.68,baseline,0.167,0.16687500000000002,random_forest,19.95,19.861,baseline,0.059,0.0418,knn
天津市滨海新区李金山养殖场,2026-03-14 00:23:00,8.0,8.494499999999999,random_forest,7.4,7.021699999999999,random_forest,11.22,11.35,baseline,0.135,0.17401499999999998,random_forest,19.95,19.95,baseline,0.225,0.1482,knn
天津市滨海新区李金山养殖场,2026-03-14 05:32:00,8.7,10.015500000000007,random_forest,7.43,7.117000000000002,random_forest,9.85,11.22,baseline,0.222,0.17068999999999995,random_forest,19.837,19.95,baseline,0.065,0.1448,knn
天津市滨海新区李金山养殖场,2026-03-14 10:09:00,12.7,10.011500000000007,random_forest,8.17,8.173000000000004,random_forest,9.2,9.85,baseline,0.216,0.1626550000000001,random_forest,19.696,19.837,baseline,0.205,0.0424,knn
天津市滨海新区李金山养殖场,2026-03-14 15:58:00,9.2,11.03799999999999,random_forest,8.05,8.026399999999999,random_forest,9.56,9.2,baseline,0.141,0.16591999999999996,random_forest,19.61,19.696,baseline,0.21,0.15639999999999998,knn
天津市滨海新区李金山养殖场,2026-03-14 21:19:00,9.3,7.952499999999997,random_forest,7.84,7.829349999999998,random_forest,10.49,9.56,baseline,0.274,0.1804899999999999,random_forest,19.519,19.61,baseline,0.031,0.044599999999999994,knn
天津市滨海新区李金山养殖场,2026-03-15 00:24:00,7.9,8.302000000000003,random_forest,7.41,7.096849999999997,random_forest,11.65,10.49,baseline,0.066,0.1619550000000001,random_forest,19.475,19.519,baseline,0.029,0.10059999999999998,knn
天津市滨海新区李金山养殖场,2026-03-15 05:47:00,9.0,10.024000000000012,random_forest,6.76,7.213600000000001,random_forest,11.08,11.65,baseline,0.256,0.16983499999999987,random_forest,19.47,19.475,baseline,0.229,0.13200000000000003,knn
天津市滨海新区李金山养殖场,2026-03-15 10:31:00,8.7,9.909000000000006,random_forest,8.11,8.172500000000001,random_forest,10.51,11.08,baseline,0.102,0.17895000000000005,random_forest,19.365,19.47,baseline,0.024,0.052000000000000005,knn
天津市滨海新区李金山养殖场,2026-03-15 15:54:00,7.2,9.493499999999997,random_forest,8.0,7.9877999999999885,random_forest,10.4,10.51,baseline,0.179,0.16386500000000004,random_forest,19.102,19.365,baseline,0.052,0.07120000000000001,knn
天津市滨海新区李金山养殖场,2026-03-15 21:27:00,9.8,7.979499999999997,random_forest,7.98,7.864799999999995,random_forest,10.6,10.4,baseline,0.053,0.18572999999999998,random_forest,18.871,19.102,baseline,0.096,0.057999999999999996,knn
天津市滨海新区李金山养殖场,2026-03-16 00:11:00,8.7,7.953499999999996,random_forest,6.57,7.193050000000002,random_forest,11.2,10.6,baseline,0.16,0.1796599999999999,random_forest,18.674,18.871,baseline,0.025,0.1588,knn
天津市滨海新区李金山养殖场,2026-03-16 05:35:00,10.6,9.755000000000003,random_forest,7.38,7.198250000000005,random_forest,11.02,11.2,baseline,0.106,0.183305,random_forest,18.685,18.674,baseline,0.039,0.0874,knn
天津市滨海新区李金山养殖场,2026-03-16 10:19:00,9.6,10.004000000000007,random_forest,8.24,8.1967,random_forest,9.96,11.02,baseline,0.158,0.17702999999999997,random_forest,18.512,18.685,baseline,0.334,0.09559999999999999,knn
天津市滨海新区李金山养殖场,2026-03-16 15:26:00,12.4,9.286500000000007,random_forest,7.99,7.990000000000004,random_forest,9.31,9.96,baseline,0.113,0.1702300000000001,random_forest,18.62,18.512,baseline,0.066,0.13699999999999998,knn
天津市滨海新区李金山养殖场,2026-03-16 21:00:00,6.8,10.098999999999991,random_forest,7.94,7.861049999999999,random_forest,11.66,9.31,baseline,0.278,0.17597000000000004,random_forest,18.587,18.62,baseline,0.043,0.12,knn
天津市滨海新区李金山养殖场,2026-03-17 00:02:00,8.4,8.727000000000002,random_forest,7.26,7.170999999999998,random_forest,10.79,11.66,baseline,0.108,0.17605499999999996,random_forest,18.604,18.587,baseline,0.19,0.10800000000000001,knn
天津市滨海新区李金山养殖场,2026-03-17 05:47:00,9.5,9.801000000000002,random_forest,7.16,7.128200000000004,random_forest,11.17,10.79,baseline,0.109,0.16936000000000004,random_forest,18.545,18.604,baseline,0.094,0.0814,knn
天津市滨海新区李金山养殖场,2026-03-17 10:27:00,8.1,10.799500000000009,random_forest,8.32,8.148149999999992,random_forest,11.02,11.17,baseline,0.213,0.16700500000000001,random_forest,18.585,18.545,baseline,0.071,0.15,knn
天津市滨海新区李金山养殖场,2026-03-17 15:34:00,6.1,8.796,random_forest,7.89,7.986400000000001,random_forest,10.64,11.02,baseline,0.143,0.16724500000000003,random_forest,18.658,18.585,baseline,0.063,0.08320000000000001,knn
天津市滨海新区李金山养殖场,2026-03-17 21:04:00,8.0,7.991999999999997,random_forest,7.88,7.824000000000001,random_forest,11.85,10.64,baseline,0.202,0.18096500000000001,random_forest,18.691,18.658,baseline,0.07,0.0784,knn
天津市滨海新区李金山养殖场,2026-03-18 00:31:00,9.5,8.067499999999997,random_forest,7.17,7.039950000000002,random_forest,11.69,11.85,baseline,0.148,0.168815,random_forest,18.901,18.691,baseline,0.027,0.10419999999999999,knn
天津市滨海新区李金山养殖场,2026-03-18 05:52:00,10.6,9.292000000000002,random_forest,6.67,7.127800000000002,random_forest,10.31,11.69,baseline,0.246,0.167395,random_forest,18.82,18.901,baseline,0.179,0.06820000000000001,knn
天津市滨海新区李金山养殖场,2026-03-18 10:35:00,10.6,9.984500000000008,random_forest,8.14,8.186950000000003,random_forest,9.62,10.31,baseline,0.274,0.16643999999999992,random_forest,18.819,18.82,baseline,0.023,0.1778,knn
天津市滨海新区李金山养殖场,2026-03-18 15:34:00,11.5,8.781999999999995,random_forest,7.89,7.982200000000001,random_forest,10.32,9.62,baseline,0.088,0.16978,random_forest,18.812,18.819,baseline,0.042,0.08380000000000001,knn
天津市滨海新区李金山养殖场,2026-03-18 21:00:00,9.0,8.711000000000002,random_forest,7.96,7.869950000000004,random_forest,11.14,10.32,baseline,0.181,0.17150499999999996,random_forest,18.756,18.812,baseline,0.08,0.0432,knn
天津市滨海新区李金山养殖场,2026-03-19 00:19:00,8.7,8.395000000000003,random_forest,6.96,7.1381000000000006,random_forest,10.7,11.14,baseline,0.106,0.16589500000000004,random_forest,18.653,18.756,baseline,0.097,0.1668,knn
天津市滨海新区李金山养殖场,2026-03-19 05:37:00,9.6,9.938999999999998,random_forest,6.57,7.067199999999997,random_forest,11.07,10.7,baseline,0.088,0.17210500000000006,random_forest,18.785,18.653,baseline,0.025,0.0702,knn
天津市滨海新区李金山养殖场,2026-03-19 10:27:00,10.3,10.131000000000006,random_forest,8.23,8.177449999999988,random_forest,9.09,11.07,baseline,0.067,0.1718350000000001,random_forest,18.863,18.785,baseline,0.086,0.1014,knn
天津市滨海新区李金山养殖场,2026-03-19 15:42:00,8.2,8.787999999999997,random_forest,7.93,7.993400000000008,random_forest,10.33,9.09,baseline,0.174,0.17260500000000012,random_forest,18.872,18.863,baseline,0.454,0.09519999999999999,knn
天津市滨海新区李金山养殖场,2026-03-19 21:13:00,7.1,8.342999999999995,random_forest,7.85,7.84375,random_forest,11.38,10.33,baseline,0.202,0.17378500000000005,random_forest,18.85,18.872,baseline,0.099,0.139,knn
天津市滨海新区李金山养殖场,2026-03-20 00:24:00,10.0,8.562999999999994,random_forest,6.53,7.074399999999998,random_forest,11.36,11.38,baseline,0.273,0.17959499999999998,random_forest,18.903,18.85,baseline,0.066,0.08240000000000001,knn
天津市滨海新区李金山养殖场,2026-03-20 05:54:00,10.1,9.658500000000002,random_forest,6.77,7.212250000000004,random_forest,10.55,11.36,baseline,0.246,0.17443999999999996,random_forest,18.763,18.903,baseline,0.057,0.0578,knn
天津市滨海新区李金山养殖场,2026-03-20 10:19:00,10.1,10.38150000000001,random_forest,8.18,8.156199999999995,random_forest,9.15,10.55,baseline,0.285,0.1898950000000001,random_forest,18.73,18.763,baseline,0.088,0.055200000000000006,knn
天津市滨海新区李金山养殖场,2026-03-20 15:36:00,7.4,8.739999999999993,random_forest,8.02,7.992499999999999,random_forest,10.73,9.15,baseline,0.114,0.17384500000000006,random_forest,18.631,18.73,baseline,0.085,0.10600000000000001,knn
天津市滨海新区李金山养殖场,2026-03-20 21:25:00,8.5,8.0395,random_forest,7.71,7.8351,random_forest,11.47,10.73,baseline,0.062,0.17740999999999993,random_forest,18.589,18.631,baseline,0.235,0.11040000000000001,knn
天津市滨海新区李金山养殖场,2026-03-21 00:18:00,9.4,9.217999999999995,random_forest,7.02,7.111250000000002,random_forest,10.99,11.47,baseline,0.101,0.15384000000000006,random_forest,18.557,18.589,baseline,0.285,0.1558,knn
天津市滨海新区李金山养殖场,2026-03-21 05:52:00,10.8,9.725500000000007,random_forest,6.67,7.181600000000004,random_forest,10.55,10.99,baseline,0.054,0.1603149999999999,random_forest,18.621,18.557,baseline,0.026,0.11440000000000002,knn
天津市滨海新区李金山养殖场,2026-03-21 10:23:00,6.9,9.692999999999996,random_forest,8.24,8.170449999999995,random_forest,10.41,10.55,baseline,0.261,0.17950499999999997,random_forest,18.71,18.621,baseline,0.1,0.135,knn
天津市滨海新区李金山养殖场,2026-03-21 15:54:00,7.5,8.336500000000001,random_forest,8.05,7.997250000000003,random_forest,10.59,10.41,baseline,0.121,0.18438500000000005,random_forest,18.729,18.71,baseline,0.049,0.11000000000000001,knn
天津市滨海新区李金山养殖场,2026-03-21 21:00:00,6.9,8.172,random_forest,7.88,7.846949999999992,random_forest,11.45,10.59,baseline,0.272,0.17797499999999997,random_forest,18.859,18.729,baseline,0.406,0.0962,knn
天津市滨海新区李金山养殖场,2026-03-22 00:04:00,7.5,8.416999999999996,random_forest,6.92,7.263349999999999,random_forest,11.84,11.45,baseline,0.07,0.17337999999999998,random_forest,18.909,18.859,baseline,0.249,0.06899999999999999,knn
天津市滨海新区李金山养殖场,2026-03-22 05:59:00,9.8,8.963,random_forest,6.59,7.195750000000005,random_forest,10.85,11.84,baseline,0.285,0.17204999999999993,random_forest,19.035,18.909,baseline,0.099,0.1206,knn
天津市滨海新区李金山养殖场,2026-03-22 10:36:00,10.2,9.952000000000004,random_forest,8.23,8.184999999999992,random_forest,10.42,10.85,baseline,0.131,0.17860500000000004,random_forest,19.129,19.035,baseline,0.048,0.0892,knn
天津市滨海新区李金山养殖场,2026-03-22 15:50:00,8.9,9.017500000000005,random_forest,7.86,7.998250000000002,random_forest,11.12,10.42,baseline,0.17,0.1908250000000001,random_forest,19.167,19.129,baseline,0.21,0.1092,knn
天津市滨海新区李金山养殖场,2026-03-22 21:00:00,8.7,8.221499999999999,random_forest,7.9,7.8493999999999975,random_forest,10.95,11.12,baseline,0.16,0.17455,random_forest,19.161,19.167,baseline,0.039,0.0558,knn
天津市滨海新区李金山养殖场,2026-03-23 00:11:00,6.2,8.067999999999998,random_forest,7.38,7.182749999999996,random_forest,11.59,10.95,baseline,0.077,0.16399500000000006,random_forest,19.163,19.161,baseline,0.035,0.1776,knn
天津市滨海新区李金山养殖场,2026-03-23 05:59:00,9.8,9.122500000000004,random_forest,7.12,7.219400000000005,random_forest,10.21,11.59,baseline,0.299,0.17915,random_forest,19.007,19.163,baseline,0.07,0.10299999999999998,knn
天津市滨海新区李金山养殖场,2026-03-23 10:08:00,8.7,9.683500000000008,random_forest,7.93,8.194449999999996,random_forest,11.13,10.21,baseline,0.195,0.17074500000000004,random_forest,19.035,19.007,baseline,0.207,0.10640000000000001,knn
天津市滨海新区李金山养殖场,2026-03-23 15:32:00,9.1,9.679,random_forest,8.05,7.988349999999997,random_forest,10.8,11.13,baseline,0.146,0.16753500000000002,random_forest,18.907,19.035,baseline,0.082,0.11200000000000002,knn
天津市滨海新区李金山养殖场,2026-03-23 21:27:00,8.6,7.874999999999997,random_forest,7.96,7.846999999999993,random_forest,11.12,10.8,baseline,0.15,0.16950000000000004,random_forest,18.681,18.907,baseline,0.077,0.07940000000000001,knn
天津市滨海新区李金山养殖场,2026-03-24 00:10:00,7.5,7.951500000000003,random_forest,6.87,7.112400000000004,random_forest,11.84,11.12,baseline,0.229,0.16363000000000005,random_forest,19.03,18.681,baseline,0.088,0.1066,knn
天津市滨海新区李金山养殖场,2026-03-24 05:50:00,7.7,9.598499999999998,random_forest,6.77,7.11305,random_forest,10.91,11.84,baseline,0.237,0.166225,random_forest,18.964,19.03,baseline,0.43,0.1258,knn
天津市滨海新区李金山养殖场,2026-03-24 10:18:00,9.8,9.625000000000005,random_forest,8.21,8.184349999999997,random_forest,9.78,10.91,baseline,0.222,0.17523999999999995,random_forest,18.863,18.964,baseline,0.033,0.15139999999999998,knn
天津市滨海新区李金山养殖场,2026-03-24 15:35:00,9.1,9.197500000000002,random_forest,7.98,7.959700000000002,random_forest,10.4,9.78,baseline,0.102,0.17090500000000003,random_forest,19.017,18.863,baseline,0.096,0.0638,knn
天津市滨海新区李金山养殖场,2026-03-24 21:12:00,6.1,8.112500000000002,random_forest,8.03,7.86005,random_forest,12.09,10.4,baseline,0.109,0.16861000000000007,random_forest,19.048,19.017,baseline,0.092,0.054799999999999995,knn
天津市滨海新区李金山养殖场,2026-03-25 00:33:00,10.6,7.6974999999999945,random_forest,6.62,7.067700000000002,random_forest,11.2,12.09,baseline,0.159,0.17714,random_forest,18.898,19.048,baseline,0.058,0.08700000000000001,knn
天津市滨海新区李金山养殖场,2026-03-25 05:53:00,9.7,9.460500000000001,random_forest,8.27,7.075599999999996,random_forest,10.82,11.2,baseline,0.141,0.17385500000000004,random_forest,18.988,18.898,baseline,0.204,0.0764,knn
天津市滨海新区李金山养殖场,2026-03-25 10:17:00,10.7,10.51400000000001,random_forest,8.13,8.157150000000001,random_forest,10.34,10.82,baseline,0.218,0.16676500000000005,random_forest,18.916,18.988,baseline,0.042,0.0948,knn
天津市滨海新区李金山养殖场,2026-03-25 15:47:00,9.6,8.495500000000007,random_forest,7.92,7.97215,random_forest,9.86,10.34,baseline,0.115,0.17400499999999997,random_forest,18.913,18.916,baseline,0.08,0.0744,knn
天津市滨海新区李金山养殖场,2026-03-25 21:20:00,7.7,8.366499999999998,random_forest,7.7,7.743549999999999,random_forest,11.47,9.86,baseline,0.281,0.16865499999999997,random_forest,18.978,18.913,baseline,0.037,0.1068,knn
天津市滨海新区李金山养殖场,2026-03-26 00:28:00,8.1,8.826500000000003,random_forest,7.36,7.1671000000000005,random_forest,11.61,11.47,baseline,0.114,0.172135,random_forest,18.882,18.978,baseline,0.035,0.056999999999999995,knn
天津市滨海新区李金山养殖场,2026-03-26 05:34:00,6.8,9.879500000000005,random_forest,6.85,7.079550000000004,random_forest,11.01,11.61,baseline,0.15,0.17068499999999998,random_forest,18.895,18.882,baseline,0.034,0.048400000000000006,knn
天津市滨海新区李金山养殖场,2026-03-26 10:26:00,8.3,8.452,random_forest,8.23,8.190449999999997,random_forest,10.46,11.01,baseline,0.076,0.1709250000000002,random_forest,18.99,18.895,baseline,0.079,0.11420000000000001,knn
天津市滨海新区李金山养殖场,2026-03-26 15:25:00,10.2,8.240499999999992,random_forest,8.11,8.0075,random_forest,10.4,10.46,baseline,0.161,0.16804499999999994,random_forest,19.062,18.99,baseline,0.052,0.158,knn
天津市滨海新区李金山养殖场,2026-03-26 21:07:00,6.7,8.174499999999997,random_forest,7.73,7.870700000000003,random_forest,11.63,10.4,baseline,0.163,0.16263000000000002,random_forest,18.979,19.062,baseline,0.045,0.05439999999999999,knn
天津市滨海新区李金山养殖场,2026-03-27 00:31:00,7.1,7.863999999999996,random_forest,6.56,6.99465,random_forest,11.25,11.63,baseline,0.275,0.18696499999999996,random_forest,18.901,18.979,baseline,0.374,0.161,knn
天津市滨海新区李金山养殖场,2026-03-27 05:51:00,10.2,9.168999999999999,random_forest,7.0,7.162650000000001,random_forest,10.23,11.25,baseline,0.129,0.16870000000000013,random_forest,18.786,18.901,baseline,0.076,0.06,knn
天津市滨海新区李金山养殖场,2026-03-27 10:15:00,10.4,10.033500000000009,random_forest,8.14,8.164499999999997,random_forest,10.86,10.23,baseline,0.124,0.17040499999999995,random_forest,18.812,18.786,baseline,0.069,0.0902,knn
天津市滨海新区李金山养殖场,2026-03-27 15:53:00,8.4,8.674,random_forest,8.03,8.017149999999994,random_forest,10.79,10.86,baseline,0.285,0.17461500000000008,random_forest,18.87,18.812,baseline,0.025,0.054400000000000004,knn
天津市滨海新区李金山养殖场,2026-03-27 21:27:00,8.4,7.839499999999999,random_forest,7.84,7.873049999999999,random_forest,11.03,10.79,baseline,0.264,0.18623499999999982,random_forest,18.863,18.87,baseline,0.055,0.0764,knn
天津市滨海新区李金山养殖场,2026-03-28 00:21:00,9.0,8.425,random_forest,6.91,7.077250000000006,random_forest,12.04,11.03,baseline,0.297,0.17066000000000006,random_forest,18.656,18.863,baseline,0.086,0.0376,knn
天津市滨海新区李金山养殖场,2026-03-28 05:59:00,11.1,9.582000000000004,random_forest,8.07,7.119199999999995,random_forest,11.18,12.04,baseline,0.107,0.16915499999999997,random_forest,18.681,18.656,baseline,0.02,0.048600000000000004,knn
天津市滨海新区李金山养殖场,2026-03-28 10:31:00,10.6,9.575000000000001,random_forest,8.08,8.2261,random_forest,9.55,11.18,baseline,0.163,0.17744,random_forest,18.402,18.681,baseline,0.207,0.11220000000000001,knn
天津市滨海新区李金山养殖场,2026-03-28 15:38:00,9.9,8.670499999999999,random_forest,8.02,8.007649999999998,random_forest,10.25,9.55,baseline,0.124,0.1712599999999999,random_forest,18.441,18.402,baseline,0.05,0.0658,knn
天津市滨海新区李金山养殖场,2026-03-28 21:10:00,8.9,7.803999999999998,random_forest,7.87,7.754199999999996,random_forest,11.31,10.25,baseline,0.093,0.15992499999999993,random_forest,18.426,18.441,baseline,0.022,0.045200000000000004,knn
天津市滨海新区李金山养殖场,2026-03-29 00:27:00,6.3,8.970999999999993,random_forest,6.52,7.153200000000001,random_forest,11.92,11.31,baseline,0.106,0.18214500000000006,random_forest,18.229,18.426,baseline,0.031,0.1988,knn
天津市滨海新区李金山养殖场,2026-03-29 05:59:00,7.3,9.402000000000005,random_forest,6.51,7.231550000000006,random_forest,10.7,11.92,baseline,0.182,0.17471499999999998,random_forest,18.132,18.229,baseline,0.1,0.16440000000000002,knn
天津市滨海新区李金山养殖场,2026-03-29 10:20:00,7.5,9.464,random_forest,8.31,8.156850000000004,random_forest,11.37,10.7,baseline,0.056,0.1663000000000001,random_forest,18.283,18.132,baseline,0.286,0.13520000000000001,knn
天津市滨海新区李金山养殖场,2026-03-29 15:38:00,10.1,8.646999999999993,random_forest,7.97,8.015550000000001,random_forest,11.21,11.37,baseline,0.21,0.16380000000000006,random_forest,18.399,18.283,baseline,0.06,0.0472,knn
天津市滨海新区李金山养殖场,2026-03-29 21:19:00,8.7,8.208499999999992,random_forest,7.87,7.861000000000008,random_forest,12.27,11.21,baseline,0.115,0.177855,random_forest,18.192,18.399,baseline,0.184,0.12800000000000003,knn
天津市滨海新区李金山养殖场,2026-03-30 00:08:00,8.2,10.056499999999986,random_forest,6.51,7.1886999999999945,random_forest,11.85,12.27,baseline,0.146,0.16131000000000012,random_forest,18.279,18.192,baseline,0.044,0.1622,knn
天津市滨海新区李金山养殖场,2026-03-30 05:59:00,9.4,8.875499999999999,random_forest,7.09,7.229750000000007,random_forest,10.48,11.85,baseline,0.22,0.16752499999999998,random_forest,18.314,18.279,baseline,0.058,0.0668,knn
天津市滨海新区李金山养殖场,2026-03-30 10:14:00,8.8,9.646000000000004,random_forest,8.14,8.18965,random_forest,10.51,10.48,baseline,0.113,0.17870999999999987,random_forest,18.509,18.314,baseline,0.098,0.097,knn
天津市滨海新区李金山养殖场,2026-03-30 15:50:00,10.7,8.827000000000002,random_forest,7.97,8.029750000000002,random_forest,10.42,10.51,baseline,0.278,0.18190500000000015,random_forest,18.465,18.509,baseline,0.264,0.09040000000000001,knn
天津市滨海新区李金山养殖场,2026-03-30 21:18:00,8.2,8.029999999999992,random_forest,7.78,7.858099999999995,random_forest,11.61,10.42,baseline,0.167,0.16405500000000006,random_forest,18.607,18.465,baseline,0.05,0.1442,knn
天津市滨海新区李金山养殖场,2026-03-31 00:15:00,9.9,8.327,random_forest,7.5,7.012400000000005,random_forest,10.48,11.61,baseline,0.116,0.160175,random_forest,18.462,18.607,baseline,0.047,0.052000000000000005,knn
天津市滨海新区李金山养殖场,2026-03-31 05:41:00,9.2,9.893499999999998,random_forest,6.97,7.129500000000008,random_forest,11.25,10.48,baseline,0.111,0.15481,random_forest,18.568,18.462,baseline,0.02,0.1372,knn
天津市滨海新区李金山养殖场,2026-03-31 10:18:00,11.2,10.352000000000006,random_forest,8.08,8.1619,random_forest,9.76,11.25,baseline,0.268,0.16488500000000003,random_forest,18.45,18.568,baseline,0.108,0.15960000000000002,knn
天津市滨海新区李金山养殖场,2026-03-31 15:28:00,8.8,8.911000000000001,random_forest,8.09,7.967350000000002,random_forest,10.33,9.76,baseline,0.198,0.17281500000000002,random_forest,18.322,18.45,baseline,0.037,0.1028,knn
天津市滨海新区李金山养殖场,2026-03-31 21:00:00,6.9,8.1165,random_forest,7.92,7.845800000000002,random_forest,11.85,10.33,baseline,0.294,0.16779499999999992,random_forest,18.368,18.322,baseline,0.026,0.0374,knn
天津市滨海新区李金山养殖场,2026-04-09 00:18:00,14.4,8.2555,random_forest,7.29,6.991099999999998,random_forest,10.49,11.85,baseline,0.131,0.168635,random_forest,18.445,18.368,baseline,0.181,0.10640000000000001,knn
天津市滨海新区李金山养殖场,2026-04-09 05:45:00,13.8,15.300499999999992,random_forest,6.62,7.20345,random_forest,10.3,10.49,baseline,0.186,0.17660500000000007,random_forest,18.378,18.445,baseline,0.058,0.0808,knn
天津市滨海新区李金山养殖场,2026-04-09 10:37:00,13.9,14.665,random_forest,8.14,8.166499999999997,random_forest,9.68,10.3,baseline,0.126,0.1667049999999999,random_forest,18.329,18.378,baseline,0.021,0.1626,knn
天津市滨海新区李金山养殖场,2026-04-09 15:43:00,15.0,13.293499999999993,random_forest,7.92,8.00445,random_forest,9.09,9.68,baseline,0.28,0.16714,random_forest,18.534,18.329,baseline,0.056,0.1494,knn
天津市滨海新区李金山养殖场,2026-04-09 21:02:00,14.3,14.179499999999994,random_forest,7.92,7.868099999999993,random_forest,9.36,9.09,baseline,0.127,0.16855000000000003,random_forest,18.583,18.534,baseline,0.185,0.0864,knn
天津市滨海新区李金山养殖场,2026-04-10 00:03:00,12.3,13.255999999999998,random_forest,7.27,7.1511000000000084,random_forest,10.92,9.36,baseline,0.165,0.16913499999999995,random_forest,18.577,18.583,baseline,0.032,0.07980000000000001,knn
天津市滨海新区李金山养殖场,2026-04-10 05:59:00,13.9,15.015999999999988,random_forest,7.2,7.051800000000006,random_forest,10.19,10.92,baseline,0.109,0.17813499999999993,random_forest,18.56,18.577,baseline,0.097,0.09319999999999999,knn
天津市滨海新区李金山养殖场,2026-04-10 10:35:00,16.0,15.255499999999989,random_forest,7.89,8.148600000000002,random_forest,8.98,10.19,baseline,0.232,0.16941999999999996,random_forest,18.452,18.56,baseline,0.089,0.0664,knn
天津市滨海新区李金山养殖场,2026-04-10 15:50:00,12.5,15.29149999999999,random_forest,8.12,7.927799999999998,random_forest,9.98,8.98,baseline,0.149,0.16301999999999997,random_forest,18.405,18.452,baseline,0.057,0.1096,knn
天津市滨海新区李金山养殖场,2026-04-10 21:16:00,14.8,13.017499999999991,random_forest,7.84,7.876849999999998,random_forest,10.81,9.98,baseline,0.118,0.17217999999999997,random_forest,18.584,18.405,baseline,0.424,0.0392,knn
天津市滨海新区李金山养殖场,2026-04-11 00:35:00,13.4,13.554,random_forest,7.05,7.283349999999998,random_forest,10.38,10.81,baseline,0.18,0.16913,random_forest,18.517,18.584,baseline,0.053,0.06760000000000001,knn
天津市滨海新区李金山养殖场,2026-04-11 05:45:00,15.3,15.05499999999999,random_forest,6.83,7.106450000000002,random_forest,10.1,10.38,baseline,0.087,0.17553000000000005,random_forest,18.713,18.517,baseline,0.029,0.0674,knn
天津市滨海新区李金山养殖场,2026-04-11 10:10:00,15.2,15.165499999999998,random_forest,8.12,8.1556,random_forest,9.47,10.1,baseline,0.157,0.1854049999999999,random_forest,18.704,18.713,baseline,0.36,0.15399999999999997,knn
天津市滨海新区李金山养殖场,2026-04-11 15:23:00,14.1,14.32049999999999,random_forest,7.89,7.978500000000004,random_forest,9.29,9.47,baseline,0.118,0.17315500000000011,random_forest,18.677,18.704,baseline,0.027,0.09999999999999999,knn
天津市滨海新区李金山养殖场,2026-04-11 21:26:00,12.9,13.476999999999993,random_forest,7.75,7.845699999999997,random_forest,10.55,9.29,baseline,0.231,0.1804750000000001,random_forest,18.753,18.677,baseline,0.023,0.13040000000000002,knn
天津市滨海新区李金山养殖场,2026-04-12 00:18:00,15.4,13.197000000000005,random_forest,6.8,7.1251,random_forest,9.79,10.55,baseline,0.183,0.18012500000000004,random_forest,18.876,18.753,baseline,0.132,0.0536,knn
天津市滨海新区李金山养殖场,2026-04-12 05:59:00,16.3,15.58149999999999,random_forest,6.89,7.1154000000000055,random_forest,9.04,9.79,baseline,0.186,0.17342000000000005,random_forest,18.825,18.876,baseline,0.045,0.0738,knn
天津市滨海新区李金山养殖场,2026-04-12 10:08:00,14.5,15.497,random_forest,8.13,8.14194999999999,random_forest,9.54,9.04,baseline,0.255,0.17271500000000004,random_forest,18.917,18.825,baseline,0.174,0.0726,knn
天津市滨海新区李金山养殖场,2026-04-12 15:36:00,14.4,14.007000000000007,random_forest,7.94,7.981099999999999,random_forest,9.56,9.54,baseline,0.203,0.16506,random_forest,18.833,18.917,baseline,0.055,0.0756,knn
天津市滨海新区李金山养殖场,2026-04-12 21:25:00,12.7,13.488499999999997,random_forest,7.79,7.842849999999994,random_forest,11.12,9.56,baseline,0.241,0.17184500000000003,random_forest,18.771,18.833,baseline,0.056,0.1436,knn
天津市滨海新区李金山养殖场,2026-04-13 00:13:00,15.1,13.988000000000014,random_forest,6.57,6.993299999999998,random_forest,10.83,11.12,baseline,0.161,0.16426499999999997,random_forest,18.683,18.771,baseline,0.354,0.1004,knn
天津市滨海新区李金山养殖场,2026-04-13 05:45:00,14.7,15.284499999999989,random_forest,7.12,7.230850000000005,random_forest,10.29,10.83,baseline,0.104,0.17302000000000003,random_forest,18.643,18.683,baseline,0.088,0.073,knn
天津市滨海新区李金山养殖场,2026-04-13 10:07:00,15.7,15.01,random_forest,8.15,8.138950000000005,random_forest,10.11,10.29,baseline,0.197,0.15546500000000008,random_forest,18.608,18.643,baseline,0.043,0.1024,knn
天津市滨海新区李金山养殖场,2026-04-13 15:23:00,13.8,13.895999999999999,random_forest,8.18,7.987949999999999,random_forest,10.12,10.11,baseline,0.051,0.17153499999999997,random_forest,18.345,18.608,baseline,0.247,0.0712,knn
天津市滨海新区李金山养殖场,2026-04-13 21:20:00,16.0,13.301999999999989,random_forest,7.91,7.8618500000000004,random_forest,10.88,10.12,baseline,0.259,0.18358000000000008,random_forest,18.365,18.345,baseline,0.076,0.1022,knn
天津市滨海新区李金山养殖场,2026-04-14 00:24:00,15.1,14.493999999999998,random_forest,6.66,7.124650000000002,random_forest,10.73,10.88,baseline,0.195,0.17304000000000014,random_forest,18.359,18.365,baseline,0.083,0.08280000000000001,knn
天津市滨海新区李金山养殖场,2026-04-14 05:35:00,15.0,14.735499999999993,random_forest,6.89,7.203449999999997,random_forest,10.11,10.73,baseline,0.075,0.17703999999999998,random_forest,18.165,18.359,baseline,0.284,0.0406,knn
天津市滨海新区李金山养殖场,2026-04-14 10:06:00,16.0,15.487999999999985,random_forest,7.93,8.164650000000002,random_forest,8.97,10.11,baseline,0.226,0.16392000000000004,random_forest,18.106,18.165,baseline,0.029,0.0712,knn
天津市滨海新区李金山养殖场,2026-04-14 15:33:00,15.2,15.136500000000005,random_forest,7.91,7.961250000000006,random_forest,9.41,8.97,baseline,0.182,0.17259000000000005,random_forest,18.078,18.106,baseline,0.088,0.1346,knn
天津市滨海新区李金山养殖场,2026-04-14 21:12:00,12.1,13.622999999999996,random_forest,7.84,7.845299999999997,random_forest,9.92,9.41,baseline,0.145,0.16943000000000003,random_forest,18.058,18.078,baseline,0.085,0.05940000000000001,knn
天津市滨海新区李金山养殖场,2026-04-15 00:24:00,12.2,13.714499999999997,random_forest,7.15,7.081550000000001,random_forest,10.95,9.92,baseline,0.163,0.168375,random_forest,17.974,18.058,baseline,0.064,0.039599999999999996,knn
天津市滨海新区李金山养殖场,2026-04-15 05:58:00,14.4,15.046999999999992,random_forest,8.13,6.9744,random_forest,10.56,10.95,baseline,0.224,0.16493499999999997,random_forest,17.998,17.974,baseline,0.029,0.1388,knn
天津市滨海新区李金山养殖场,2026-04-15 10:34:00,15.3,15.095999999999993,random_forest,8.15,8.148749999999998,random_forest,8.87,10.56,baseline,0.125,0.1734100000000001,random_forest,17.808,17.998,baseline,0.066,0.0534,knn
天津市滨海新区李金山养殖场,2026-04-15 15:22:00,14.9,13.943500000000006,random_forest,7.86,7.9893999999999945,random_forest,9.28,8.87,baseline,0.121,0.17255000000000004,random_forest,17.744,17.808,baseline,0.098,0.0684,knn
天津市滨海新区李金山养殖场,2026-04-15 21:08:00,12.8,13.497999999999996,random_forest,7.89,7.713500000000005,random_forest,10.59,9.28,baseline,0.171,0.16804500000000006,random_forest,17.906,17.744,baseline,0.025,0.16099999999999998,knn
天津市滨海新区李金山养殖场,2026-04-16 00:09:00,13.1,13.453499999999998,random_forest,6.84,7.09685,random_forest,10.65,10.59,baseline,0.188,0.17363,random_forest,18.013,17.906,baseline,0.077,0.1806,knn
天津市滨海新区李金山养殖场,2026-04-16 05:37:00,14.6,15.067499999999987,random_forest,7.31,7.027900000000003,random_forest,9.23,10.65,baseline,0.176,0.17003999999999994,random_forest,17.975,18.013,baseline,0.033,0.13920000000000002,knn
天津市滨海新区李金山养殖场,2026-04-16 10:02:00,15.4,15.09300000000001,random_forest,8.04,8.157949999999992,random_forest,9.59,9.23,baseline,0.175,0.16564000000000004,random_forest,18.013,17.975,baseline,0.082,0.0626,knn
天津市滨海新区李金山养殖场,2026-04-16 15:53:00,15.1,14.343500000000004,random_forest,8.08,7.966699999999996,random_forest,10.33,9.59,baseline,0.167,0.1740799999999999,random_forest,18.079,18.013,baseline,0.291,0.05519999999999999,knn
天津市滨海新区李金山养殖场,2026-04-16 21:17:00,10.7,13.411499999999997,random_forest,7.75,7.855650000000001,random_forest,10.89,10.33,baseline,0.198,0.16322499999999998,random_forest,17.964,18.079,baseline,0.099,0.1022,knn
天津市滨海新区李金山养殖场,2026-04-17 00:08:00,12.7,12.305,random_forest,7.14,7.081700000000007,random_forest,11.4,10.89,baseline,0.151,0.18036500000000008,random_forest,17.958,17.964,baseline,0.03,0.0792,knn
天津市滨海新区李金山养殖场,2026-04-17 05:46:00,15.3,15.287499999999998,random_forest,6.81,7.1096499999999985,random_forest,9.65,11.4,baseline,0.269,0.17390999999999995,random_forest,17.86,17.958,baseline,0.092,0.1376,knn
天津市滨海新区李金山养殖场,2026-04-17 10:35:00,14.1,15.04499999999999,random_forest,8.39,8.156449999999996,random_forest,9.66,9.65,baseline,0.245,0.1631,random_forest,17.916,17.86,baseline,0.029,0.044800000000000006,knn
天津市滨海新区李金山养殖场,2026-04-17 15:37:00,13.8,13.642999999999995,random_forest,7.89,7.9924,random_forest,10.23,9.66,baseline,0.156,0.17315000000000005,random_forest,17.888,17.916,baseline,0.038,0.046,knn
天津市滨海新区李金山养殖场,2026-04-17 21:18:00,13.7,13.141999999999996,random_forest,8.0,7.820449999999999,random_forest,9.35,10.23,baseline,0.289,0.16766000000000003,random_forest,17.904,17.888,baseline,0.049,0.0918,knn
天津市滨海新区李金山养殖场,2026-04-18 00:15:00,14.6,13.596999999999996,random_forest,6.74,7.131300000000002,random_forest,9.42,9.35,baseline,0.055,0.15757,random_forest,17.948,17.904,baseline,0.092,0.046799999999999994,knn
天津市滨海新区李金山养殖场,2026-04-18 05:59:00,15.7,15.06,random_forest,7.25,7.174499999999999,random_forest,9.07,9.42,baseline,0.229,0.17428500000000008,random_forest,17.805,17.948,baseline,0.045,0.0624,knn
天津市滨海新区李金山养殖场,2026-04-18 10:19:00,14.4,15.025500000000006,random_forest,8.14,8.188799999999999,random_forest,9.18,9.07,baseline,0.091,0.16600000000000004,random_forest,17.834,17.805,baseline,0.161,0.08979999999999999,knn
天津市滨海新区李金山养殖场,2026-04-18 15:43:00,14.4,14.334999999999997,random_forest,8.05,7.978799999999995,random_forest,9.69,9.18,baseline,0.247,0.173075,random_forest,17.826,17.834,baseline,0.083,0.1116,knn
天津市滨海新区李金山养殖场,2026-04-18 21:20:00,13.1,13.562000000000006,random_forest,8.0,7.878499999999999,random_forest,9.6,9.69,baseline,0.216,0.16001500000000007,random_forest,17.891,17.826,baseline,0.044,0.09219999999999999,knn
天津市滨海新区李金山养殖场,2026-04-19 00:32:00,16.3,13.2635,random_forest,7.13,7.243899999999999,random_forest,10.29,9.6,baseline,0.104,0.16617499999999996,random_forest,18.108,17.891,baseline,0.038,0.08120000000000001,knn
天津市滨海新区李金山养殖场,2026-04-19 05:57:00,14.3,15.796999999999993,random_forest,6.64,7.267800000000002,random_forest,9.63,10.29,baseline,0.172,0.17439,random_forest,18.154,18.108,baseline,0.085,0.1374,knn
天津市滨海新区李金山养殖场,2026-04-19 10:25:00,15.2,15.319499999999998,random_forest,8.21,8.156349999999996,random_forest,8.38,9.63,baseline,0.104,0.16316500000000014,random_forest,18.388,18.154,baseline,0.036,0.0678,knn
天津市滨海新区李金山养殖场,2026-04-19 15:50:00,13.9,14.388,random_forest,7.87,7.963249999999999,random_forest,9.64,8.38,baseline,0.193,0.16785500000000003,random_forest,18.252,18.388,baseline,0.025,0.09559999999999999,knn
天津市滨海新区李金山养殖场,2026-04-19 21:01:00,13.2,13.549,random_forest,7.8,7.845649999999998,random_forest,10.25,9.64,baseline,0.154,0.18714999999999993,random_forest,18.318,18.252,baseline,0.099,0.0894,knn
天津市滨海新区李金山养殖场,2026-04-20 00:13:00,13.7,13.695000000000002,random_forest,7.01,7.228199999999996,random_forest,11.36,10.25,baseline,0.152,0.1710600000000001,random_forest,18.485,18.318,baseline,0.025,0.0534,knn
天津市滨海新区李金山养殖场,2026-04-20 05:40:00,14.7,15.0535,random_forest,7.3,7.1295,random_forest,10.77,11.36,baseline,0.143,0.17705500000000016,random_forest,18.322,18.485,baseline,0.035,0.1492,knn
天津市滨海新区李金山养殖场,2026-04-20 10:09:00,14.4,15.276,random_forest,8.11,8.156349999999994,random_forest,9.32,10.77,baseline,0.169,0.16737000000000002,random_forest,18.545,18.322,baseline,0.021,0.041400000000000006,knn
天津市滨海新区李金山养殖场,2026-04-20 15:23:00,13.2,14.0035,random_forest,7.97,7.964850000000002,random_forest,9.26,9.32,baseline,0.148,0.1725500000000001,random_forest,18.443,18.545,baseline,0.186,0.055200000000000006,knn
天津市滨海新区李金山养殖场,2026-04-20 21:13:00,14.3,13.088499999999996,random_forest,8.05,7.882949999999999,random_forest,10.31,9.26,baseline,0.123,0.1725149999999999,random_forest,18.426,18.443,baseline,0.273,0.1,knn
天津市滨海新区李金山养殖场,2026-04-21 00:25:00,15.1,13.227499999999996,random_forest,6.93,7.103350000000006,random_forest,10.12,10.31,baseline,0.186,0.16690000000000002,random_forest,18.375,18.426,baseline,0.231,0.072,knn
天津市滨海新区李金山养殖场,2026-04-21 05:57:00,14.4,15.076999999999998,random_forest,7.29,7.161200000000004,random_forest,10.33,10.12,baseline,0.096,0.17922499999999983,random_forest,18.558,18.375,baseline,0.146,0.1456,knn
天津市滨海新区李金山养殖场,2026-04-21 10:24:00,14.4,15.353,random_forest,8.31,8.1394,random_forest,9.78,10.33,baseline,0.182,0.16473999999999997,random_forest,18.501,18.558,baseline,0.081,0.06999999999999999,knn
天津市滨海新区李金山养殖场,2026-04-21 15:33:00,15.9,14.109000000000007,random_forest,7.94,7.94405,random_forest,9.02,9.78,baseline,0.201,0.16920499999999997,random_forest,18.365,18.501,baseline,0.084,0.07520000000000002,knn
天津市滨海新区李金山养殖场,2026-04-21 21:00:00,14.5,14.237499999999994,random_forest,7.93,7.823800000000005,random_forest,11.24,9.02,baseline,0.136,0.18117,random_forest,18.303,18.365,baseline,0.055,0.0814,knn
天津市滨海新区李金山养殖场,2026-04-22 00:30:00,14.3,14.3525,random_forest,7.26,7.1722999999999955,random_forest,11.22,11.24,baseline,0.292,0.17535000000000003,random_forest,18.14,18.303,baseline,0.042,0.057600000000000005,knn
天津市滨海新区李金山养殖场,2026-04-22 05:40:00,14.5,15.306499999999996,random_forest,6.95,7.115750000000004,random_forest,9.79,11.22,baseline,0.248,0.18062499999999992,random_forest,17.912,18.14,baseline,0.083,0.11460000000000001,knn
天津市滨海新区李金山养殖场,2026-04-22 10:29:00,16.1,15.155,random_forest,8.14,8.171850000000001,random_forest,8.24,9.79,baseline,0.159,0.171765,random_forest,17.649,17.912,baseline,0.091,0.054400000000000004,knn
天津市滨海新区李金山养殖场,2026-04-22 15:32:00,14.2,15.4065,random_forest,8.06,7.9626499999999965,random_forest,9.22,8.24,baseline,0.239,0.15925,random_forest,17.46,17.649,baseline,0.057,0.09159999999999999,knn
天津市滨海新区李金山养殖场,2026-04-22 21:00:00,14.5,13.611999999999988,random_forest,8.04,7.85885,random_forest,10.72,9.22,baseline,0.127,0.17191999999999996,random_forest,17.58,17.46,baseline,0.04,0.10980000000000001,knn
天津市滨海新区李金山养殖场,2026-04-23 00:10:00,13.2,13.216499999999998,random_forest,6.99,7.180000000000004,random_forest,10.63,10.72,baseline,0.058,0.17487000000000005,random_forest,17.698,17.58,baseline,0.024,0.0506,knn
天津市滨海新区李金山养殖场,2026-04-23 05:56:00,14.6,15.253999999999994,random_forest,6.81,7.196450000000007,random_forest,10.44,10.63,baseline,0.112,0.17024500000000004,random_forest,17.801,17.698,baseline,0.075,0.05620000000000001,knn
天津市滨海新区李金山养殖场,2026-04-23 10:15:00,15.4,15.313999999999995,random_forest,8.27,8.160699999999999,random_forest,10.14,10.44,baseline,0.193,0.16471000000000008,random_forest,17.878,17.801,baseline,0.03,0.06639999999999999,knn
天津市滨海新区李金山养殖场,2026-04-23 15:45:00,13.3,14.014999999999995,random_forest,7.89,7.968699999999993,random_forest,9.53,10.14,baseline,0.193,0.161935,random_forest,17.75,17.878,baseline,0.286,0.046,knn
天津市滨海新区李金山养殖场,2026-04-23 21:10:00,14.0,13.545000000000007,random_forest,7.92,7.828599999999994,random_forest,10.79,9.53,baseline,0.143,0.17274000000000003,random_forest,17.602,17.75,baseline,0.061,0.0498,knn
天津市滨海新区李金山养殖场,2026-04-24 00:14:00,13.1,13.946000000000003,random_forest,7.11,7.251199999999996,random_forest,10.2,10.79,baseline,0.111,0.17114000000000001,random_forest,17.626,17.602,baseline,0.213,0.08380000000000001,knn
天津市滨海新区李金山养殖场,2026-04-24 05:51:00,15.1,15.073000000000002,random_forest,7.23,7.171899999999997,random_forest,9.61,10.2,baseline,0.1,0.17100499999999993,random_forest,17.57,17.626,baseline,0.252,0.1396,knn
天津市滨海新区李金山养殖场,2026-04-24 10:08:00,15.5,15.254000000000005,random_forest,8.02,8.140099999999997,random_forest,9.17,9.61,baseline,0.143,0.15621500000000005,random_forest,17.663,17.57,baseline,0.026,0.0688,knn
天津市滨海新区李金山养殖场,2026-04-24 15:24:00,13.1,14.779500000000002,random_forest,8.03,7.959749999999997,random_forest,10.04,9.17,baseline,0.293,0.16964500000000005,random_forest,17.631,17.663,baseline,0.033,0.052000000000000005,knn
天津市滨海新区李金山养殖场,2026-04-24 21:00:00,13.1,13.579999999999991,random_forest,7.85,7.843399999999998,random_forest,10.01,10.04,baseline,0.167,0.16179000000000004,random_forest,17.638,17.631,baseline,0.025,0.077,knn
天津市滨海新区李金山养殖场,2026-04-25 00:13:00,14.5,14.137999999999993,random_forest,6.6,7.18655,random_forest,10.03,10.01,baseline,0.113,0.18789999999999998,random_forest,17.593,17.638,baseline,0.055,0.049,knn
天津市滨海新区李金山养殖场,2026-04-25 05:32:00,15.4,15.130000000000003,random_forest,6.78,7.117899999999999,random_forest,9.97,10.03,baseline,0.168,0.173585,random_forest,17.502,17.593,baseline,0.132,0.0856,knn
天津市滨海新区李金山养殖场,2026-04-25 10:05:00,14.6,15.336499999999996,random_forest,8.28,8.16125,random_forest,8.53,9.97,baseline,0.213,0.1747,random_forest,17.536,17.502,baseline,0.038,0.0676,knn
天津市滨海新区李金山养殖场,2026-04-25 15:24:00,14.5,13.721999999999994,random_forest,8.04,7.956299999999998,random_forest,9.83,8.53,baseline,0.101,0.15661,random_forest,17.58,17.536,baseline,0.078,0.095,knn
天津市滨海新区李金山养殖场,2026-04-25 21:25:00,13.6,13.22299999999999,random_forest,7.84,7.841000000000004,random_forest,10.7,9.83,baseline,0.116,0.16808499999999998,random_forest,17.454,17.58,baseline,0.054,0.05700000000000001,knn
天津市滨海新区李金山养殖场,2026-04-26 00:34:00,13.9,13.704000000000008,random_forest,7.94,7.1489,random_forest,10.87,10.7,baseline,0.196,0.16895500000000005,random_forest,17.485,17.454,baseline,0.099,0.1156,knn
天津市滨海新区李金山养殖场,2026-04-26 05:46:00,13.9,15.207500000000003,random_forest,6.68,7.130300000000003,random_forest,10.14,10.87,baseline,0.278,0.17785499999999999,random_forest,17.525,17.485,baseline,0.024,0.13520000000000001,knn
天津市滨海新区李金山养殖场,2026-04-26 10:06:00,13.9,15.318999999999994,random_forest,8.21,7.9561000000000055,random_forest,9.72,10.14,baseline,0.169,0.17467500000000005,random_forest,17.534,17.525,baseline,0.037,0.06939999999999999,knn
天津市滨海新区李金山养殖场,2026-04-26 15:40:00,15.0,14.397000000000007,random_forest,8.01,7.986550000000005,random_forest,9.49,9.72,baseline,0.273,0.17198499999999992,random_forest,17.544,17.534,baseline,0.265,0.06040000000000001,knn
天津市滨海新区李金山养殖场,2026-04-26 21:08:00,10.9,13.757499999999999,random_forest,7.88,7.845649999999998,random_forest,10.83,9.49,baseline,0.176,0.170745,random_forest,17.557,17.544,baseline,0.217,0.15259999999999999,knn
天津市滨海新区李金山养殖场,2026-04-27 00:25:00,15.9,13.16449999999999,random_forest,7.88,7.069150000000002,random_forest,10.38,10.83,baseline,0.246,0.16989,random_forest,17.562,17.557,baseline,0.233,0.1238,knn
天津市滨海新区李金山养殖场,2026-04-27 05:59:00,14.3,15.50649999999999,random_forest,6.81,7.062550000000005,random_forest,10.59,10.38,baseline,0.199,0.154605,random_forest,17.629,17.562,baseline,0.04,0.0618,knn
天津市滨海新区李金山养殖场,2026-04-27 10:20:00,14.6,15.295000000000005,random_forest,7.89,7.886850000000002,random_forest,10.03,10.59,baseline,0.161,0.16761500000000004,random_forest,17.653,17.629,baseline,0.056,0.1028,knn
天津市滨海新区李金山养殖场,2026-04-27 15:38:00,14.2,14.382500000000002,random_forest,8.02,7.971300000000002,random_forest,9.94,10.03,baseline,0.126,0.153545,random_forest,17.623,17.653,baseline,0.134,0.09,knn
天津市滨海新区李金山养殖场,2026-04-27 21:14:00,14.1,14.005999999999995,random_forest,7.8,7.843999999999997,random_forest,10.63,9.94,baseline,0.197,0.1638499999999999,random_forest,17.736,17.623,baseline,0.318,0.119,knn
天津市滨海新区李金山养殖场,2026-04-28 00:32:00,12.9,13.728499999999999,random_forest,7.04,7.220850000000005,random_forest,10.59,10.63,baseline,0.158,0.16012500000000002,random_forest,17.8,17.736,baseline,0.022,0.0758,knn
天津市滨海新区李金山养殖场,2026-04-28 05:51:00,13.1,15.306999999999992,random_forest,7.28,7.143149999999992,random_forest,10.43,10.59,baseline,0.153,0.176805,random_forest,17.781,17.8,baseline,0.209,0.047599999999999996,knn
天津市滨海新区李金山养殖场,2026-04-28 10:16:00,16.4,15.395499999999993,random_forest,8.12,8.17225,random_forest,8.78,10.43,baseline,0.193,0.16909499999999988,random_forest,17.828,17.781,baseline,0.084,0.06239999999999999,knn
天津市滨海新区李金山养殖场,2026-04-28 15:29:00,14.9,14.807000000000002,random_forest,8.12,7.953950000000004,random_forest,9.79,8.78,baseline,0.208,0.17529000000000003,random_forest,17.944,17.828,baseline,0.359,0.0668,knn
天津市滨海新区李金山养殖场,2026-04-28 21:25:00,15.0,13.005499999999994,random_forest,7.91,7.832800000000003,random_forest,9.7,9.79,baseline,0.197,0.16921000000000003,random_forest,17.813,17.944,baseline,0.029,0.056400000000000006,knn
天津市滨海新区李金山养殖场,2026-05-06 00:16:00,17.5,13.628499999999995,random_forest,6.57,7.260499999999996,random_forest,10.42,9.7,baseline,0.196,0.1804299999999999,random_forest,17.851,17.813,baseline,0.044,0.049600000000000005,knn
天津市滨海新区李金山养殖场,2026-05-06 05:55:00,20.1,19.078499999999977,random_forest,6.76,7.164199999999999,random_forest,3.01,10.42,baseline,0.175,0.17452500000000004,random_forest,17.687,17.851,baseline,0.093,0.1462,knn
天津市滨海新区李金山养殖场,2026-05-06 10:17:00,21.7,19.32250000000001,random_forest,8.26,8.096199999999993,random_forest,6.54,3.01,baseline,0.126,0.17865000000000003,random_forest,17.771,17.687,baseline,0.067,0.056999999999999995,knn
天津市滨海新区李金山养殖场,2026-05-06 15:34:00,21.6,19.26149999999999,random_forest,8.08,7.974850000000008,random_forest,8.04,6.54,baseline,0.255,0.1792050000000001,random_forest,17.778,17.771,baseline,0.493,0.08739999999999999,knn
天津市滨海新区李金山养殖场,2026-05-06 21:27:00,19.6,18.841999999999988,random_forest,7.89,7.828100000000003,random_forest,9.42,8.04,baseline,0.226,0.17153,random_forest,17.821,17.778,baseline,0.052,0.0774,knn
天津市滨海新区李金山养殖场,2026-05-07 00:06:00,18.9,19.015499999999996,random_forest,7.2,7.2378499999999955,random_forest,10.07,9.42,baseline,0.105,0.17772499999999997,random_forest,17.818,17.821,baseline,0.031,0.11679999999999999,knn
天津市滨海新区李金山养殖场,2026-05-07 05:51:00,20.6,19.272499999999994,random_forest,7.98,7.178600000000002,random_forest,8.64,10.07,baseline,0.113,0.16061500000000004,random_forest,17.779,17.818,baseline,0.071,0.1136,knn
天津市滨海新区李金山养殖场,2026-05-07 10:22:00,20.0,20.199000000000005,random_forest,8.11,8.120050000000003,random_forest,8.65,8.64,baseline,0.193,0.17566500000000002,random_forest,17.708,17.779,baseline,0.063,0.057600000000000005,knn
天津市滨海新区李金山养殖场,2026-05-07 15:53:00,19.4,19.416999999999994,random_forest,7.85,7.9772000000000025,random_forest,9.47,8.65,baseline,0.128,0.17008000000000006,random_forest,17.617,17.708,baseline,0.076,0.10599999999999998,knn
天津市滨海新区李金山养殖场,2026-05-07 21:06:00,17.0,19.03699999999999,random_forest,7.8,7.8221500000000015,random_forest,10.09,9.47,baseline,0.107,0.17566999999999988,random_forest,17.659,17.617,baseline,0.03,0.1564,knn
天津市滨海新区李金山养殖场,2026-05-08 00:16:00,18.4,19.2645,random_forest,6.86,7.124449999999999,random_forest,9.88,10.09,baseline,0.274,0.16572999999999993,random_forest,17.713,17.659,baseline,0.097,0.082,knn
天津市滨海新区李金山养殖场,2026-05-08 05:46:00,18.0,19.540499999999998,random_forest,6.93,7.124299999999998,random_forest,9.67,9.88,baseline,0.236,0.18441999999999997,random_forest,17.741,17.713,baseline,0.037,0.13080000000000003,knn
天津市滨海新区李金山养殖场,2026-05-08 10:12:00,20.1,19.841499999999993,random_forest,8.14,8.098949999999997,random_forest,8.48,9.67,baseline,0.091,0.17028499999999996,random_forest,17.691,17.741,baseline,0.12,0.0774,knn
天津市滨海新区李金山养殖场,2026-05-08 15:39:00,19.8,18.995999999999995,random_forest,7.79,7.959750000000007,random_forest,8.88,8.48,baseline,0.106,0.16280500000000003,random_forest,17.732,17.691,baseline,0.03,0.08299999999999999,knn
天津市滨海新区李金山养殖场,2026-05-08 21:12:00,18.4,18.584000000000007,random_forest,7.87,7.805100000000001,random_forest,9.22,8.88,baseline,0.124,0.16949500000000012,random_forest,17.688,17.732,baseline,0.027,0.1212,knn
天津市滨海新区李金山养殖场,2026-05-09 00:28:00,18.2,18.753999999999998,random_forest,6.66,7.080999999999996,random_forest,10.25,9.22,baseline,0.102,0.17422500000000002,random_forest,17.521,17.688,baseline,0.063,0.08780000000000002,knn
天津市滨海新区李金山养殖场,2026-05-09 05:55:00,17.6,19.676499999999997,random_forest,6.56,7.234349999999998,random_forest,9.16,10.25,baseline,0.072,0.16961000000000007,random_forest,17.49,17.521,baseline,0.026,0.0606,knn
天津市滨海新区李金山养殖场,2026-05-09 10:10:00,19.7,19.815999999999995,random_forest,8.15,8.16255,random_forest,9.36,9.16,baseline,0.27,0.17412999999999992,random_forest,17.371,17.49,baseline,0.042,0.0726,knn
天津市滨海新区李金山养殖场,2026-05-09 15:29:00,19.9,19.443000000000012,random_forest,7.83,7.916599999999997,random_forest,9.38,9.36,baseline,0.233,0.17587000000000008,random_forest,17.265,17.371,baseline,0.099,0.044,knn
天津市滨海新区李金山养殖场,2026-05-09 21:02:00,17.7,18.688500000000005,random_forest,7.72,7.834049999999993,random_forest,10.17,9.38,baseline,0.156,0.17882000000000006,random_forest,17.278,17.265,baseline,0.283,0.1342,knn
天津市滨海新区李金山养殖场,2026-05-10 00:26:00,19.4,19.198,random_forest,6.55,7.254499999999994,random_forest,10.13,10.17,baseline,0.133,0.16977,random_forest,17.339,17.278,baseline,0.094,0.06899999999999999,knn
天津市滨海新区李金山养殖场,2026-05-10 05:59:00,21.3,19.47049999999999,random_forest,8.11,7.164800000000001,random_forest,5.35,10.13,baseline,0.279,0.17178999999999994,random_forest,17.403,17.339,baseline,0.064,0.0882,knn
天津市滨海新区李金山养殖场,2026-05-10 10:36:00,20.8,20.177000000000003,random_forest,8.09,8.1069,random_forest,5.74,5.35,baseline,0.115,0.18172499999999986,random_forest,17.225,17.403,baseline,0.088,0.03780000000000001,knn
天津市滨海新区李金山养殖场,2026-05-10 15:35:00,22.1,19.004500000000004,random_forest,8.06,7.909149999999999,random_forest,7.69,5.74,baseline,0.22,0.1855599999999998,random_forest,17.426,17.225,baseline,0.068,0.11579999999999999,knn
天津市滨海新区李金山养殖场,2026-05-10 21:01:00,19.9,19.555999999999973,random_forest,7.69,7.617900000000001,random_forest,9.55,7.69,baseline,0.176,0.17080499999999998,random_forest,17.363,17.426,baseline,0.035,0.10400000000000001,knn
天津市滨海新区李金山养殖场,2026-05-11 00:27:00,18.2,18.719499999999993,random_forest,6.84,7.178599999999996,random_forest,9.98,9.55,baseline,0.152,0.16781500000000002,random_forest,17.468,17.363,baseline,0.082,0.11579999999999999,knn
天津市滨海新区李金山养殖场,2026-05-11 05:39:00,19.5,19.398000000000003,random_forest,6.66,7.128950000000003,random_forest,8.47,9.98,baseline,0.149,0.18079,random_forest,17.48,17.468,baseline,0.061,0.063,knn
天津市滨海新区李金山养殖场,2026-05-11 10:04:00,19.7,20.51299999999999,random_forest,8.0,8.099200000000003,random_forest,8.28,8.47,baseline,0.158,0.15740000000000007,random_forest,17.389,17.48,baseline,0.241,0.0692,knn
天津市滨海新区李金山养殖场,2026-05-11 15:25:00,21.4,19.295500000000008,random_forest,7.8,7.932200000000003,random_forest,7.78,8.28,baseline,0.228,0.17801999999999998,random_forest,17.558,17.389,baseline,0.027,0.08739999999999999,knn
天津市滨海新区李金山养殖场,2026-05-11 21:26:00,19.0,18.94150000000001,random_forest,7.76,7.799499999999996,random_forest,10.0,7.78,baseline,0.182,0.1748900000000001,random_forest,17.562,17.558,baseline,0.094,0.12120000000000002,knn
天津市滨海新区李金山养殖场,2026-05-12 00:19:00,19.7,19.04649999999999,random_forest,8.02,7.013900000000002,random_forest,9.76,10.0,baseline,0.175,0.16772500000000007,random_forest,17.637,17.562,baseline,0.096,0.071,knn
天津市滨海新区李金山养殖场,2026-05-12 05:59:00,21.3,19.508999999999997,random_forest,7.42,7.056749999999997,random_forest,5.77,9.76,baseline,0.139,0.174325,random_forest,17.634,17.637,baseline,0.044,0.07020000000000001,knn
天津市滨海新区李金山养殖场,2026-05-12 10:16:00,20.4,19.79450000000001,random_forest,8.13,8.118600000000002,random_forest,5.14,5.77,baseline,0.217,0.18092999999999987,random_forest,17.61,17.634,baseline,0.08,0.065,knn
天津市滨海新区李金山养殖场,2026-05-12 15:58:00,21.7,19.131999999999998,random_forest,7.96,7.921300000000002,random_forest,9.07,5.14,baseline,0.185,0.18065,random_forest,17.629,17.61,baseline,0.021,0.0988,knn
天津市滨海新区李金山养殖场,2026-05-12 21:24:00,18.7,19.405500000000004,random_forest,7.79,7.792549999999998,random_forest,8.87,9.07,baseline,0.119,0.178365,random_forest,17.779,17.629,baseline,0.066,0.08320000000000001,knn
天津市滨海新区李金山养殖场,2026-05-13 00:22:00,17.9,18.831000000000003,random_forest,6.73,7.09335,random_forest,9.97,8.87,baseline,0.129,0.17977500000000007,random_forest,17.76,17.779,baseline,0.444,0.11539999999999999,knn
天津市滨海新区李金山养殖场,2026-05-13 05:33:00,21.2,19.07050000000001,random_forest,7.92,7.036200000000004,random_forest,5.49,9.97,baseline,0.13,0.18137999999999999,random_forest,17.764,17.76,baseline,0.027,0.0714,knn
天津市滨海新区李金山养殖场,2026-05-13 10:36:00,20.3,20.29,random_forest,8.09,8.120499999999998,random_forest,6.67,5.49,baseline,0.144,0.17213999999999996,random_forest,17.705,17.764,baseline,0.059,0.0754,knn
天津市滨海新区李金山养殖场,2026-05-13 15:24:00,20.2,19.265499999999996,random_forest,7.94,7.9623,random_forest,8.82,6.67,baseline,0.291,0.17506000000000005,random_forest,17.694,17.705,baseline,0.067,0.08220000000000001,knn
天津市滨海新区李金山养殖场,2026-05-13 21:00:00,19.7,18.877500000000005,random_forest,7.88,7.691199999999996,random_forest,9.75,8.82,baseline,0.101,0.19687499999999997,random_forest,17.603,17.694,baseline,0.258,0.0884,knn
天津市滨海新区李金山养殖场,2026-05-14 00:32:00,16.9,19.112499999999994,random_forest,7.36,7.1481499999999984,random_forest,9.94,9.75,baseline,0.126,0.17703499999999983,random_forest,17.635,17.603,baseline,0.257,0.10899999999999999,knn
天津市滨海新区李金山养殖场,2026-05-14 05:59:00,19.4,19.30199999999999,random_forest,7.08,7.221200000000005,random_forest,9.6,9.94,baseline,0.108,0.160325,random_forest,17.489,17.635,baseline,0.098,0.09780000000000001,knn
天津市滨海新区李金山养殖场,2026-05-14 10:30:00,19.4,19.8575,random_forest,8.14,8.12645,random_forest,8.51,9.6,baseline,0.167,0.16553500000000004,random_forest,17.584,17.489,baseline,0.021,0.1356,knn
天津市滨海新区李金山养殖场,2026-05-14 15:26:00,19.7,19.533499999999993,random_forest,7.76,7.945499999999997,random_forest,8.74,8.51,baseline,0.136,0.16992499999999994,random_forest,17.597,17.584,baseline,0.108,0.051000000000000004,knn
天津市滨海新区李金山养殖场,2026-05-14 21:00:00,19.8,18.511499999999998,random_forest,7.98,7.8113999999999955,random_forest,9.78,8.74,baseline,0.128,0.19214000000000003,random_forest,17.354,17.597,baseline,0.048,0.07600000000000001,knn
天津市滨海新区李金山养殖场,2026-05-15 00:34:00,19.1,19.02949999999999,random_forest,6.66,7.079350000000001,random_forest,9.75,9.78,baseline,0.162,0.17833500000000016,random_forest,17.232,17.354,baseline,0.033,0.0692,knn
天津市滨海新区李金山养殖场,2026-05-15 05:59:00,20.5,19.3945,random_forest,7.03,7.234850000000006,random_forest,8.93,9.75,baseline,0.22,0.19525000000000003,random_forest,17.205,17.232,baseline,0.04,0.049,knn
天津市滨海新区李金山养殖场,2026-05-15 10:16:00,19.6,20.084500000000006,random_forest,8.03,8.130399999999995,random_forest,8.66,8.93,baseline,0.123,0.1710050000000001,random_forest,17.322,17.205,baseline,0.296,0.06739999999999999,knn
天津市滨海新区李金山养殖场,2026-05-15 15:30:00,21.3,19.2415,random_forest,8.11,7.93355,random_forest,8.23,8.66,baseline,0.112,0.16906500000000002,random_forest,17.311,17.322,baseline,0.025,0.09739999999999999,knn
天津市滨海新区李金山养殖场,2026-05-15 21:02:00,19.2,18.86100000000001,random_forest,7.81,7.8229000000000015,random_forest,9.89,8.23,baseline,0.213,0.17674500000000012,random_forest,17.367,17.311,baseline,0.022,0.1016,knn
天津市滨海新区李金山养殖场,2026-05-16 00:09:00,17.3,18.585499999999993,random_forest,6.85,7.116749999999999,random_forest,9.93,9.89,baseline,0.166,0.18291000000000007,random_forest,17.178,17.367,baseline,0.068,0.0848,knn
天津市滨海新区李金山养殖场,2026-05-16 05:59:00,20.3,19.257500000000004,random_forest,7.44,7.0729999999999995,random_forest,5.93,9.93,baseline,0.174,0.18276500000000007,random_forest,17.396,17.178,baseline,0.054,0.0832,knn
天津市滨海新区李金山养殖场,2026-05-16 10:13:00,20.8,20.121000000000002,random_forest,8.07,8.121649999999999,random_forest,8.23,5.93,baseline,0.134,0.17451500000000003,random_forest,17.458,17.396,baseline,0.045,0.10999999999999999,knn
天津市滨海新区李金山养殖场,2026-05-16 15:52:00,21.1,19.306499999999993,random_forest,7.93,7.910549999999998,random_forest,8.77,8.23,baseline,0.248,0.18169500000000002,random_forest,17.535,17.458,baseline,0.135,0.0726,knn
天津市滨海新区李金山养殖场,2026-05-16 21:21:00,17.9,18.768500000000007,random_forest,7.87,7.824799999999997,random_forest,9.72,8.77,baseline,0.122,0.18000999999999998,random_forest,17.51,17.535,baseline,0.079,0.1424,knn
天津市滨海新区李金山养殖场,2026-05-17 00:32:00,19.8,18.950499999999998,random_forest,7.12,7.065350000000002,random_forest,9.1,9.72,baseline,0.15,0.17997999999999997,random_forest,17.507,17.51,baseline,0.036,0.1714,knn
天津市滨海新区李金山养殖场,2026-05-17 05:59:00,20.8,19.7705,random_forest,7.17,6.9532500000000015,random_forest,8.67,9.1,baseline,0.171,0.1691600000000001,random_forest,17.451,17.507,baseline,0.039,0.1422,knn
天津市滨海新区李金山养殖场,2026-05-17 10:12:00,21.1,20.192500000000006,random_forest,8.05,8.12845,random_forest,5.12,8.67,baseline,0.293,0.16362500000000005,random_forest,17.524,17.451,baseline,0.037,0.0648,knn
天津市滨海新区李金山养殖场,2026-05-17 15:40:00,17.9,19.42649999999999,random_forest,7.8,7.934499999999997,random_forest,9.38,5.12,baseline,0.232,0.16419000000000003,random_forest,17.596,17.524,baseline,0.258,0.1456,knn
天津市滨海新区李金山养殖场,2026-05-17 21:00:00,16.9,18.984999999999996,random_forest,7.9,7.801499999999993,random_forest,9.74,9.38,baseline,0.126,0.18418000000000004,random_forest,17.488,17.596,baseline,0.082,0.11220000000000001,knn
天津市滨海新区李金山养殖场,2026-05-18 00:21:00,16.5,19.338999999999995,random_forest,7.25,7.110949999999994,random_forest,10.22,9.74,baseline,0.151,0.1602900000000001,random_forest,17.443,17.488,baseline,0.083,0.128,knn
天津市滨海新区李金山养殖场,2026-05-18 05:59:00,22.5,19.347999999999992,random_forest,7.29,7.1309499999999995,random_forest,8.62,10.22,baseline,0.176,0.18331499999999998,random_forest,17.576,17.443,baseline,0.137,0.134,knn
天津市滨海新区李金山养殖场,2026-05-18 10:06:00,19.4,22.490999999999996,random_forest,8.0,8.132850000000005,random_forest,8.94,8.62,baseline,0.074,0.15369000000000008,random_forest,17.594,17.576,baseline,0.047,0.1368,knn
天津市滨海新区李金山养殖场,2026-05-18 15:26:00,17.6,19.4435,random_forest,7.8,7.930100000000001,random_forest,9.39,8.94,baseline,0.19,0.17449499999999996,random_forest,17.593,17.594,baseline,0.079,0.1456,knn
天津市滨海新区李金山养殖场,2026-05-18 21:09:00,17.2,18.365500000000008,random_forest,7.83,7.81925,random_forest,10.33,9.39,baseline,0.241,0.17567999999999995,random_forest,17.584,17.593,baseline,0.067,0.1226,knn
天津市滨海新区李金山养殖场,2026-05-19 00:05:00,20.5,19.0665,random_forest,7.13,7.061950000000004,random_forest,5.14,10.33,baseline,0.114,0.17119,random_forest,17.642,17.584,baseline,0.096,0.11579999999999999,knn
天津市滨海新区李金山养殖场,2026-05-19 05:40:00,21.5,20.19550000000001,random_forest,7.35,7.109949999999998,random_forest,5.59,5.14,baseline,0.185,0.16818500000000003,random_forest,17.709,17.642,baseline,0.088,0.097,knn
天津市滨海新区李金山养殖场,2026-05-19 10:33:00,21.5,20.231000000000005,random_forest,8.26,8.119050000000007,random_forest,9.07,5.59,baseline,0.117,0.15629500000000005,random_forest,17.734,17.709,baseline,0.02,0.21400000000000002,knn
天津市滨海新区李金山养殖场,2026-05-19 15:41:00,19.0,18.965500000000006,random_forest,8.0,7.966150000000004,random_forest,9.36,9.07,baseline,0.121,0.18514999999999987,random_forest,17.986,17.734,baseline,0.187,0.09540000000000001,knn
天津市滨海新区李金山养殖场,2026-05-19 21:00:00,16.3,18.621500000000005,random_forest,7.86,7.8250500000000045,random_forest,9.62,9.36,baseline,0.264,0.17766500000000005,random_forest,17.803,17.986,baseline,0.392,0.0748,knn
天津市滨海新区李金山养殖场,2026-05-20 00:08:00,19.0,18.473499999999987,random_forest,6.95,7.206100000000005,random_forest,10.32,9.62,baseline,0.193,0.184305,random_forest,17.815,17.803,baseline,0.215,0.0668,knn
天津市滨海新区李金山养殖场,2026-05-20 05:44:00,19.0,19.537999999999997,random_forest,7.25,7.203850000000002,random_forest,9.43,10.32,baseline,0.193,0.16455500000000003,random_forest,17.53,17.815,baseline,0.055,0.10400000000000001,knn
天津市滨海新区李金山养殖场,2026-05-20 10:05:00,21.1,20.297499999999996,random_forest,8.16,8.117549999999996,random_forest,3.05,9.43,baseline,0.163,0.159305,random_forest,17.658,17.53,baseline,0.057,0.07519999999999999,knn
天津市滨海新区李金山养殖场,2026-05-20 15:23:00,21.1,19.810499999999998,random_forest,7.98,7.961599999999996,random_forest,9.15,3.05,baseline,0.119,0.18955499999999995,random_forest,17.833,17.658,baseline,0.024,0.0986,knn
天津市滨海新区李金山养殖场,2026-05-20 21:14:00,20.2,18.535000000000018,random_forest,7.9,7.813949999999994,random_forest,5.97,9.15,baseline,0.266,0.19571999999999995,random_forest,17.956,17.833,baseline,0.057,0.06620000000000001,knn
天津市滨海新区李金山养殖场,2026-05-21 00:10:00,18.9,19.1505,random_forest,7.45,7.230800000000003,random_forest,9.96,5.97,baseline,0.175,0.18328499999999995,random_forest,17.791,17.956,baseline,0.029,0.0638,knn
天津市滨海新区李金山养殖场,2026-05-21 05:39:00,18.4,19.31150000000001,random_forest,7.38,7.104050000000001,random_forest,9.54,9.96,baseline,0.119,0.20034000000000013,random_forest,17.641,17.791,baseline,0.074,0.053799999999999994,knn
天津市滨海新区李金山养殖场,2026-05-21 10:14:00,19.1,19.716999999999995,random_forest,8.17,8.133150000000008,random_forest,8.37,9.54,baseline,0.252,0.15964499999999998,random_forest,17.684,17.641,baseline,0.083,0.08259999999999999,knn
天津市滨海新区李金山养殖场,2026-05-21 15:33:00,20.0,19.762500000000017,random_forest,8.0,7.949149999999998,random_forest,8.49,8.37,baseline,0.081,0.18065,random_forest,17.602,17.684,baseline,0.058,0.1326,knn
天津市滨海新区李金山养殖场,2026-05-21 21:27:00,17.6,18.910500000000017,random_forest,7.74,7.838899999999994,random_forest,9.84,8.49,baseline,0.187,0.17757500000000004,random_forest,17.649,17.602,baseline,0.078,0.049800000000000004,knn
天津市滨海新区李金山养殖场,2026-05-22 00:38:00,19.1,18.835999999999995,random_forest,7.23,7.062600000000006,random_forest,10.18,9.84,baseline,0.115,0.16387999999999997,random_forest,17.611,17.649,baseline,0.085,0.10740000000000001,knn
天津市滨海新区李金山养殖场,2026-05-22 05:59:00,19.9,19.603500000000004,random_forest,7.45,7.023450000000006,random_forest,8.71,10.18,baseline,0.152,0.18096999999999994,random_forest,17.418,17.611,baseline,0.03,0.0942,knn
天津市滨海新区李金山养殖场,2026-05-22 10:17:00,19.0,20.051500000000004,random_forest,8.22,8.136399999999998,random_forest,8.45,8.71,baseline,0.19,0.18344000000000013,random_forest,17.398,17.418,baseline,0.258,0.06000000000000001,knn
天津市滨海新区李金山养殖场,2026-05-22 15:29:00,20.0,19.087999999999997,random_forest,8.0,7.917749999999996,random_forest,8.24,8.45,baseline,0.168,0.17523,random_forest,17.645,17.398,baseline,0.091,0.12519999999999998,knn
天津市滨海新区李金山养殖场,2026-05-22 21:12:00,18.1,18.81700000000001,random_forest,7.69,7.8450999999999995,random_forest,9.94,8.24,baseline,0.211,0.18401000000000006,random_forest,17.518,17.645,baseline,0.062,0.055600000000000004,knn
天津市滨海新区李金山养殖场,2026-05-23 00:11:00,18.1,18.991499999999995,random_forest,6.72,7.0502,random_forest,9.9,9.94,baseline,0.134,0.18986,random_forest,17.514,17.518,baseline,0.046,0.07100000000000001,knn
天津市滨海新区李金山养殖场,2026-05-23 05:36:00,20.3,19.388,random_forest,7.4,7.055899999999996,random_forest,9.09,9.9,baseline,0.291,0.17932000000000003,random_forest,17.476,17.514,baseline,0.376,0.2142,knn
天津市滨海新区李金山养殖场,2026-05-23 10:12:00,20.3,20.035000000000004,random_forest,8.02,8.129699999999998,random_forest,3.95,9.09,baseline,0.11,0.167805,random_forest,17.581,17.476,baseline,0.09,0.08619999999999998,knn
天津市滨海新区李金山养殖场,2026-05-23 15:37:00,18.6,19.25,random_forest,8.04,7.946150000000001,random_forest,8.82,3.95,baseline,0.187,0.17502499999999993,random_forest,17.377,17.581,baseline,0.045,0.0924,knn
天津市滨海新区李金山养殖场,2026-05-23 21:02:00,18.6,18.779500000000013,random_forest,7.81,7.836599999999999,random_forest,9.99,8.82,baseline,0.112,0.17178500000000002,random_forest,17.41,17.377,baseline,0.063,0.047,knn
天津市滨海新区李金山养殖场,2026-05-24 00:30:00,20.1,18.474999999999984,random_forest,6.66,7.144800000000003,random_forest,6.8,9.99,baseline,0.179,0.18196999999999997,random_forest,17.291,17.41,baseline,0.04,0.0872,knn
天津市滨海新区李金山养殖场,2026-05-24 05:33:00,21.8,20.030499999999993,random_forest,6.69,7.06050000000001,random_forest,9.5,6.8,baseline,0.115,0.18940500000000007,random_forest,17.166,17.291,baseline,0.027,0.049800000000000004,knn
天津市滨海新区李金山养殖场,2026-05-24 10:22:00,20.1,22.168000000000006,random_forest,8.05,8.126900000000003,random_forest,8.32,9.5,baseline,0.166,0.17047500000000007,random_forest,17.202,17.166,baseline,0.088,0.054200000000000005,knn
天津市滨海新区李金山养殖场,2026-05-24 15:35:00,20.2,19.299499999999995,random_forest,7.83,7.9347,random_forest,8.24,8.32,baseline,0.078,0.17392500000000008,random_forest,17.238,17.202,baseline,0.051,0.04240000000000001,knn
天津市滨海新区李金山养殖场,2026-05-24 21:14:00,19.0,19.150500000000005,random_forest,7.82,7.79945,random_forest,10.0,8.24,baseline,0.105,0.17599000000000006,random_forest,17.178,17.238,baseline,0.139,0.092,knn
天津市滨海新区李金山养殖场,2026-05-25 00:03:00,18.6,19.364000000000004,random_forest,6.76,7.110500000000003,random_forest,10.33,10.0,baseline,0.122,0.18573000000000003,random_forest,17.001,17.178,baseline,0.065,0.07999999999999999,knn
天津市滨海新区李金山养殖场,2026-05-25 05:59:00,19.6,19.697000000000006,random_forest,7.5,7.092499999999993,random_forest,9.43,10.33,baseline,0.258,0.17727499999999996,random_forest,17.051,17.001,baseline,0.064,0.1462,knn
天津市滨海新区李金山养殖场,2026-05-25 10:20:00,19.8,19.940999999999995,random_forest,8.06,8.14124999999999,random_forest,8.18,9.43,baseline,0.186,0.18166999999999994,random_forest,16.875,17.051,baseline,0.05,0.06799999999999999,knn
天津市滨海新区李金山养殖场,2026-05-25 15:56:00,18.1,19.335499999999996,random_forest,8.03,7.927099999999999,random_forest,9.32,8.18,baseline,0.298,0.17898500000000006,random_forest,16.639,16.875,baseline,0.442,0.0364,knn
天津市滨海新区李金山养殖场,2026-05-25 21:12:00,19.1,19.36450000000001,random_forest,7.91,7.835050000000001,random_forest,10.12,9.32,baseline,0.2,0.17627999999999988,random_forest,16.813,16.639,baseline,0.467,0.05500000000000001,knn
天津市滨海新区李金山养殖场,2026-06-08 00:04:00,25.3,19.630999999999993,random_forest,6.7,7.207749999999999,random_forest,3.43,10.12,baseline,0.181,0.17573999999999995,random_forest,17.02,16.813,baseline,0.034,0.12060000000000001,knn
天津市滨海新区李金山养殖场,2026-06-08 05:40:00,23.7,24.47199999999999,random_forest,7.45,7.174850000000003,random_forest,6.81,3.43,baseline,0.188,0.17259500000000005,random_forest,16.968,17.02,baseline,0.033,0.11019999999999999,knn
天津市滨海新区李金山养殖场,2026-06-08 10:02:00,24.8,24.131000000000004,random_forest,8.3,8.102900000000002,random_forest,7.92,6.81,baseline,0.151,0.18357499999999988,random_forest,16.896,16.968,baseline,0.052,0.10599999999999998,knn
天津市滨海新区李金山养殖场,2026-06-08 15:45:00,26.1,24.114499999999975,random_forest,7.99,7.9154,random_forest,5.17,7.92,baseline,0.171,0.187325,random_forest,16.938,16.896,baseline,0.185,0.069,knn
天津市滨海新区李金山养殖场,2026-06-08 21:00:00,23.0,23.967500000000022,random_forest,7.73,7.821850000000001,random_forest,5.11,5.17,baseline,0.115,0.17343499999999995,random_forest,17.008,16.938,baseline,0.292,0.0754,knn
天津市滨海新区李金山养殖场,2026-06-09 00:02:00,24.5,23.49150000000001,random_forest,7.36,7.175749999999999,random_forest,3.58,5.11,baseline,0.294,0.16642999999999997,random_forest,17.148,17.008,baseline,0.038,0.074,knn
天津市滨海新区李金山养殖场,2026-06-09 05:56:00,24.2,24.119999999999983,random_forest,6.75,7.104499999999999,random_forest,5.71,3.58,baseline,0.194,0.159455,random_forest,17.1,17.148,baseline,0.029,0.1032,knn
天津市滨海新区李金山养殖场,2026-06-09 10:35:00,23.7,24.259,random_forest,8.09,8.111100000000002,random_forest,6.82,5.71,baseline,0.068,0.17163500000000004,random_forest,17.156,17.1,baseline,0.045,0.0504,knn
天津市滨海新区李金山养殖场,2026-06-09 15:48:00,24.2,24.03449999999999,random_forest,8.02,7.956200000000003,random_forest,8.31,6.82,baseline,0.234,0.16012000000000015,random_forest,17.039,17.156,baseline,0.092,0.0888,knn
天津市滨海新区李金山养殖场,2026-06-09 21:20:00,23.9,23.91349999999998,random_forest,7.75,7.798350000000005,random_forest,8.83,8.31,baseline,0.189,0.17820000000000014,random_forest,17.038,17.039,baseline,0.09,0.13999999999999999,knn
天津市滨海新区李金山养殖场,2026-06-10 00:34:00,23.3,23.777500000000003,random_forest,7.41,7.032850000000003,random_forest,5.12,8.83,baseline,0.14,0.168095,random_forest,17.082,17.038,baseline,0.076,0.11280000000000001,knn
天津市滨海新区李金山养殖场,2026-06-10 05:36:00,24.5,24.467999999999996,random_forest,6.51,7.045750000000002,random_forest,8.2,5.12,baseline,0.113,0.14919500000000002,random_forest,17.201,17.082,baseline,0.034,0.1786,knn
天津市滨海新区李金山养殖场,2026-06-10 10:10:00,24.4,24.0895,random_forest,8.02,8.127749999999997,random_forest,6.86,8.2,baseline,0.117,0.16955499999999993,random_forest,17.07,17.201,baseline,0.088,0.0522,knn
天津市滨海新区李金山养殖场,2026-06-10 15:22:00,24.8,24.048500000000008,random_forest,7.93,7.937650000000006,random_forest,6.08,6.86,baseline,0.121,0.18934,random_forest,17.045,17.07,baseline,0.261,0.18160000000000004,knn
天津市滨海新区李金山养殖场,2026-06-10 21:06:00,24.5,23.539499999999993,random_forest,7.64,7.818349999999999,random_forest,9.93,6.08,baseline,0.253,0.16681499999999996,random_forest,17.015,17.045,baseline,0.29,0.06720000000000001,knn
天津市滨海新区李金山养殖场,2026-06-11 00:10:00,23.0,23.654999999999987,random_forest,6.57,7.2286,random_forest,10.01,9.93,baseline,0.199,0.160195,random_forest,17.0,17.015,baseline,0.044,0.1214,knn
天津市滨海新区李金山养殖场,2026-06-11 05:51:00,25.0,24.55950000000002,random_forest,7.28,7.22025,random_forest,8.74,10.01,baseline,0.281,0.17002999999999996,random_forest,16.72,17.0,baseline,0.044,0.0792,knn
天津市滨海新区李金山养殖场,2026-06-11 10:33:00,25.7,24.29499999999998,random_forest,8.15,8.0934,random_forest,6.89,8.74,baseline,0.158,0.15710500000000008,random_forest,16.845,16.72,baseline,0.146,0.0716,knn
天津市滨海新区李金山养殖场,2026-06-11 15:22:00,21.9,24.13799999999999,random_forest,7.95,7.929549999999997,random_forest,6.36,6.89,baseline,0.226,0.1838850000000001,random_forest,16.783,16.845,baseline,0.096,0.0968,knn
天津市滨海新区李金山养殖场,2026-06-11 21:25:00,23.0,23.517499999999973,random_forest,7.77,7.806300000000002,random_forest,8.41,6.36,baseline,0.106,0.16891000000000006,random_forest,16.869,16.783,baseline,0.077,0.05940000000000001,knn
天津市滨海新区李金山养殖场,2026-06-12 00:27:00,24.3,23.896499999999996,random_forest,6.69,7.1051,random_forest,8.18,8.41,baseline,0.128,0.1747499999999999,random_forest,16.82,16.869,baseline,0.034,0.1,knn
天津市滨海新区李金山养殖场,2026-06-12 05:32:00,22.8,24.265500000000007,random_forest,6.98,7.078450000000007,random_forest,8.56,8.18,baseline,0.054,0.16149000000000008,random_forest,16.661,16.82,baseline,0.087,0.13940000000000002,knn
天津市滨海新区李金山养殖场,2026-06-12 10:13:00,25.7,24.798000000000012,random_forest,8.07,8.109749999999995,random_forest,7.0,8.56,baseline,0.108,0.1673599999999999,random_forest,16.507,16.661,baseline,0.057,0.06259999999999999,knn
天津市滨海新区李金山养殖场,2026-06-12 15:26:00,23.5,23.869999999999994,random_forest,7.95,7.955200000000008,random_forest,6.16,7.0,baseline,0.136,0.17800499999999997,random_forest,16.67,16.507,baseline,0.065,0.0624,knn
天津市滨海新区李金山养殖场,2026-06-12 21:00:00,24.8,23.567499999999995,random_forest,7.72,7.785449999999998,random_forest,8.78,6.16,baseline,0.142,0.17987999999999996,random_forest,16.707,16.67,baseline,0.035,0.128,knn
天津市滨海新区李金山养殖场,2026-06-13 00:30:00,23.2,23.46400000000001,random_forest,7.12,7.113299999999998,random_forest,6.93,8.78,baseline,0.271,0.16237500000000007,random_forest,16.69,16.707,baseline,0.324,0.15099999999999997,knn
天津市滨海新区李金山养殖场,2026-06-13 05:33:00,22.6,24.531500000000015,random_forest,6.9,7.154049999999995,random_forest,5.15,6.93,baseline,0.109,0.17091000000000003,random_forest,16.645,16.69,baseline,0.03,0.06860000000000001,knn
天津市滨海新区李金山养殖场,2026-06-13 10:34:00,24.0,24.042,random_forest,8.3,8.094349999999999,random_forest,5.72,5.15,baseline,0.209,0.16309999999999994,random_forest,16.707,16.645,baseline,0.031,0.0774,knn
天津市滨海新区李金山养殖场,2026-06-13 15:32:00,25.2,24.173,random_forest,8.04,7.925400000000004,random_forest,3.08,5.72,baseline,0.285,0.17221500000000003,random_forest,16.72,16.707,baseline,0.177,0.0678,knn
天津市滨海新区李金山养殖场,2026-06-13 21:16:00,21.3,23.737999999999985,random_forest,7.72,7.820450000000002,random_forest,6.5,3.08,baseline,0.285,0.17149,random_forest,16.703,16.72,baseline,0.376,0.0834,knn
天津市滨海新区李金山养殖场,2026-06-14 00:24:00,22.5,21.83700000000002,random_forest,6.74,7.177450000000005,random_forest,3.33,6.5,baseline,0.186,0.18771499999999983,random_forest,16.634,16.703,baseline,0.086,0.0512,knn
天津市滨海新区李金山养殖场,2026-06-14 05:53:00,23.7,24.64350000000002,random_forest,6.77,7.07705000000001,random_forest,6.09,3.33,baseline,0.132,0.15976500000000005,random_forest,16.748,16.634,baseline,0.055,0.0682,knn
天津市滨海新区李金山养殖场,2026-06-14 10:13:00,24.5,24.721500000000013,random_forest,8.04,8.102550000000008,random_forest,6.19,6.09,baseline,0.296,0.16648500000000016,random_forest,16.713,16.748,baseline,0.079,0.1276,knn
天津市滨海新区李金山养殖场,2026-06-14 15:23:00,23.4,24.201999999999998,random_forest,8.05,7.939700000000005,random_forest,7.44,6.19,baseline,0.179,0.18530000000000005,random_forest,16.639,16.713,baseline,0.237,0.09779999999999998,knn
天津市滨海新区李金山养殖场,2026-06-14 21:26:00,22.5,23.860500000000005,random_forest,8.0,7.817349999999999,random_forest,9.14,7.44,baseline,0.211,0.16995000000000016,random_forest,16.659,16.639,baseline,0.054,0.08399999999999999,knn
天津市滨海新区李金山养殖场,2026-06-15 00:15:00,24.8,24.154999999999976,random_forest,6.9,7.131050000000003,random_forest,5.21,9.14,baseline,0.22,0.15570999999999996,random_forest,16.722,16.659,baseline,0.098,0.0718,knn
天津市滨海新区李金山养殖场,2026-06-15 05:42:00,25.5,24.672000000000025,random_forest,6.69,7.062800000000005,random_forest,6.76,5.21,baseline,0.103,0.17894999999999997,random_forest,16.759,16.722,baseline,0.083,0.10200000000000001,knn
天津市滨海新区李金山养殖场,2026-06-15 10:04:00,26.1,24.732999999999997,random_forest,8.03,8.120749999999997,random_forest,7.93,6.76,baseline,0.113,0.168735,random_forest,16.8,16.759,baseline,0.067,0.0776,knn
天津市滨海新区李金山养殖场,2026-06-15 15:47:00,22.6,24.124999999999996,random_forest,7.93,7.9406,random_forest,3.21,7.93,baseline,0.085,0.17532,random_forest,16.801,16.8,baseline,0.06,0.1748,knn
天津市滨海新区李金山养殖场,2026-06-15 21:15:00,24.0,23.4965,random_forest,7.93,7.8244499999999935,random_forest,5.04,3.21,baseline,0.187,0.16565999999999992,random_forest,16.737,16.801,baseline,0.09,0.07060000000000001,knn
天津市滨海新区李金山养殖场,2026-06-16 00:30:00,24.5,23.5225,random_forest,7.29,7.178199999999995,random_forest,9.38,5.04,baseline,0.283,0.17707499999999995,random_forest,16.73,16.737,baseline,0.094,0.0814,knn
天津市滨海新区李金山养殖场,2026-06-16 05:53:00,23.9,24.553,random_forest,7.96,7.0374500000000015,random_forest,5.04,9.38,baseline,0.171,0.16648500000000005,random_forest,16.481,16.73,baseline,0.05,0.0712,knn
天津市滨海新区李金山养殖场,2026-06-16 10:12:00,22.9,24.379500000000004,random_forest,8.23,8.094399999999998,random_forest,5.45,5.04,baseline,0.277,0.16484000000000015,random_forest,16.335,16.481,baseline,0.097,0.095,knn
天津市滨海新区李金山养殖场,2026-06-16 15:38:00,25.6,24.026000000000003,random_forest,8.08,7.968150000000003,random_forest,3.16,5.45,baseline,0.121,0.16135,random_forest,16.111,16.335,baseline,0.185,0.064,knn
天津市滨海新区李金山养殖场,2026-06-16 21:19:00,22.1,24.346500000000013,random_forest,7.95,7.740300000000007,random_forest,3.8,3.16,baseline,0.199,0.17646000000000003,random_forest,16.172,16.111,baseline,0.07,0.11400000000000002,knn
天津市滨海新区李金山养殖场,2026-06-17 00:03:00,23.4,23.553000000000008,random_forest,6.69,7.202649999999998,random_forest,10.09,3.8,baseline,0.275,0.16300000000000012,random_forest,16.217,16.172,baseline,0.081,0.1022,knn
天津市滨海新区李金山养殖场,2026-06-17 05:36:00,23.1,24.868499999999997,random_forest,7.27,7.147050000000005,random_forest,8.59,10.09,baseline,0.192,0.17274499999999993,random_forest,16.482,16.217,baseline,0.036,0.0558,knn
天津市滨海新区李金山养殖场,2026-06-17 10:03:00,23.9,24.018000000000008,random_forest,8.15,8.095049999999999,random_forest,8.07,8.59,baseline,0.065,0.16384500000000007,random_forest,16.44,16.482,baseline,0.183,0.07579999999999999,knn
天津市滨海新区李金山养殖场,2026-06-17 15:38:00,25.6,24.418499999999998,random_forest,8.0,7.95905000000001,random_forest,7.67,8.07,baseline,0.243,0.16548000000000013,random_forest,16.419,16.44,baseline,0.084,0.072,knn
天津市滨海新区李金山养殖场,2026-06-17 21:27:00,23.4,23.790000000000006,random_forest,7.77,7.810750000000005,random_forest,3.29,7.67,baseline,0.295,0.17953000000000002,random_forest,16.42,16.419,baseline,0.093,0.1006,knn
天津市滨海新区李金山养殖场,2026-06-18 00:10:00,24.7,23.645000000000003,random_forest,7.26,7.124149999999998,random_forest,8.48,3.29,baseline,0.13,0.1629300000000001,random_forest,16.385,16.42,baseline,0.227,0.055600000000000004,knn
天津市滨海新区李金山养殖场,2026-06-18 05:37:00,25.6,25.025500000000026,random_forest,6.95,7.274550000000001,random_forest,5.02,8.48,baseline,0.104,0.16083000000000003,random_forest,16.297,16.385,baseline,0.042,0.08320000000000001,knn
天津市滨海新区李金山养殖场,2026-06-18 10:15:00,23.9,24.32449999999999,random_forest,8.19,8.097300000000004,random_forest,5.79,5.02,baseline,0.165,0.16000500000000012,random_forest,16.131,16.297,baseline,0.202,0.0636,knn
天津市滨海新区李金山养殖场,2026-06-18 15:29:00,23.7,24.29799999999999,random_forest,7.87,7.921750000000004,random_forest,7.84,5.79,baseline,0.188,0.16939000000000004,random_forest,16.1,16.131,baseline,0.181,0.1254,knn
天津市滨海新区李金山养殖场,2026-06-18 21:06:00,23.0,23.78099999999999,random_forest,7.86,7.800750000000001,random_forest,8.66,7.84,baseline,0.282,0.18720000000000003,random_forest,16.106,16.1,baseline,0.056,0.0632,knn
天津市滨海新区李金山养殖场,2026-06-19 00:25:00,21.7,23.931499999999982,random_forest,7.17,7.011549999999996,random_forest,5.38,8.66,baseline,0.09,0.18549000000000007,random_forest,16.179,16.106,baseline,0.081,0.06820000000000001,knn
天津市滨海新区李金山养殖场,2026-06-19 05:37:00,24.0,24.2725,random_forest,7.21,7.044149999999998,random_forest,8.27,5.38,baseline,0.108,0.16068000000000002,random_forest,16.145,16.179,baseline,0.467,0.08020000000000001,knn
天津市滨海新区李金山养殖场,2026-06-19 10:11:00,27.0,25.049500000000013,random_forest,8.0,8.119549999999998,random_forest,5.84,8.27,baseline,0.089,0.16453000000000007,random_forest,16.14,16.145,baseline,0.091,0.07060000000000001,knn
天津市滨海新区李金山养殖场,2026-06-19 15:53:00,26.1,23.910999999999998,random_forest,7.89,7.957150000000009,random_forest,5.93,5.84,baseline,0.147,0.1744849999999999,random_forest,16.119,16.14,baseline,0.04,0.0774,knn
天津市滨海新区李金山养殖场,2026-06-19 21:15:00,23.2,23.910999999999998,random_forest,7.71,7.810300000000002,random_forest,8.96,5.93,baseline,0.125,0.17857499999999996,random_forest,16.146,16.119,baseline,0.066,0.058800000000000005,knn
天津市滨海新区李金山养殖场,2026-06-20 00:27:00,22.9,24.248500000000007,random_forest,6.54,7.0028,random_forest,5.75,8.96,baseline,0.126,0.18293500000000001,random_forest,16.028,16.146,baseline,0.02,0.1186,knn
天津市滨海新区李金山养殖场,2026-06-20 05:43:00,23.8,24.187000000000015,random_forest,6.63,7.1474,random_forest,8.92,5.75,baseline,0.115,0.170915,random_forest,15.946,16.028,baseline,0.169,0.07020000000000001,knn
天津市滨海新区李金山养殖场,2026-06-20 10:24:00,26.0,24.590500000000016,random_forest,8.02,8.046599999999996,random_forest,6.86,8.92,baseline,0.148,0.15852499999999992,random_forest,15.915,15.946,baseline,0.1,0.1578,knn
天津市滨海新区李金山养殖场,2026-06-20 15:40:00,22.9,24.214000000000002,random_forest,7.95,7.914250000000001,random_forest,5.95,6.86,baseline,0.192,0.16928000000000004,random_forest,15.747,15.915,baseline,0.076,0.0968,knn
天津市滨海新区李金山养殖场,2026-06-20 21:00:00,20.2,23.267000000000003,random_forest,7.76,7.8313,random_forest,6.8,5.95,baseline,0.143,0.17955999999999986,random_forest,15.624,15.747,baseline,0.272,0.09420000000000002,knn
天津市滨海新区李金山养殖场,2026-06-21 00:23:00,23.5,22.03650000000001,random_forest,6.62,7.0832,random_forest,8.48,6.8,baseline,0.072,0.16625499999999993,random_forest,15.79,15.624,baseline,0.209,0.07699999999999999,knn
天津市滨海新区李金山养殖场,2026-06-21 05:39:00,25.3,24.420000000000012,random_forest,7.38,7.208000000000001,random_forest,6.86,8.48,baseline,0.11,0.16139999999999993,random_forest,15.726,15.79,baseline,0.03,0.059,knn
天津市滨海新区李金山养殖场,2026-06-21 10:36:00,26.0,24.5715,random_forest,8.13,8.104700000000003,random_forest,7.76,6.86,baseline,0.162,0.170885,random_forest,15.631,15.726,baseline,0.089,0.05740000000000001,knn
天津市滨海新区李金山养殖场,2026-06-21 15:24:00,24.0,23.66799999999999,random_forest,8.06,7.915449999999997,random_forest,7.56,7.76,baseline,0.184,0.20174999999999998,random_forest,15.644,15.631,baseline,0.043,0.06280000000000001,knn
天津市滨海新区李金山养殖场,2026-06-21 21:00:00,24.3,23.5515,random_forest,7.71,7.7963999999999976,random_forest,9.66,7.56,baseline,0.188,0.172295,random_forest,15.57,15.644,baseline,0.061,0.13579999999999998,knn
天津市滨海新区李金山养殖场,2026-06-22 00:24:00,21.4,23.961499999999983,random_forest,7.98,7.082099999999994,random_forest,9.34,9.66,baseline,0.181,0.16625000000000004,random_forest,15.659,15.57,baseline,0.042,0.054200000000000005,knn
天津市滨海新区李金山养殖场,2026-06-22 05:56:00,24.7,23.693500000000004,random_forest,6.72,7.109400000000002,random_forest,7.93,9.34,baseline,0.192,0.16656500000000002,random_forest,15.829,15.659,baseline,0.184,0.0586,knn
天津市滨海新区李金山养殖场,2026-06-22 10:32:00,23.8,25.08599999999998,random_forest,8.16,8.1415,random_forest,7.74,7.93,baseline,0.052,0.171125,random_forest,15.908,15.829,baseline,0.099,0.0716,knn
天津市滨海新区李金山养殖场,2026-06-22 15:51:00,23.0,24.118499999999987,random_forest,7.85,7.961650000000007,random_forest,8.0,7.74,baseline,0.257,0.1714950000000001,random_forest,15.781,15.908,baseline,0.096,0.0722,knn
天津市滨海新区李金山养殖场,2026-06-22 21:00:00,23.5,23.698999999999998,random_forest,7.93,7.786300000000001,random_forest,5.01,8.0,baseline,0.114,0.17801000000000006,random_forest,15.77,15.781,baseline,0.092,0.08519999999999998,knn
天津市滨海新区李金山养殖场,2026-06-23 00:28:00,25.7,23.325999999999993,random_forest,6.5,7.129599999999998,random_forest,3.39,5.01,baseline,0.25,0.167595,random_forest,15.75,15.77,baseline,0.063,0.0754,knn
天津市滨海新区李金山养殖场,2026-06-23 05:59:00,23.4,24.617000000000008,random_forest,7.37,7.270450000000003,random_forest,7.79,3.39,baseline,0.092,0.15873500000000001,random_forest,15.891,15.75,baseline,0.199,0.056400000000000006,knn
天津市滨海新区李金山养殖场,2026-06-23 10:20:00,26.1,24.924500000000016,random_forest,8.19,8.108799999999995,random_forest,5.98,7.79,baseline,0.283,0.17230499999999996,random_forest,16.082,15.891,baseline,0.072,0.1206,knn
天津市滨海新区李金山养殖场,2026-06-23 15:41:00,24.0,24.018,random_forest,7.82,7.910249999999999,random_forest,5.07,5.98,baseline,0.107,0.17944000000000007,random_forest,16.101,16.082,baseline,0.077,0.10540000000000001,knn
天津市滨海新区李金山养殖场,2026-06-23 21:10:00,21.1,23.632999999999996,random_forest,7.9,7.810550000000002,random_forest,10.13,5.07,baseline,0.193,0.16924000000000003,random_forest,15.994,16.101,baseline,0.078,0.029199999999999997,knn
天津市滨海新区李金山养殖场,2026-06-24 00:19:00,23.4,22.751000000000012,random_forest,6.51,7.062949999999996,random_forest,7.0,10.13,baseline,0.18,0.15531999999999996,random_forest,15.998,15.994,baseline,0.044,0.187,knn
天津市滨海新区李金山养殖场,2026-06-24 05:59:00,23.0,24.163999999999984,random_forest,7.2,7.082600000000001,random_forest,9.24,7.0,baseline,0.193,0.17212499999999994,random_forest,16.084,15.998,baseline,0.111,0.066,knn
天津市滨海新区李金山养殖场,2026-06-24 10:23:00,27.4,25.327499999999983,random_forest,8.16,8.129049999999998,random_forest,7.64,9.24,baseline,0.252,0.1735299999999999,random_forest,16.201,16.084,baseline,0.038,0.1318,knn
天津市滨海新区李金山养殖场,2026-06-24 15:44:00,24.2,24.061,random_forest,8.33,7.92625,random_forest,5.77,7.64,baseline,0.123,0.16257999999999995,random_forest,16.211,16.201,baseline,0.449,0.1522,knn
天津市滨海新区李金山养殖场,2026-06-24 21:07:00,22.9,23.742000000000008,random_forest,7.8,7.852200000000002,random_forest,8.53,5.77,baseline,0.174,0.17606000000000008,random_forest,16.006,16.211,baseline,0.24,0.1052,knn
天津市滨海新区李金山养殖场,2026-06-25 00:35:00,23.1,24.107000000000006,random_forest,7.38,7.230900000000004,random_forest,9.85,8.53,baseline,0.27,0.16319,random_forest,15.79,16.006,baseline,0.093,0.0596,knn
天津市滨海新区李金山养殖场,2026-06-25 05:51:00,26.8,24.681499999999996,random_forest,7.04,7.1261000000000045,random_forest,5.45,9.85,baseline,0.056,0.17539999999999994,random_forest,15.797,15.79,baseline,0.059,0.06700000000000002,knn
天津市滨海新区李金山养殖场,2026-06-25 10:30:00,25.8,24.3635,random_forest,8.17,8.125100000000014,random_forest,8.43,5.45,baseline,0.191,0.18896999999999994,random_forest,15.782,15.797,baseline,0.076,0.0576,knn
天津市滨海新区李金山养殖场,2026-06-25 15:36:00,24.5,24.381499999999996,random_forest,7.99,7.942350000000002,random_forest,6.05,8.43,baseline,0.101,0.15953,random_forest,15.731,15.782,baseline,0.054,0.08460000000000001,knn
天津市滨海新区李金山养殖场,2026-06-25 21:20:00,24.5,24.28499999999999,random_forest,7.79,7.819199999999998,random_forest,6.23,6.05,baseline,0.194,0.17776499999999998,random_forest,15.781,15.731,baseline,0.098,0.08220000000000001,knn
天津市滨海新区李金山养殖场,2026-06-26 00:33:00,24.6,23.977999999999998,random_forest,7.09,7.137449999999992,random_forest,8.82,6.23,baseline,0.124,0.176335,random_forest,15.773,15.781,baseline,0.052,0.0792,knn
天津市滨海新区李金山养殖场,2026-06-26 05:41:00,25.2,24.436,random_forest,7.05,7.0211000000000015,random_forest,3.68,8.82,baseline,0.135,0.1670650000000001,random_forest,15.58,15.773,baseline,0.036,0.1746,knn
天津市滨海新区李金山养殖场,2026-06-26 10:11:00,25.0,24.456999999999983,random_forest,8.2,8.091849999999997,random_forest,5.18,3.68,baseline,0.158,0.16613,random_forest,15.622,15.58,baseline,0.023,0.0758,knn
天津市滨海新区李金山养殖场,2026-06-26 15:44:00,24.7,23.900499999999994,random_forest,7.88,7.924300000000001,random_forest,8.54,5.18,baseline,0.135,0.17310499999999998,random_forest,15.547,15.622,baseline,0.093,0.10719999999999999,knn
天津市滨海新区李金山养殖场,2026-06-26 21:12:00,24.6,23.729,random_forest,7.82,7.801549999999995,random_forest,5.01,8.54,baseline,0.12,0.19180499999999995,random_forest,15.609,15.547,baseline,0.082,0.098,knn
天津市滨海新区李金山养殖场,2026-06-27 00:33:00,22.1,23.620000000000015,random_forest,7.47,7.059349999999999,random_forest,3.27,5.01,baseline,0.09,0.16309999999999988,random_forest,15.563,15.609,baseline,0.062,0.20860000000000004,knn
天津市滨海新区李金山养殖场,2026-06-27 05:42:00,21.8,24.492499999999982,random_forest,6.79,7.002050000000005,random_forest,8.56,3.27,baseline,0.219,0.16104500000000002,random_forest,15.702,15.563,baseline,0.034,0.15719999999999998,knn
天津市滨海新区李金山养殖场,2026-06-27 10:18:00,25.1,24.051499999999997,random_forest,7.95,8.110699999999998,random_forest,8.04,8.56,baseline,0.15,0.17636000000000002,random_forest,15.791,15.702,baseline,0.022,0.0914,knn
天津市滨海新区李金山养殖场,2026-06-27 15:40:00,23.6,24.184999999999988,random_forest,7.79,7.916750000000002,random_forest,5.56,8.04,baseline,0.178,0.163555,random_forest,15.815,15.791,baseline,0.071,0.1454,knn
天津市滨海新区李金山养殖场,2026-06-27 21:02:00,20.9,23.561000000000014,random_forest,7.96,7.8010499999999965,random_forest,3.83,5.56,baseline,0.261,0.17209000000000013,random_forest,15.886,15.815,baseline,0.42,0.0536,knn
天津市滨海新区李金山养殖场,2026-07-03 00:36:00,25.3,22.405499999999996,random_forest,7.14,7.138449999999997,random_forest,8.75,3.83,baseline,0.156,0.16831499999999994,random_forest,15.927,15.886,baseline,0.237,0.11139999999999999,knn
天津市滨海新区李金山养殖场,2026-07-03 05:59:00,27.6,26.88799999999999,random_forest,6.58,7.165750000000005,random_forest,6.43,8.75,baseline,0.118,0.1782650000000001,random_forest,16.068,15.927,baseline,0.076,0.0708,knn
天津市滨海新区李金山养殖场,2026-07-03 10:13:00,26.4,26.538000000000025,random_forest,8.23,8.10045,random_forest,6.59,6.43,baseline,0.117,0.15808000000000003,random_forest,16.122,16.068,baseline,0.044,0.06799999999999999,knn
天津市滨海新区李金山养殖场,2026-07-03 15:27:00,26.8,26.191,random_forest,8.01,7.932199999999995,random_forest,3.71,6.59,baseline,0.104,0.1955550000000001,random_forest,16.011,16.122,baseline,0.031,0.10600000000000001,knn
天津市滨海新区李金山养殖场,2026-07-03 21:16:00,26.0,26.171999999999997,random_forest,7.76,7.81505,random_forest,6.34,3.71,baseline,0.248,0.16818000000000005,random_forest,15.986,16.011,baseline,0.025,0.0922,knn
天津市滨海新区李金山养殖场,2026-07-04 00:30:00,25.4,26.096000000000004,random_forest,7.1,7.134799999999998,random_forest,5.63,6.34,baseline,0.274,0.17242999999999992,random_forest,16.012,15.986,baseline,0.034,0.047,knn
天津市滨海新区李金山养殖场,2026-07-04 05:57:00,27.4,27.512499999999996,random_forest,8.07,7.152149999999997,random_forest,5.81,5.63,baseline,0.137,0.17976,random_forest,16.005,16.012,baseline,0.03,0.0488,knn
天津市滨海新区李金山养殖场,2026-07-04 10:14:00,28.3,27.682500000000005,random_forest,8.06,8.089300000000003,random_forest,6.63,5.81,baseline,0.195,0.17312000000000008,random_forest,15.908,16.005,baseline,0.089,0.11100000000000002,knn
天津市滨海新区李金山养殖场,2026-07-04 15:50:00,25.7,27.18050000000001,random_forest,7.85,7.935049999999992,random_forest,8.23,6.63,baseline,0.261,0.15987,random_forest,15.915,15.908,baseline,0.143,0.0896,knn
天津市滨海新区李金山养殖场,2026-07-04 21:05:00,25.8,26.319000000000027,random_forest,7.69,7.663750000000005,random_forest,5.18,8.23,baseline,0.173,0.171925,random_forest,16.014,15.915,baseline,0.037,0.10839999999999998,knn
天津市滨海新区李金山养殖场,2026-07-05 00:32:00,25.6,26.157499999999995,random_forest,7.97,7.073449999999998,random_forest,6.11,5.18,baseline,0.113,0.1602,random_forest,15.948,16.014,baseline,0.027,0.137,knn
天津市滨海新区李金山养殖场,2026-07-05 05:43:00,28.0,27.76749999999999,random_forest,7.02,7.101300000000005,random_forest,6.14,6.11,baseline,0.18,0.156885,random_forest,15.903,15.948,baseline,0.073,0.182,knn
天津市滨海新区李金山养殖场,2026-07-05 10:24:00,28.9,27.959499999999988,random_forest,8.02,8.036549999999997,random_forest,5.58,6.14,baseline,0.118,0.1704,random_forest,15.914,15.903,baseline,0.177,0.062,knn
天津市滨海新区李金山养殖场,2026-07-05 15:23:00,28.5,27.408999999999992,random_forest,7.84,7.925299999999998,random_forest,7.9,5.58,baseline,0.182,0.1666049999999999,random_forest,16.055,15.914,baseline,0.035,0.1012,knn
天津市滨海新区李金山养殖场,2026-07-05 21:23:00,26.2,26.308999999999997,random_forest,7.7,7.800999999999996,random_forest,9.09,7.9,baseline,0.282,0.182845,random_forest,16.287,16.055,baseline,0.186,0.0764,knn
天津市滨海新区李金山养殖场,2026-07-06 00:23:00,27.1,25.820499999999967,random_forest,7.45,7.141450000000005,random_forest,5.04,9.09,baseline,0.124,0.17538500000000007,random_forest,16.411,16.287,baseline,0.066,0.0746,knn
天津市滨海新区李金山养殖场,2026-07-06 05:42:00,26.9,27.85000000000002,random_forest,6.67,7.19305,random_forest,6.48,5.04,baseline,0.225,0.174055,random_forest,16.456,16.411,baseline,0.057,0.14040000000000002,knn
天津市滨海新区李金山养殖场,2026-07-06 10:17:00,27.9,27.866499999999995,random_forest,8.09,8.079749999999999,random_forest,7.48,6.48,baseline,0.118,0.16576999999999997,random_forest,16.439,16.456,baseline,0.023,0.128,knn
天津市滨海新区李金山养殖场,2026-07-06 15:29:00,27.8,27.21499999999999,random_forest,7.9,7.937300000000007,random_forest,7.69,7.48,baseline,0.237,0.1651700000000001,random_forest,16.473,16.439,baseline,0.027,0.15,knn
天津市滨海新区李金山养殖场,2026-07-06 21:11:00,24.6,26.116500000000002,random_forest,7.81,7.7829000000000095,random_forest,8.4,7.69,baseline,0.128,0.17149000000000003,random_forest,16.395,16.473,baseline,0.096,0.06,knn
天津市滨海新区李金山养殖场,2026-07-07 00:35:00,25.0,26.451,random_forest,6.67,7.134599999999999,random_forest,9.12,8.4,baseline,0.111,0.167835,random_forest,16.477,16.395,baseline,0.072,0.091,knn
天津市滨海新区李金山养殖场,2026-07-07 05:51:00,27.4,27.941000000000003,random_forest,7.05,7.0280999999999985,random_forest,7.41,9.12,baseline,0.211,0.16822999999999994,random_forest,16.608,16.477,baseline,0.024,0.06420000000000001,knn
天津市滨海新区李金山养殖场,2026-07-07 10:11:00,28.7,27.782999999999994,random_forest,7.93,8.110750000000001,random_forest,8.31,7.41,baseline,0.165,0.17001000000000008,random_forest,16.473,16.608,baseline,0.075,0.1474,knn
天津市滨海新区李金山养殖场,2026-07-07 15:49:00,28.4,26.797000000000008,random_forest,7.93,7.906599999999998,random_forest,5.34,8.31,baseline,0.151,0.17929000000000003,random_forest,16.54,16.473,baseline,0.079,0.0526,knn
天津市滨海新区李金山养殖场,2026-07-07 21:12:00,25.6,26.184000000000005,random_forest,7.73,7.787049999999997,random_forest,8.98,5.34,baseline,0.166,0.16788000000000003,random_forest,16.402,16.54,baseline,0.2,0.10700000000000001,knn
天津市滨海新区李金山养殖场,2026-07-08 00:21:00,24.8,26.052999999999997,random_forest,7.05,7.130049999999996,random_forest,6.19,8.98,baseline,0.233,0.16942999999999997,random_forest,16.274,16.402,baseline,0.038,0.11720000000000001,knn
天津市滨海新区李金山养殖场,2026-07-08 05:59:00,26.7,26.86800000000001,random_forest,7.17,7.102199999999997,random_forest,4.0,6.19,baseline,0.177,0.16156000000000004,random_forest,16.351,16.274,baseline,0.094,0.09320000000000002,knn
天津市滨海新区李金山养殖场,2026-07-08 10:09:00,27.7,27.94750000000002,random_forest,8.01,8.083949999999996,random_forest,6.85,4.0,baseline,0.194,0.15627500000000014,random_forest,16.245,16.351,baseline,0.076,0.1948,knn
天津市滨海新区李金山养殖场,2026-07-08 15:39:00,28.0,27.1855,random_forest,7.83,7.926950000000001,random_forest,6.68,6.85,baseline,0.08,0.16798999999999997,random_forest,16.2,16.245,baseline,0.035,0.06520000000000001,knn
天津市滨海新区李金山养殖场,2026-07-08 21:00:00,28.4,25.995500000000007,random_forest,7.96,7.824449999999998,random_forest,8.35,6.68,baseline,0.122,0.16809500000000002,random_forest,15.938,16.2,baseline,0.078,0.0974,knn
天津市滨海新区李金山养殖场,2026-07-09 00:03:00,27.7,26.542999999999985,random_forest,7.02,7.194349999999997,random_forest,9.53,8.35,baseline,0.24,0.16336500000000012,random_forest,15.547,15.938,baseline,0.053,0.1322,knn
天津市滨海新区李金山养殖场,2026-07-09 05:45:00,28.2,28.030000000000026,random_forest,6.84,7.086400000000005,random_forest,3.29,9.53,baseline,0.192,0.17667000000000008,random_forest,15.919,15.547,baseline,0.035,0.054000000000000006,knn
天津市滨海新区李金山养殖场,2026-07-09 10:19:00,28.0,27.83099999999999,random_forest,8.08,8.045699999999995,random_forest,7.44,3.29,baseline,0.104,0.16356,random_forest,16.017,15.919,baseline,0.043,0.1744,knn
天津市滨海新区李金山养殖场,2026-07-09 15:49:00,26.0,26.76499999999999,random_forest,7.98,7.955549999999995,random_forest,6.99,7.44,baseline,0.18,0.16495999999999988,random_forest,15.987,16.017,baseline,0.086,0.1502,knn
天津市滨海新区李金山养殖场,2026-07-09 21:00:00,25.5,25.90799999999998,random_forest,7.75,7.776650000000003,random_forest,8.18,6.99,baseline,0.274,0.17109999999999995,random_forest,16.093,15.987,baseline,0.089,0.11179999999999998,knn
天津市滨海新区李金山养殖场,2026-07-10 00:34:00,26.0,26.364999999999995,random_forest,7.27,7.070649999999993,random_forest,7.66,8.18,baseline,0.166,0.16250499999999987,random_forest,16.031,16.093,baseline,0.094,0.07339999999999999,knn
天津市滨海新区李金山养殖场,2026-07-10 05:40:00,25.6,27.53900000000001,random_forest,7.39,7.113399999999996,random_forest,7.83,7.66,baseline,0.166,0.17182000000000003,random_forest,16.08,16.031,baseline,0.044,0.1398,knn
天津市滨海新区李金山养殖场,2026-07-10 10:24:00,27.4,27.964999999999982,random_forest,8.13,8.050450000000001,random_forest,7.59,7.83,baseline,0.252,0.16582499999999997,random_forest,16.021,16.08,baseline,0.056,0.0964,knn
天津市滨海新区李金山养殖场,2026-07-10 15:34:00,27.3,27.402000000000008,random_forest,7.76,7.924850000000007,random_forest,7.43,7.59,baseline,0.214,0.1591150000000001,random_forest,16.008,16.021,baseline,0.097,0.0704,knn
天津市滨海新区李金山养殖场,2026-07-10 21:07:00,24.3,26.553499999999996,random_forest,7.84,7.779300000000002,random_forest,6.94,7.43,baseline,0.282,0.16942999999999994,random_forest,16.023,16.008,baseline,0.076,0.088,knn
天津市滨海新区李金山养殖场,2026-07-11 00:13:00,26.5,25.758999999999997,random_forest,6.72,6.993350000000003,random_forest,5.75,6.94,baseline,0.237,0.15515499999999996,random_forest,15.952,16.023,baseline,0.048,0.1152,knn
天津市滨海新区李金山养殖场,2026-07-11 05:56:00,26.7,27.80450000000001,random_forest,7.96,7.033150000000003,random_forest,3.01,5.75,baseline,0.259,0.16851,random_forest,15.936,15.952,baseline,0.042,0.05820000000000001,knn
天津市滨海新区李金山养殖场,2026-07-11 10:26:00,28.1,27.7645,random_forest,7.92,8.084349999999999,random_forest,7.16,3.01,baseline,0.135,0.15287499999999996,random_forest,16.063,15.936,baseline,0.054,0.18059999999999998,knn
天津市滨海新区李金山养殖场,2026-07-11 15:29:00,27.8,27.158000000000012,random_forest,7.97,7.961349999999997,random_forest,7.59,7.16,baseline,0.122,0.18589499999999995,random_forest,15.92,16.063,baseline,0.091,0.0756,knn
天津市滨海新区李金山养殖场,2026-07-11 21:00:00,25.6,26.46499999999999,random_forest,7.75,7.382850000000003,random_forest,8.89,7.59,baseline,0.178,0.15845000000000012,random_forest,15.865,15.92,baseline,0.039,0.1496,knn
天津市滨海新区李金山养殖场,2026-07-12 00:13:00,26.6,25.66249999999999,random_forest,6.66,7.2412999999999945,random_forest,8.92,8.89,baseline,0.086,0.16741500000000006,random_forest,15.841,15.865,baseline,0.08,0.08220000000000001,knn
天津市滨海新区李金山养殖场,2026-07-12 05:59:00,27.0,27.81950000000001,random_forest,6.85,6.9982500000000005,random_forest,8.22,8.92,baseline,0.11,0.17483499999999985,random_forest,15.877,15.841,baseline,0.038,0.2304,knn
天津市滨海新区李金山养殖场,2026-07-12 10:29:00,28.1,28.03749999999999,random_forest,8.22,8.054150000000003,random_forest,5.93,8.22,baseline,0.272,0.1751000000000001,random_forest,15.869,15.877,baseline,0.095,0.0982,knn
天津市滨海新区李金山养殖场,2026-07-12 15:48:00,27.7,27.14299999999997,random_forest,7.85,7.926200000000003,random_forest,8.57,5.93,baseline,0.171,0.17800999999999995,random_forest,15.983,15.869,baseline,0.109,0.08920000000000002,knn
天津市滨海新区李金山养殖场,2026-07-12 21:24:00,25.2,26.541,random_forest,7.75,7.777000000000005,random_forest,8.38,8.57,baseline,0.195,0.1782600000000001,random_forest,16.116,15.983,baseline,0.042,0.08199999999999999,knn
天津市滨海新区李金山养殖场,2026-07-13 00:11:00,28.5,26.111499999999992,random_forest,7.85,7.031150000000002,random_forest,3.44,8.38,baseline,0.136,0.15848000000000004,random_forest,16.046,16.116,baseline,0.23,0.1266,knn
天津市滨海新区李金山养殖场,2026-07-13 05:49:00,27.8,27.172499999999967,random_forest,6.73,7.194749999999998,random_forest,8.38,3.44,baseline,0.106,0.16888500000000006,random_forest,16.228,16.046,baseline,0.091,0.0712,knn
天津市滨海新区李金山养殖场,2026-07-13 10:11:00,27.6,28.03699999999998,random_forest,8.12,8.04245,random_forest,8.01,8.38,baseline,0.141,0.16517500000000002,random_forest,16.046,16.228,baseline,0.042,0.06,knn
天津市滨海新区李金山养殖场,2026-07-13 15:36:00,29.0,27.38600000000001,random_forest,7.91,7.8722,random_forest,7.49,8.01,baseline,0.182,0.16474999999999995,random_forest,16.222,16.046,baseline,0.251,0.17880000000000001,knn
天津市滨海新区李金山养殖场,2026-07-13 21:02:00,25.1,26.330499999999986,random_forest,7.84,7.820499999999997,random_forest,9.04,7.49,baseline,0.259,0.17400500000000005,random_forest,16.261,16.222,baseline,0.068,0.0708,knn
天津市滨海新区李金山养殖场,2026-07-14 00:23:00,27.0,26.338000000000008,random_forest,7.13,7.077799999999999,random_forest,3.31,9.04,baseline,0.117,0.16670499999999996,random_forest,16.207,16.261,baseline,0.044,0.15360000000000001,knn
天津市滨海新区李金山养殖场,2026-07-14 05:58:00,29.8,27.407000000000007,random_forest,7.26,7.128449999999999,random_forest,5.55,3.31,baseline,0.18,0.16298499999999996,random_forest,16.263,16.207,baseline,0.023,0.05700000000000001,knn
天津市滨海新区李金山养殖场,2026-07-14 10:08:00,27.6,27.6895,random_forest,8.06,8.095049999999997,random_forest,5.36,5.55,baseline,0.112,0.179135,random_forest,16.256,16.263,baseline,0.138,0.15300000000000002,knn
天津市滨海新区李金山养殖场,2026-07-14 15:26:00,27.2,26.76500000000002,random_forest,7.89,7.9536000000000024,random_forest,7.78,5.36,baseline,0.24,0.17385500000000004,random_forest,16.374,16.256,baseline,0.099,0.11299999999999999,knn
天津市滨海新区李金山养殖场,2026-07-14 21:28:00,26.5,26.617000000000008,random_forest,7.78,7.788700000000002,random_forest,8.61,7.78,baseline,0.18,0.16129,random_forest,16.49,16.374,baseline,0.026,0.0938,knn
天津市滨海新区李金山养殖场,2026-07-15 00:22:00,28.3,26.15350000000002,random_forest,7.41,7.1843499999999985,random_forest,8.51,8.61,baseline,0.189,0.187005,random_forest,16.343,16.49,baseline,0.091,0.0626,knn
天津市滨海新区李金山养殖场,2026-07-15 05:59:00,27.5,27.824499999999997,random_forest,6.82,7.176399999999997,random_forest,6.19,8.51,baseline,0.128,0.16499,random_forest,16.481,16.343,baseline,0.074,0.1866,knn
天津市滨海新区李金山养殖场,2026-07-15 10:05:00,29.7,27.933000000000003,random_forest,8.04,8.073399999999998,random_forest,7.5,6.19,baseline,0.135,0.17169500000000007,random_forest,16.468,16.481,baseline,0.041,0.1712,knn
天津市滨海新区李金山养殖场,2026-07-15 15:44:00,27.8,26.852000000000007,random_forest,7.96,7.850950000000003,random_forest,5.83,7.5,baseline,0.221,0.15620499999999995,random_forest,16.154,16.468,baseline,0.045,0.09380000000000001,knn
天津市滨海新区李金山养殖场,2026-07-15 21:08:00,26.3,26.029999999999987,random_forest,7.76,7.76615,random_forest,8.26,5.83,baseline,0.127,0.17960499999999993,random_forest,16.045,16.154,baseline,0.036,0.1552,knn
天津市滨海新区李金山养殖场,2026-07-16 00:22:00,26.1,26.2145,random_forest,7.12,7.069300000000004,random_forest,8.24,8.26,baseline,0.167,0.17042000000000002,random_forest,15.992,16.045,baseline,0.061,0.16040000000000001,knn
天津市滨海新区李金山养殖场,2026-07-16 05:59:00,27.7,27.4135,random_forest,7.4,7.074100000000003,random_forest,3.03,8.24,baseline,0.116,0.1807700000000001,random_forest,15.995,15.992,baseline,0.071,0.14079999999999998,knn
天津市滨海新区李金山养殖场,2026-07-16 10:10:00,27.8,27.6875,random_forest,8.13,8.086549999999995,random_forest,6.6,3.03,baseline,0.116,0.15807500000000002,random_forest,16.088,15.995,baseline,0.099,0.1614,knn
天津市滨海新区李金山养殖场,2026-07-16 15:28:00,27.9,27.164500000000007,random_forest,7.92,7.968499999999999,random_forest,7.9,6.6,baseline,0.191,0.17638500000000004,random_forest,16.031,16.088,baseline,0.228,0.12040000000000002,knn
天津市滨海新区李金山养殖场,2026-07-16 21:06:00,26.2,26.068000000000005,random_forest,7.66,7.810699999999993,random_forest,6.71,7.9,baseline,0.263,0.16947000000000007,random_forest,16.039,16.031,baseline,0.179,0.1236,knn
天津市滨海新区李金山养殖场,2026-07-17 00:22:00,26.5,25.44749999999998,random_forest,6.6,7.136449999999997,random_forest,5.59,6.71,baseline,0.153,0.16217499999999999,random_forest,16.097,16.039,baseline,0.091,0.0528,knn
天津市滨海新区李金山养殖场,2026-07-17 05:43:00,27.5,27.949999999999992,random_forest,7.46,7.080700000000003,random_forest,5.01,5.59,baseline,0.192,0.17190500000000014,random_forest,15.942,16.097,baseline,0.287,0.1306,knn
天津市滨海新区李金山养殖场,2026-07-17 10:20:00,28.6,27.669999999999995,random_forest,7.91,8.041100000000002,random_forest,5.05,5.01,baseline,0.101,0.161005,random_forest,15.978,15.942,baseline,0.04,0.0848,knn
天津市滨海新区李金山养殖场,2026-07-17 15:33:00,27.1,27.04900000000001,random_forest,7.92,7.945450000000006,random_forest,6.67,5.05,baseline,0.269,0.17095999999999986,random_forest,15.95,15.978,baseline,0.048,0.056600000000000004,knn
天津市滨海新区李金山养殖场,2026-07-17 21:16:00,26.4,26.27750000000001,random_forest,7.79,7.782000000000007,random_forest,8.66,6.67,baseline,0.103,0.16160499999999992,random_forest,15.932,15.95,baseline,0.065,0.0748,knn
天津市滨海新区李金山养殖场,2026-07-18 00:22:00,24.1,26.445499999999996,random_forest,6.98,7.203799999999997,random_forest,6.68,8.66,baseline,0.142,0.16379000000000016,random_forest,15.836,15.932,baseline,0.367,0.0736,knn
天津市滨海新区李金山养殖场,2026-07-18 05:59:00,26.1,26.9105,random_forest,7.38,7.159649999999999,random_forest,6.69,6.68,baseline,0.073,0.16502000000000006,random_forest,15.889,15.836,baseline,0.034,0.06640000000000001,knn
天津市滨海新区李金山养殖场,2026-07-18 10:20:00,28.3,27.735500000000002,random_forest,8.01,8.077500000000002,random_forest,7.49,6.69,baseline,0.271,0.16338499999999992,random_forest,15.815,15.889,baseline,0.02,0.0666,knn
天津市滨海新区李金山养殖场,2026-07-18 15:27:00,28.4,27.12,random_forest,7.82,7.918250000000004,random_forest,7.32,7.49,baseline,0.288,0.18031000000000005,random_forest,15.847,15.815,baseline,0.093,0.0822,knn
天津市滨海新区李金山养殖场,2026-07-18 21:25:00,25.5,26.291999999999994,random_forest,7.85,7.794800000000002,random_forest,8.39,7.32,baseline,0.293,0.18317999999999998,random_forest,15.886,15.847,baseline,0.071,0.14100000000000001,knn
天津市滨海新区李金山养殖场,2026-07-19 00:27:00,26.3,26.025999999999986,random_forest,6.81,7.098049999999993,random_forest,10.43,8.39,baseline,0.167,0.17140000000000005,random_forest,15.695,15.886,baseline,0.055,0.12260000000000001,knn
天津市滨海新区李金山养殖场,2026-07-19 05:59:00,28.5,27.333,random_forest,7.49,7.173599999999996,random_forest,5.62,10.43,baseline,0.126,0.1740699999999999,random_forest,15.686,15.695,baseline,0.133,0.0728,knn
天津市滨海新区李金山养殖场,2026-07-19 10:24:00,28.2,27.462499999999988,random_forest,8.04,8.110500000000007,random_forest,6.11,5.62,baseline,0.084,0.17052999999999996,random_forest,15.72,15.686,baseline,0.081,0.07599999999999998,knn
天津市滨海新区李金山养殖场,2026-07-19 15:57:00,27.8,26.80599999999999,random_forest,7.71,7.951300000000006,random_forest,3.26,6.11,baseline,0.158,0.17593500000000004,random_forest,15.8,15.72,baseline,0.098,0.0764,knn
天津市滨海新区李金山养殖场,2026-07-19 21:13:00,25.3,26.16249999999998,random_forest,7.71,7.805099999999999,random_forest,5.12,3.26,baseline,0.164,0.164955,random_forest,15.724,15.8,baseline,0.021,0.0482,knn
天津市滨海新区李金山养殖场,2026-07-20 00:34:00,27.0,26.427000000000007,random_forest,6.71,7.07715,random_forest,8.75,5.12,baseline,0.299,0.17030500000000007,random_forest,15.585,15.724,baseline,0.068,0.047799999999999995,knn
天津市滨海新区李金山养殖场,2026-07-20 05:41:00,28.8,27.350500000000007,random_forest,6.89,7.017900000000005,random_forest,5.53,8.75,baseline,0.255,0.17260999999999999,random_forest,15.49,15.585,baseline,0.065,0.0516,knn
天津市滨海新区李金山养殖场,2026-07-20 10:29:00,28.5,27.913499999999996,random_forest,8.14,8.083450000000001,random_forest,6.53,5.53,baseline,0.132,0.17216500000000007,random_forest,15.45,15.49,baseline,0.063,0.0496,knn
天津市滨海新区李金山养殖场,2026-07-20 15:45:00,28.0,26.59849999999999,random_forest,7.9,7.908200000000002,random_forest,6.69,6.53,baseline,0.155,0.18738999999999995,random_forest,15.641,15.45,baseline,0.054,0.09659999999999999,knn
天津市滨海新区李金山养殖场,2026-07-20 21:00:00,27.3,25.901500000000013,random_forest,7.94,7.781999999999993,random_forest,7.74,6.69,baseline,0.139,0.16812500000000002,random_forest,15.626,15.641,baseline,0.178,0.06500000000000002,knn
天津市滨海新区李金山养殖场,2026-07-21 00:25:00,26.0,26.443499999999982,random_forest,7.85,7.087799999999994,random_forest,3.73,7.74,baseline,0.197,0.16739000000000004,random_forest,15.569,15.626,baseline,0.03,0.1166,knn
天津市滨海新区李金山养殖场,2026-07-21 05:49:00,28.1,27.718000000000014,random_forest,6.56,7.1961,random_forest,7.53,3.73,baseline,0.137,0.16251500000000005,random_forest,15.687,15.569,baseline,0.347,0.1678,knn
天津市滨海新区李金山养殖场,2026-07-21 10:27:00,28.0,27.886000000000003,random_forest,8.12,7.664549999999999,random_forest,6.26,7.53,baseline,0.25,0.17744999999999994,random_forest,15.78,15.687,baseline,0.042,0.1546,knn
天津市滨海新区李金山养殖场,2026-07-21 15:57:00,25.2,27.22249999999999,random_forest,8.0,7.891399999999999,random_forest,3.82,6.26,baseline,0.193,0.14964000000000005,random_forest,15.794,15.78,baseline,0.34,0.07100000000000001,knn
天津市滨海新区李金山养殖场,2026-07-21 21:23:00,26.1,26.03,random_forest,7.95,7.825949999999998,random_forest,8.24,3.82,baseline,0.142,0.16938500000000004,random_forest,15.753,15.794,baseline,0.023,0.1318,knn
天津市滨海新区李金山养殖场,2026-07-22 00:33:00,26.0,26.291500000000006,random_forest,7.45,7.1080000000000005,random_forest,6.54,8.24,baseline,0.216,0.164075,random_forest,15.649,15.753,baseline,0.042,0.1648,knn
天津市滨海新区李金山养殖场,2026-07-22 05:59:00,29.6,27.692000000000004,random_forest,6.52,7.121150000000001,random_forest,5.95,6.54,baseline,0.186,0.177945,random_forest,15.494,15.649,baseline,0.189,0.0806,knn
天津市滨海新区李金山养殖场,2026-07-22 10:31:00,25.8,27.573,random_forest,7.81,8.1002,random_forest,3.53,5.95,baseline,0.052,0.18847500000000006,random_forest,15.463,15.494,baseline,0.141,0.0792,knn
天津市滨海新区李金山养殖场,2026-07-22 15:55:00,28.4,27.029000000000014,random_forest,8.01,7.9279500000000045,random_forest,3.4,3.53,baseline,0.261,0.15853499999999995,random_forest,15.49,15.463,baseline,0.02,0.0924,knn
天津市滨海新区李金山养殖场,2026-07-22 21:25:00,25.4,26.150000000000013,random_forest,7.81,7.796449999999997,random_forest,9.11,3.4,baseline,0.183,0.169665,random_forest,15.42,15.49,baseline,0.056,0.0766,knn
天津市滨海新区李金山养殖场,2026-08-04 00:07:00,24.8,26.3605,random_forest,6.58,7.387649999999999,random_forest,6.11,9.11,baseline,0.151,0.17765999999999996,random_forest,15.474,15.42,baseline,0.048,0.0872,knn
天津市滨海新区李金山养殖场,2026-08-04 05:58:00,27.7,26.894499999999983,random_forest,6.75,7.19695,random_forest,7.43,6.11,baseline,0.06,0.1738150000000001,random_forest,15.782,15.474,baseline,0.035,0.054400000000000004,knn
天津市滨海新区李金山养殖场,2026-08-04 10:38:00,27.0,27.576999999999984,random_forest,8.11,8.127050000000004,random_forest,7.5,7.43,baseline,0.107,0.16851499999999994,random_forest,15.719,15.782,baseline,0.06,0.0706,knn
天津市滨海新区李金山养殖场,2026-08-04 15:33:00,27.4,26.830000000000005,random_forest,7.97,7.958050000000012,random_forest,8.35,7.5,baseline,0.116,0.17768500000000004,random_forest,15.634,15.719,baseline,0.211,0.1772,knn
天津市滨海新区李金山养殖场,2026-08-04 21:00:00,26.1,25.9595,random_forest,7.83,7.822249999999996,random_forest,6.5,8.35,baseline,0.212,0.17539000000000016,random_forest,15.683,15.634,baseline,0.063,0.23280000000000003,knn
天津市滨海新区李金山养殖场,2026-08-05 00:06:00,26.4,26.39799999999999,random_forest,7.83,7.118100000000003,random_forest,5.55,6.5,baseline,0.27,0.17237000000000008,random_forest,15.657,15.683,baseline,0.09,0.1116,knn
天津市滨海新区李金山养殖场,2026-08-05 05:44:00,29.7,27.603500000000004,random_forest,6.76,7.05595,random_forest,7.61,5.55,baseline,0.237,0.16847499999999996,random_forest,15.568,15.657,baseline,0.219,0.21820000000000003,knn
天津市滨海新区李金山养殖场,2026-08-05 10:37:00,28.2,27.891,random_forest,8.01,7.912500000000003,random_forest,6.19,7.61,baseline,0.058,0.17304999999999995,random_forest,15.56,15.568,baseline,0.047,0.071,knn
天津市滨海新区李金山养殖场,2026-08-05 15:58:00,26.7,27.112000000000013,random_forest,7.94,7.9463,random_forest,8.02,6.19,baseline,0.068,0.162265,random_forest,15.623,15.56,baseline,0.453,0.11679999999999999,knn
天津市滨海新区李金山养殖场,2026-08-05 21:04:00,26.9,26.158500000000004,random_forest,7.86,7.8017,random_forest,8.17,8.02,baseline,0.107,0.17153000000000007,random_forest,15.686,15.623,baseline,0.217,0.18359999999999999,knn
天津市滨海新区李金山养殖场,2026-08-06 00:30:00,25.6,26.37949999999997,random_forest,7.4,7.201249999999999,random_forest,9.05,8.17,baseline,0.132,0.16769999999999993,random_forest,15.591,15.686,baseline,0.063,0.094,knn
天津市滨海新区李金山养殖场,2026-08-06 05:39:00,26.8,27.743999999999986,random_forest,7.22,7.185850000000004,random_forest,8.1,9.05,baseline,0.177,0.17016499999999993,random_forest,15.545,15.591,baseline,0.048,0.15000000000000002,knn
天津市滨海新区李金山养殖场,2026-08-06 10:37:00,27.4,27.760499999999993,random_forest,8.02,8.109699999999997,random_forest,7.23,8.1,baseline,0.12,0.188035,random_forest,15.606,15.545,baseline,0.029,0.0794,knn
天津市滨海新区李金山养殖场,2026-08-06 15:49:00,28.2,27.276999999999983,random_forest,7.96,7.956400000000007,random_forest,8.22,7.23,baseline,0.173,0.17513500000000018,random_forest,15.585,15.606,baseline,0.027,0.049,knn
天津市滨海新区李金山养殖场,2026-08-06 21:00:00,25.8,26.115499999999983,random_forest,7.72,7.796150000000008,random_forest,8.59,8.22,baseline,0.152,0.17402500000000004,random_forest,15.598,15.585,baseline,0.042,0.1404,knn
天津市滨海新区李金山养殖场,2026-08-07 00:26:00,25.7,25.980499999999974,random_forest,6.8,7.100050000000001,random_forest,5.11,8.59,baseline,0.209,0.16853000000000012,random_forest,15.672,15.598,baseline,0.109,0.15419999999999998,knn
天津市滨海新区李金山养殖场,2026-08-07 05:47:00,27.3,27.0385,random_forest,6.57,7.088850000000007,random_forest,7.38,5.11,baseline,0.131,0.17252000000000003,random_forest,15.805,15.672,baseline,0.428,0.14320000000000002,knn
天津市滨海新区李金山养殖场,2026-08-07 10:03:00,28.8,27.84450000000002,random_forest,8.04,8.114350000000007,random_forest,6.95,7.38,baseline,0.105,0.17238999999999996,random_forest,15.771,15.805,baseline,0.066,0.08680000000000002,knn
天津市滨海新区李金山养殖场,2026-08-07 15:52:00,30.0,27.0255,random_forest,7.75,7.923850000000003,random_forest,5.44,6.95,baseline,0.165,0.16333999999999993,random_forest,15.739,15.771,baseline,0.28,0.0794,knn
天津市滨海新区李金山养殖场,2026-08-07 21:14:00,27.0,26.123499999999986,random_forest,7.61,7.806450000000004,random_forest,3.44,5.44,baseline,0.063,0.17901499999999998,random_forest,15.721,15.739,baseline,0.095,0.08020000000000001,knn
天津市滨海新区李金山养殖场,2026-08-08 00:30:00,28.0,26.635000000000005,random_forest,6.88,7.177349999999998,random_forest,8.34,3.44,baseline,0.221,0.18746999999999972,random_forest,15.545,15.721,baseline,0.055,0.17160000000000003,knn
天津市滨海新区李金山养殖场,2026-08-08 05:59:00,26.6,27.879500000000004,random_forest,6.89,7.001000000000008,random_forest,8.7,8.34,baseline,0.218,0.17113500000000006,random_forest,15.581,15.545,baseline,0.194,0.0802,knn
天津市滨海新区李金山养殖场,2026-08-08 10:18:00,27.5,27.772999999999996,random_forest,8.22,8.101049999999994,random_forest,3.26,8.7,baseline,0.071,0.17593999999999993,random_forest,15.611,15.581,baseline,0.055,0.064,knn
天津市滨海新区李金山养殖场,2026-08-08 15:54:00,25.6,27.203500000000027,random_forest,7.91,7.916200000000001,random_forest,6.17,3.26,baseline,0.113,0.16175499999999995,random_forest,15.637,15.611,baseline,0.069,0.0416,knn
天津市滨海新区李金山养殖场,2026-08-08 21:14:00,26.2,26.17750000000001,random_forest,7.83,7.802,random_forest,3.85,6.17,baseline,0.061,0.18292000000000005,random_forest,15.727,15.637,baseline,0.072,0.0678,knn
天津市滨海新区李金山养殖场,2026-08-09 00:30:00,26.0,26.46149999999998,random_forest,7.1,7.248700000000001,random_forest,5.25,3.85,baseline,0.069,0.16338500000000006,random_forest,15.629,15.727,baseline,0.022,0.12179999999999999,knn
天津市滨海新区李金山养殖场,2026-08-09 05:56:00,26.8,27.755499999999998,random_forest,6.53,7.218950000000001,random_forest,7.64,5.25,baseline,0.21,0.1650250000000001,random_forest,15.749,15.629,baseline,0.046,0.1272,knn
天津市滨海新区李金山养殖场,2026-08-09 10:10:00,26.3,27.7525,random_forest,8.13,8.114100000000002,random_forest,7.16,7.64,baseline,0.173,0.18247,random_forest,15.826,15.749,baseline,0.099,0.0782,knn
天津市滨海新区李金山养殖场,2026-08-09 15:35:00,27.2,27.43650000000002,random_forest,7.81,7.924799999999996,random_forest,7.98,7.16,baseline,0.254,0.16539000000000004,random_forest,15.824,15.826,baseline,0.049,0.11179999999999998,knn
天津市滨海新区李金山养殖场,2026-08-09 21:25:00,26.5,26.40600000000002,random_forest,7.84,7.794699999999999,random_forest,3.72,7.98,baseline,0.127,0.1731650000000001,random_forest,15.857,15.824,baseline,0.026,0.0622,knn
天津市滨海新区李金山养殖场,2026-08-10 00:35:00,25.8,26.290999999999976,random_forest,7.81,7.206800000000002,random_forest,8.89,3.72,baseline,0.143,0.164575,random_forest,15.587,15.857,baseline,0.49,0.24780000000000002,knn
天津市滨海新区李金山养殖场,2026-08-10 05:58:00,27.3,27.6565,random_forest,7.4,7.220050000000008,random_forest,8.42,8.89,baseline,0.12,0.1728600000000001,random_forest,15.655,15.587,baseline,0.22,0.054400000000000004,knn
天津市滨海新区李金山养殖场,2026-08-10 10:33:00,28.1,28.000000000000004,random_forest,8.03,7.88615,random_forest,6.55,8.42,baseline,0.263,0.1715800000000001,random_forest,15.661,15.655,baseline,0.027,0.056799999999999996,knn
天津市滨海新区李金山养殖场,2026-08-10 15:50:00,28.2,27.39599999999998,random_forest,7.88,7.893149999999999,random_forest,5.33,6.55,baseline,0.193,0.168115,random_forest,15.776,15.661,baseline,0.052,0.0774,knn
天津市滨海新区李金山养殖场,2026-08-10 21:14:00,25.1,26.39799999999998,random_forest,7.69,7.797399999999998,random_forest,3.16,5.33,baseline,0.274,0.19583999999999982,random_forest,15.794,15.776,baseline,0.219,0.11000000000000001,knn
天津市滨海新区李金山养殖场,2026-08-11 00:36:00,28.1,26.29350000000001,random_forest,7.85,7.126299999999995,random_forest,3.13,3.16,baseline,0.053,0.1629500000000001,random_forest,15.824,15.794,baseline,0.063,0.07360000000000001,knn
天津市滨海新区李金山养殖场,2026-08-11 05:52:00,28.2,27.2375,random_forest,8.04,7.211950000000005,random_forest,5.16,3.13,baseline,0.144,0.17301000000000005,random_forest,15.881,15.824,baseline,0.128,0.0846,knn
天津市滨海新区李金山养殖场,2026-08-11 10:09:00,28.2,27.041,random_forest,8.27,8.078449999999993,random_forest,3.91,5.16,baseline,0.129,0.16822500000000004,random_forest,15.856,15.881,baseline,0.048,0.0634,knn
天津市滨海新区李金山养殖场,2026-08-11 15:50:00,27.1,26.920000000000023,random_forest,7.94,7.94385,random_forest,3.55,3.91,baseline,0.251,0.16283000000000006,random_forest,15.894,15.856,baseline,0.042,0.07840000000000001,knn
天津市滨海新区李金山养殖场,2026-08-11 21:13:00,26.3,25.77649999999999,random_forest,7.89,7.7336500000000035,random_forest,6.04,3.55,baseline,0.17,0.15673500000000015,random_forest,16.005,15.894,baseline,0.028,0.0676,knn
天津市滨海新区李金山养殖场,2026-08-12 00:20:00,25.7,26.165000000000006,random_forest,6.74,7.1208500000000035,random_forest,8.51,6.04,baseline,0.123,0.18606000000000006,random_forest,15.998,16.005,baseline,0.022,0.06999999999999999,knn
天津市滨海新区李金山养殖场,2026-08-12 05:52:00,27.9,27.438499999999994,random_forest,6.68,7.19115,random_forest,6.07,8.51,baseline,0.292,0.17802000000000015,random_forest,15.88,15.998,baseline,0.056,0.0762,knn
天津市滨海新区李金山养殖场,2026-08-12 10:25:00,27.6,27.616,random_forest,8.03,8.063900000000004,random_forest,3.03,6.07,baseline,0.294,0.16858,random_forest,15.686,15.88,baseline,0.035,0.08779999999999999,knn
天津市滨海新区李金山养殖场,2026-08-12 15:28:00,27.8,26.93999999999999,random_forest,7.92,7.868849999999989,random_forest,3.9,3.03,baseline,0.295,0.17524500000000004,random_forest,15.652,15.686,baseline,0.085,0.13399999999999995,knn
天津市滨海新区李金山养殖场,2026-08-12 21:19:00,24.0,25.851999999999993,random_forest,7.79,7.8222000000000005,random_forest,3.39,3.9,baseline,0.114,0.178475,random_forest,15.629,15.652,baseline,0.074,0.1038,knn
天津市滨海新区李金山养殖场,2026-08-13 00:30:00,26.1,26.523999999999972,random_forest,7.26,7.142249999999998,random_forest,8.78,3.39,baseline,0.202,0.166795,random_forest,15.605,15.629,baseline,0.071,0.1018,knn
天津市滨海新区李金山养殖场,2026-08-13 05:36:00,27.5,27.256499999999992,random_forest,7.02,7.118899999999999,random_forest,5.18,8.78,baseline,0.282,0.17456500000000008,random_forest,15.731,15.605,baseline,0.164,0.05720000000000001,knn
天津市滨海新区李金山养殖场,2026-08-13 10:25:00,28.6,27.878500000000017,random_forest,8.11,8.096750000000005,random_forest,7.79,5.18,baseline,0.169,0.16091999999999998,random_forest,15.777,15.731,baseline,0.055,0.047200000000000006,knn
天津市滨海新区李金山养殖场,2026-08-13 15:36:00,26.8,26.714500000000008,random_forest,8.0,7.8663000000000025,random_forest,5.94,7.79,baseline,0.129,0.17765000000000009,random_forest,15.716,15.777,baseline,0.026,0.0536,knn
天津市滨海新区李金山养殖场,2026-08-13 21:18:00,26.0,26.031499999999998,random_forest,7.89,7.798599999999999,random_forest,9.55,5.94,baseline,0.068,0.1657949999999999,random_forest,16.014,15.716,baseline,0.097,0.085,knn
天津市滨海新区李金山养殖场,2026-08-14 00:24:00,28.2,26.322000000000003,random_forest,7.86,7.095950000000001,random_forest,5.97,9.55,baseline,0.15,0.17575499999999988,random_forest,15.692,16.014,baseline,0.098,0.126,knn
天津市滨海新区李金山养殖场,2026-08-14 05:46:00,26.3,27.896000000000004,random_forest,7.12,7.1395000000000035,random_forest,8.05,5.97,baseline,0.166,0.16630500000000012,random_forest,15.75,15.692,baseline,0.406,0.139,knn
天津市滨海新区李金山养殖场,2026-08-14 10:05:00,27.5,27.529,random_forest,8.0,7.695949999999999,random_forest,7.32,8.05,baseline,0.251,0.17872999999999997,random_forest,15.866,15.75,baseline,0.05,0.12239999999999998,knn
天津市滨海新区李金山养殖场,2026-08-14 15:30:00,26.5,27.547499999999992,random_forest,7.87,7.891249999999994,random_forest,7.99,7.32,baseline,0.126,0.15832000000000007,random_forest,15.86,15.866,baseline,0.085,0.0716,knn
天津市滨海新区李金山养殖场,2026-08-14 21:02:00,24.1,26.407499999999995,random_forest,7.9,7.783800000000003,random_forest,5.58,7.99,baseline,0.251,0.17011500000000002,random_forest,15.688,15.86,baseline,0.054,0.078,knn
天津市滨海新区李金山养殖场,2026-08-15 00:02:00,25.5,25.797499999999992,random_forest,7.89,7.1266,random_forest,8.62,5.58,baseline,0.059,0.15779500000000007,random_forest,15.623,15.688,baseline,0.071,0.06720000000000001,knn
天津市滨海新区李金山养殖场,2026-08-15 05:51:00,27.5,27.45849999999998,random_forest,7.34,7.0281,random_forest,5.71,8.62,baseline,0.233,0.16574499999999998,random_forest,15.456,15.623,baseline,0.086,0.07980000000000001,knn
天津市滨海新区李金山养殖场,2026-08-15 10:35:00,28.2,27.62199999999999,random_forest,8.11,7.781099999999994,random_forest,6.18,5.71,baseline,0.154,0.1648399999999999,random_forest,15.526,15.456,baseline,0.02,0.07220000000000001,knn
天津市滨海新区李金山养殖场,2026-08-15 15:47:00,25.7,26.768500000000003,random_forest,7.96,7.897699999999999,random_forest,6.39,6.18,baseline,0.083,0.17526,random_forest,15.438,15.526,baseline,0.057,0.087,knn
天津市滨海新区李金山养殖场,2026-08-15 21:06:00,28.2,26.327000000000016,random_forest,7.78,7.803500000000013,random_forest,6.11,6.39,baseline,0.055,0.17169500000000004,random_forest,15.344,15.438,baseline,0.085,0.125,knn
天津市滨海新区李金山养殖场,2026-08-16 00:38:00,26.5,26.53999999999998,random_forest,7.95,7.124950000000004,random_forest,8.81,6.11,baseline,0.167,0.15290500000000015,random_forest,15.453,15.344,baseline,0.063,0.0612,knn
天津市滨海新区李金山养殖场,2026-08-16 05:59:00,27.0,27.372000000000007,random_forest,6.88,7.170299999999997,random_forest,8.47,8.81,baseline,0.199,0.17609999999999995,random_forest,15.311,15.453,baseline,0.089,0.0612,knn
天津市滨海新区李金山养殖场,2026-08-16 10:27:00,29.0,27.98950000000001,random_forest,8.19,8.094050000000001,random_forest,5.38,8.47,baseline,0.156,0.17214999999999991,random_forest,15.259,15.311,baseline,0.026,0.1592,knn
天津市滨海新区李金山养殖场,2026-08-16 15:58:00,26.5,27.389499999999984,random_forest,7.91,7.86575,random_forest,5.29,5.38,baseline,0.183,0.15497500000000008,random_forest,15.337,15.259,baseline,0.037,0.1336,knn
天津市滨海新区李金山养殖场,2026-08-16 21:21:00,27.2,26.262500000000003,random_forest,7.86,7.7740500000000035,random_forest,6.87,5.29,baseline,0.176,0.17079999999999998,random_forest,15.048,15.337,baseline,0.473,0.06820000000000001,knn
天津市滨海新区李金山养殖场,2026-08-17 00:05:00,26.6,26.23299999999998,random_forest,7.46,7.299449999999996,random_forest,6.24,6.87,baseline,0.165,0.16387500000000008,random_forest,14.844,15.048,baseline,0.058,0.0534,knn
天津市滨海新区李金山养殖场,2026-08-17 05:48:00,26.6,27.682499999999987,random_forest,6.68,7.122800000000007,random_forest,8.82,6.24,baseline,0.205,0.16773499999999994,random_forest,14.998,14.844,baseline,0.077,0.07780000000000001,knn
天津市滨海新区李金山养殖场,2026-08-17 10:18:00,27.8,27.90000000000001,random_forest,7.97,8.098899999999997,random_forest,7.08,8.82,baseline,0.142,0.18164000000000008,random_forest,14.873,14.998,baseline,0.061,0.0864,knn
天津市滨海新区李金山养殖场,2026-08-17 15:39:00,27.4,27.370000000000005,random_forest,7.89,7.932449999999996,random_forest,5.95,7.08,baseline,0.154,0.18589499999999995,random_forest,14.893,14.873,baseline,0.06,0.09079999999999999,knn
天津市滨海新区李金山养殖场,2026-08-17 21:19:00,27.2,26.392000000000007,random_forest,7.9,7.828399999999992,random_forest,3.44,5.95,baseline,0.177,0.17022500000000004,random_forest,14.92,14.893,baseline,0.063,0.11200000000000002,knn
天津市滨海新区李金山养殖场,2026-08-18 00:15:00,26.4,26.342000000000013,random_forest,6.6,7.039599999999999,random_forest,8.85,3.44,baseline,0.22,0.15230500000000002,random_forest,14.914,14.92,baseline,0.067,0.0598,knn
天津市滨海新区李金山养殖场,2026-08-18 05:33:00,29.0,27.877000000000006,random_forest,6.86,7.078199999999999,random_forest,7.44,8.85,baseline,0.267,0.16150000000000003,random_forest,14.842,14.914,baseline,0.055,0.148,knn
天津市滨海新区李金山养殖场,2026-08-18 10:17:00,27.5,28.096000000000004,random_forest,7.95,8.094999999999995,random_forest,6.52,7.44,baseline,0.208,0.16516499999999998,random_forest,14.703,14.842,baseline,0.063,0.06480000000000001,knn
天津市滨海新区李金山养殖场,2026-08-18 15:57:00,25.8,26.681999999999995,random_forest,7.94,7.899500000000001,random_forest,7.81,6.52,baseline,0.109,0.16517000000000007,random_forest,14.703,14.703,baseline,0.213,0.06899999999999999,knn
天津市滨海新区李金山养殖场,2026-08-18 21:24:00,28.7,26.036999999999992,random_forest,7.7,7.790750000000004,random_forest,3.63,7.81,baseline,0.168,0.160365,random_forest,14.502,14.703,baseline,0.09,0.1058,knn
天津市滨海新区李金山养殖场,2026-08-19 00:07:00,26.3,26.374999999999986,random_forest,7.87,7.062000000000003,random_forest,8.05,3.63,baseline,0.187,0.17679999999999998,random_forest,14.55,14.502,baseline,0.071,0.1008,knn
天津市滨海新区李金山养殖场,2026-08-19 05:55:00,30.6,27.379999999999995,random_forest,8.03,7.1412499999999985,random_forest,6.1,8.05,baseline,0.134,0.1670500000000001,random_forest,14.577,14.55,baseline,0.028,0.039,knn
天津市滨海新区李金山养殖场,2026-08-19 10:25:00,28.6,28.154,random_forest,8.04,8.055699999999995,random_forest,7.16,6.1,baseline,0.082,0.16603,random_forest,14.776,14.577,baseline,0.041,0.144,knn
天津市滨海新区李金山养殖场,2026-08-19 15:31:00,29.2,27.097500000000014,random_forest,7.88,7.769100000000002,random_forest,6.74,7.16,baseline,0.121,0.17263500000000004,random_forest,14.694,14.776,baseline,0.038,0.061399999999999996,knn
天津市滨海新区李金山养殖场,2026-08-19 21:01:00,26.8,26.27399999999999,random_forest,7.6,7.567300000000001,random_forest,9.06,6.74,baseline,0.259,0.17318999999999993,random_forest,14.949,14.694,baseline,0.05,0.1572,knn
天津市滨海新区李金山养殖场,2026-08-20 00:22:00,26.1,26.339999999999982,random_forest,7.2,7.255149999999998,random_forest,3.68,9.06,baseline,0.158,0.18794500000000003,random_forest,14.76,14.949,baseline,0.288,0.21080000000000002,knn
天津市滨海新区李金山养殖场,2026-08-20 05:51:00,27.3,27.76599999999999,random_forest,6.78,7.3587,random_forest,7.55,3.68,baseline,0.148,0.17334000000000002,random_forest,14.589,14.76,baseline,0.034,0.2332,knn
天津市滨海新区李金山养殖场,2026-08-20 10:23:00,29.0,27.99900000000001,random_forest,8.06,8.089599999999999,random_forest,3.91,7.55,baseline,0.217,0.16723500000000013,random_forest,14.511,14.589,baseline,0.089,0.0734,knn
天津市滨海新区李金山养殖场,2026-08-20 15:34:00,26.4,26.944499999999994,random_forest,7.86,7.909849999999994,random_forest,3.87,3.91,baseline,0.262,0.16168,random_forest,14.679,14.511,baseline,0.035,0.07719999999999999,knn
天津市滨海新区李金山养殖场,2026-08-20 21:27:00,26.9,26.216500000000014,random_forest,7.66,7.783750000000002,random_forest,8.48,3.87,baseline,0.163,0.17342999999999997,random_forest,14.62,14.679,baseline,0.122,0.06000000000000001,knn
天津市滨海新区李金山养殖场,2026-08-21 00:19:00,24.9,26.163499999999996,random_forest,6.74,7.162649999999997,random_forest,8.58,8.48,baseline,0.154,0.16415500000000008,random_forest,14.803,14.62,baseline,0.023,0.1316,knn
天津市滨海新区李金山养殖场,2026-08-21 05:53:00,25.7,27.72699999999999,random_forest,7.01,7.111900000000002,random_forest,7.97,8.58,baseline,0.152,0.16775500000000002,random_forest,14.699,14.803,baseline,0.056,0.1012,knn
天津市滨海新区李金山养殖场,2026-08-21 10:03:00,28.7,27.60100000000001,random_forest,8.04,8.098999999999998,random_forest,6.03,7.97,baseline,0.143,0.179815,random_forest,14.779,14.699,baseline,0.075,0.1376,knn
天津市滨海新区李金山养殖场,2026-08-21 15:35:00,27.6,27.46250000000001,random_forest,7.85,7.9009,random_forest,6.87,6.03,baseline,0.179,0.17359000000000008,random_forest,14.893,14.779,baseline,0.023,0.1548,knn
天津市滨海新区李金山养殖场,2026-08-21 21:00:00,27.3,26.248499999999986,random_forest,7.72,7.800400000000003,random_forest,6.74,6.87,baseline,0.173,0.17890500000000004,random_forest,14.839,14.893,baseline,0.041,0.2266,knn
天津市滨海新区李金山养殖场,2026-08-22 00:18:00,26.6,26.342,random_forest,6.94,7.074700000000003,random_forest,8.62,6.74,baseline,0.143,0.1643750000000001,random_forest,14.795,14.839,baseline,0.05,0.23620000000000002,knn
天津市滨海新区李金山养殖场,2026-08-22 05:59:00,28.3,27.60699999999999,random_forest,8.21,7.089550000000002,random_forest,7.23,8.62,baseline,0.214,0.17236500000000002,random_forest,14.556,14.795,baseline,0.034,0.1426,knn
天津市滨海新区李金山养殖场,2026-08-22 10:32:00,27.6,27.890499999999996,random_forest,8.06,8.111850000000002,random_forest,7.71,7.23,baseline,0.164,0.1657500000000001,random_forest,14.573,14.556,baseline,0.061,0.1608,knn
天津市滨海新区李金山养殖场,2026-08-22 15:29:00,25.9,26.8775,random_forest,7.95,7.967999999999996,random_forest,8.33,7.71,baseline,0.183,0.15912000000000004,random_forest,14.446,14.573,baseline,0.075,0.1216,knn
天津市滨海新区李金山养殖场,2026-08-22 21:10:00,27.3,26.071499999999997,random_forest,7.73,7.479849999999999,random_forest,5.24,8.33,baseline,0.074,0.1589800000000001,random_forest,14.53,14.446,baseline,0.048,0.1474,knn
天津市滨海新区李金山养殖场,2026-08-23 00:15:00,26.3,26.250999999999998,random_forest,6.73,7.104599999999997,random_forest,8.03,5.24,baseline,0.092,0.14850999999999998,random_forest,14.528,14.53,baseline,0.074,0.1346,knn
天津市滨海新区李金山养殖场,2026-08-23 05:54:00,28.9,27.420499999999997,random_forest,6.52,7.026050000000002,random_forest,6.26,8.03,baseline,0.066,0.1670050000000001,random_forest,14.367,14.528,baseline,0.065,0.11100000000000002,knn
天津市滨海新区李金山养殖场,2026-08-23 10:08:00,28.2,28.2665,random_forest,8.15,8.11505,random_forest,8.14,6.26,baseline,0.181,0.17348499999999997,random_forest,14.226,14.367,baseline,0.216,0.065,knn
天津市滨海新区李金山养殖场,2026-08-23 15:53:00,26.8,26.708000000000006,random_forest,8.02,7.909600000000001,random_forest,7.81,8.14,baseline,0.14,0.1736850000000001,random_forest,14.261,14.226,baseline,0.193,0.06,knn
天津市滨海新区李金山养殖场,2026-08-23 21:00:00,25.9,26.115499999999983,random_forest,7.75,7.808650000000004,random_forest,6.52,7.81,baseline,0.265,0.17761,random_forest,14.165,14.261,baseline,0.02,0.0522,knn
天津市滨海新区李金山养殖场,2026-09-08 00:12:00,22.5,26.113000000000014,random_forest,7.12,7.236149999999996,random_forest,9.89,6.52,baseline,0.221,0.1758599999999999,random_forest,14.274,14.165,baseline,0.087,0.152,knn
天津市滨海新区李金山养殖场,2026-09-08 05:59:00,23.2,25.65249999999999,random_forest,7.1,7.0886000000000005,random_forest,5.98,9.89,baseline,0.143,0.17706999999999998,random_forest,14.4,14.274,baseline,0.174,0.0742,knn
天津市滨海新区李金山养殖场,2026-09-08 10:15:00,25.9,23.848500000000012,random_forest,8.22,8.103849999999994,random_forest,5.26,5.98,baseline,0.15,0.16920499999999997,random_forest,14.338,14.4,baseline,0.021,0.0666,knn
天津市滨海新区李金山养殖场,2026-09-08 15:25:00,23.1,25.080500000000015,random_forest,7.97,7.918350000000004,random_forest,6.23,5.26,baseline,0.108,0.16965000000000002,random_forest,14.522,14.338,baseline,0.038,0.0752,knn
天津市滨海新区李金山养殖场,2026-09-08 21:13:00,22.4,22.564499999999995,random_forest,7.89,7.803050000000001,random_forest,7.0,6.23,baseline,0.166,0.178485,random_forest,14.388,14.522,baseline,0.04,0.072,knn
天津市滨海新区李金山养殖场,2026-09-09 00:07:00,22.8,22.806999999999995,random_forest,7.09,7.085449999999996,random_forest,5.25,7.0,baseline,0.072,0.17306000000000002,random_forest,14.451,14.388,baseline,0.096,0.1598,knn
天津市滨海新区李金山养殖场,2026-09-09 05:45:00,24.6,23.793499999999984,random_forest,7.39,7.057399999999998,random_forest,8.32,5.25,baseline,0.147,0.1691799999999999,random_forest,14.464,14.451,baseline,0.025,0.1894,knn
天津市滨海新区李金山养殖场,2026-09-09 10:37:00,23.5,23.91299999999998,random_forest,8.07,8.128200000000001,random_forest,8.29,8.32,baseline,0.253,0.1685750000000001,random_forest,14.466,14.464,baseline,0.031,0.05800000000000001,knn
天津市滨海新区李金山养殖场,2026-09-09 15:40:00,23.4,23.481999999999985,random_forest,8.1,7.9254500000000005,random_forest,7.94,8.29,baseline,0.168,0.16929,random_forest,14.524,14.466,baseline,0.031,0.08080000000000001,knn
天津市滨海新区李金山养殖场,2026-09-09 21:07:00,22.3,22.791999999999994,random_forest,7.64,7.8229,random_forest,6.54,7.94,baseline,0.108,0.1659300000000001,random_forest,14.502,14.524,baseline,0.065,0.10300000000000001,knn
天津市滨海新区李金山养殖场,2026-09-10 00:19:00,22.7,22.2885,random_forest,6.6,7.130699999999999,random_forest,9.2,6.54,baseline,0.172,0.16357500000000008,random_forest,14.682,14.502,baseline,0.083,0.089,knn
天津市滨海新区李金山养殖场,2026-09-10 05:48:00,23.7,24.28149999999999,random_forest,6.51,7.042700000000004,random_forest,8.96,9.2,baseline,0.182,0.179765,random_forest,14.594,14.682,baseline,0.095,0.054400000000000004,knn
天津市滨海新区李金山养殖场,2026-09-10 10:25:00,23.4,23.535,random_forest,8.15,8.1253,random_forest,5.97,8.96,baseline,0.17,0.17298999999999992,random_forest,14.649,14.594,baseline,0.048,0.12280000000000002,knn
天津市滨海新区李金山养殖场,2026-09-10 15:42:00,23.5,22.851000000000003,random_forest,7.93,7.918900000000005,random_forest,5.8,5.97,baseline,0.184,0.17246500000000012,random_forest,14.731,14.649,baseline,0.055,0.13499999999999998,knn
天津市滨海新区李金山养殖场,2026-09-10 21:03:00,23.1,22.416499999999996,random_forest,7.93,7.8098000000000045,random_forest,5.44,5.8,baseline,0.115,0.17800999999999992,random_forest,14.661,14.731,baseline,0.028,0.11040000000000001,knn
天津市滨海新区李金山养殖场,2026-09-11 00:24:00,22.8,22.22199999999999,random_forest,7.15,7.118450000000001,random_forest,8.99,5.44,baseline,0.077,0.1711650000000001,random_forest,14.669,14.661,baseline,0.063,0.24780000000000002,knn
天津市滨海新区李金山养殖场,2026-09-11 05:39:00,23.2,23.645000000000017,random_forest,7.03,7.0823000000000045,random_forest,8.82,8.99,baseline,0.154,0.16582500000000014,random_forest,14.448,14.669,baseline,0.077,0.11340000000000001,knn
天津市滨海新区李金山养殖场,2026-09-11 10:03:00,23.0,23.99,random_forest,8.21,8.113649999999998,random_forest,5.59,8.82,baseline,0.082,0.16842500000000007,random_forest,14.448,14.448,baseline,0.043,0.199,knn
天津市滨海新区李金山养殖场,2026-09-11 15:29:00,24.5,23.1175,random_forest,7.98,7.930000000000006,random_forest,8.11,5.59,baseline,0.219,0.17344499999999996,random_forest,14.327,14.448,baseline,0.049,0.0504,knn
天津市滨海新区李金山养殖场,2026-09-11 21:08:00,22.4,22.504500000000004,random_forest,7.69,7.817100000000007,random_forest,5.23,8.11,baseline,0.175,0.18772499999999998,random_forest,14.203,14.327,baseline,0.242,0.1568,knn
天津市滨海新区李金山养殖场,2026-09-12 00:06:00,20.8,22.604499999999984,random_forest,8.0,7.1186500000000015,random_forest,6.71,5.23,baseline,0.126,0.166,random_forest,14.234,14.203,baseline,0.042,0.2742,knn
天津市滨海新区李金山养殖场,2026-09-12 05:38:00,22.0,23.499499999999998,random_forest,7.19,7.101399999999997,random_forest,8.99,6.71,baseline,0.171,0.17190500000000009,random_forest,14.439,14.234,baseline,0.045,0.13879999999999998,knn
天津市滨海新区李金山养殖场,2026-09-12 10:06:00,23.0,23.490499999999994,random_forest,8.04,8.132499999999999,random_forest,7.94,8.99,baseline,0.291,0.16468499999999991,random_forest,14.544,14.439,baseline,0.489,0.06,knn
天津市滨海新区李金山养殖场,2026-09-12 15:39:00,22.0,23.085999999999995,random_forest,7.96,7.9008999999999965,random_forest,7.89,7.94,baseline,0.168,0.16776000000000008,random_forest,14.57,14.544,baseline,0.076,0.11699999999999999,knn
天津市滨海新区李金山养殖场,2026-09-12 21:18:00,22.2,22.242000000000004,random_forest,7.65,7.828450000000001,random_forest,9.14,7.89,baseline,0.258,0.1694000000000001,random_forest,14.616,14.57,baseline,0.091,0.0538,knn
天津市滨海新区李金山养殖场,2026-09-13 00:31:00,23.2,22.479,random_forest,6.8,7.008500000000003,random_forest,3.67,9.14,baseline,0.112,0.145965,random_forest,14.67,14.616,baseline,0.029,0.08519999999999998,knn
天津市滨海新区李金山养殖场,2026-09-13 05:37:00,25.0,23.692999999999998,random_forest,6.57,7.14715,random_forest,8.59,3.67,baseline,0.228,0.19014999999999993,random_forest,14.974,14.67,baseline,0.177,0.0668,knn
天津市滨海新区李金山养殖场,2026-09-13 10:21:00,23.1,23.622500000000006,random_forest,8.08,8.124599999999996,random_forest,5.0,8.59,baseline,0.268,0.16849000000000008,random_forest,14.896,14.974,baseline,0.094,0.1106,knn
天津市滨海新区李金山养殖场,2026-09-13 15:43:00,23.5,23.493999999999996,random_forest,7.81,7.917799999999999,random_forest,7.75,5.0,baseline,0.166,0.17404500000000006,random_forest,14.875,14.896,baseline,0.086,0.129,knn
天津市滨海新区李金山养殖场,2026-09-13 21:22:00,21.9,22.699000000000005,random_forest,7.93,7.812099999999999,random_forest,6.48,7.75,baseline,0.257,0.17488499999999996,random_forest,14.793,14.875,baseline,0.474,0.11639999999999999,knn
天津市滨海新区李金山养殖场,2026-09-14 00:06:00,22.2,22.377999999999993,random_forest,6.72,7.046900000000002,random_forest,5.69,6.48,baseline,0.112,0.14978000000000002,random_forest,14.806,14.793,baseline,0.096,0.039999999999999994,knn
天津市滨海新区李金山养殖场,2026-09-14 05:33:00,23.6,23.7905,random_forest,7.39,7.106600000000003,random_forest,8.7,5.69,baseline,0.168,0.16253000000000004,random_forest,14.947,14.806,baseline,0.284,0.056400000000000006,knn
天津市滨海新区李金山养殖场,2026-09-14 10:22:00,24.9,23.874499999999998,random_forest,8.02,8.097050000000001,random_forest,6.58,8.7,baseline,0.107,0.16488000000000003,random_forest,14.772,14.947,baseline,0.059,0.0488,knn
天津市滨海新区李金山养殖场,2026-09-14 15:50:00,24.5,23.086,random_forest,7.91,7.927300000000003,random_forest,6.08,6.58,baseline,0.125,0.19343000000000007,random_forest,14.765,14.772,baseline,0.304,0.0726,knn
天津市滨海新区李金山养殖场,2026-09-14 21:07:00,22.7,22.469,random_forest,7.81,7.809400000000008,random_forest,9.44,6.08,baseline,0.196,0.17671499999999998,random_forest,14.581,14.765,baseline,0.031,0.0992,knn
天津市滨海新区李金山养殖场,2026-09-15 00:19:00,21.7,22.783499999999993,random_forest,7.27,7.148799999999999,random_forest,8.78,9.44,baseline,0.28,0.17053000000000013,random_forest,14.325,14.581,baseline,0.211,0.0612,knn
天津市滨海新区李金山养殖场,2026-09-15 05:32:00,23.5,23.565500000000007,random_forest,7.37,7.125950000000001,random_forest,8.46,8.78,baseline,0.173,0.16429499999999997,random_forest,14.382,14.325,baseline,0.047,0.0806,knn
天津市滨海新区李金山养殖场,2026-09-15 10:10:00,22.3,23.74699999999999,random_forest,8.16,8.114399999999993,random_forest,5.23,8.46,baseline,0.178,0.17256000000000007,random_forest,14.407,14.382,baseline,0.08,0.0718,knn
天津市滨海新区李金山养殖场,2026-09-15 15:49:00,25.0,23.328000000000003,random_forest,7.94,7.931200000000002,random_forest,5.04,5.23,baseline,0.188,0.16586500000000004,random_forest,14.382,14.407,baseline,0.048,0.1856,knn
天津市滨海新区李金山养殖场,2026-09-15 21:01:00,21.8,22.387499999999992,random_forest,7.8,7.78275,random_forest,5.97,5.04,baseline,0.112,0.17332500000000006,random_forest,14.213,14.382,baseline,0.043,0.0752,knn
天津市滨海新区李金山养殖场,2026-09-16 00:31:00,23.2,21.857499999999973,random_forest,7.07,7.068249999999998,random_forest,5.75,5.97,baseline,0.146,0.17074999999999999,random_forest,14.283,14.213,baseline,0.044,0.07559999999999999,knn
天津市滨海新区李金山养殖场,2026-09-16 05:51:00,24.2,23.587499999999988,random_forest,7.47,7.045300000000005,random_forest,8.29,5.75,baseline,0.213,0.169,random_forest,14.356,14.283,baseline,0.094,0.1576,knn
天津市滨海新区李金山养殖场,2026-09-16 10:07:00,23.2,23.75949999999999,random_forest,8.2,8.083849999999991,random_forest,6.41,8.29,baseline,0.198,0.17667000000000002,random_forest,14.258,14.356,baseline,0.034,0.08519999999999998,knn
天津市滨海新区李金山养殖场,2026-09-16 15:32:00,23.0,23.152499999999996,random_forest,7.98,7.918500000000005,random_forest,8.21,6.41,baseline,0.137,0.160435,random_forest,14.368,14.258,baseline,0.089,0.0734,knn
天津市滨海新区李金山养殖场,2026-09-16 21:26:00,21.6,22.147500000000004,random_forest,7.63,7.818850000000005,random_forest,5.39,8.21,baseline,0.244,0.181895,random_forest,14.285,14.368,baseline,0.054,0.11599999999999999,knn
天津市滨海新区李金山养殖场,2026-09-17 00:05:00,22.6,22.428500000000003,random_forest,6.7,7.0844,random_forest,6.3,5.39,baseline,0.21,0.16466499999999995,random_forest,14.328,14.285,baseline,0.217,0.0854,knn
天津市滨海新区李金山养殖场,2026-09-17 05:57:00,24.2,23.831500000000005,random_forest,7.44,7.1947499999999955,random_forest,6.69,6.3,baseline,0.141,0.16021499999999997,random_forest,14.413,14.328,baseline,0.023,0.1282,knn
天津市滨海新区李金山养殖场,2026-09-17 10:14:00,23.3,23.526500000000006,random_forest,8.03,8.117450000000002,random_forest,8.11,6.69,baseline,0.288,0.160345,random_forest,14.619,14.413,baseline,0.025,0.1378,knn
天津市滨海新区李金山养殖场,2026-09-17 15:40:00,24.1,23.298999999999996,random_forest,7.98,7.9150500000000035,random_forest,8.48,8.11,baseline,0.235,0.17771499999999993,random_forest,14.694,14.619,baseline,0.11,0.1258,knn
天津市滨海新区李金山养殖场,2026-09-17 21:23:00,21.7,22.677000000000003,random_forest,7.84,7.818400000000001,random_forest,9.21,8.48,baseline,0.159,0.18500999999999995,random_forest,14.599,14.694,baseline,0.056,0.0624,knn
天津市滨海新区李金山养殖场,2026-09-18 00:08:00,21.1,22.2015,random_forest,7.31,7.019149999999999,random_forest,5.64,9.21,baseline,0.141,0.17613999999999994,random_forest,14.431,14.599,baseline,0.046,0.0982,knn
天津市滨海新区李金山养殖场,2026-09-18 05:48:00,22.4,23.250999999999998,random_forest,6.87,6.9468000000000005,random_forest,6.8,5.64,baseline,0.179,0.16985500000000006,random_forest,14.533,14.431,baseline,0.059,0.07459999999999999,knn
天津市滨海新区李金山养殖场,2026-09-18 10:32:00,25.1,23.685000000000016,random_forest,8.09,8.110249999999997,random_forest,7.54,6.8,baseline,0.235,0.17134000000000008,random_forest,14.446,14.533,baseline,0.1,0.0658,knn
天津市滨海新区李金山养殖场,2026-09-18 15:22:00,24.4,23.320499999999996,random_forest,8.08,7.92885,random_forest,3.32,7.54,baseline,0.261,0.15816,random_forest,14.439,14.446,baseline,0.075,0.0956,knn
天津市滨海新区李金山养殖场,2026-09-18 21:07:00,22.5,21.799999999999997,random_forest,7.79,7.818499999999996,random_forest,6.13,3.32,baseline,0.182,0.17204999999999993,random_forest,14.413,14.439,baseline,0.024,0.09359999999999999,knn
天津市滨海新区李金山养殖场,2026-09-19 00:17:00,23.8,22.380999999999993,random_forest,6.6,7.138299999999994,random_forest,9.67,6.13,baseline,0.254,0.1651799999999999,random_forest,14.244,14.413,baseline,0.028,0.1408,knn
天津市滨海新区李金山养殖场,2026-09-19 05:44:00,23.5,24.146999999999995,random_forest,6.8,7.141499999999997,random_forest,7.89,9.67,baseline,0.13,0.1546800000000001,random_forest,14.218,14.244,baseline,0.034,0.1236,knn
天津市滨海新区李金山养殖场,2026-09-19 10:37:00,21.9,23.57449999999999,random_forest,8.22,8.126400000000002,random_forest,8.49,7.89,baseline,0.149,0.18927999999999998,random_forest,14.293,14.218,baseline,0.126,0.06180000000000001,knn
天津市滨海新区李金山养殖场,2026-09-19 15:43:00,24.4,23.309499999999975,random_forest,7.88,7.9309,random_forest,5.13,8.49,baseline,0.186,0.16768500000000003,random_forest,14.291,14.293,baseline,0.09,0.11000000000000001,knn
天津市滨海新区李金山养殖场,2026-09-19 21:16:00,23.4,22.371000000000002,random_forest,7.76,7.8072,random_forest,3.48,5.13,baseline,0.179,0.18683500000000003,random_forest,14.259,14.291,baseline,0.037,0.22959999999999997,knn
天津市滨海新区李金山养殖场,2026-09-20 00:35:00,19.6,22.079,random_forest,6.78,7.046099999999998,random_forest,10.38,3.48,baseline,0.106,0.16103500000000007,random_forest,14.144,14.259,baseline,0.048,0.3284,knn
天津市滨海新区李金山养殖场,2026-09-20 05:37:00,23.6,23.189500000000002,random_forest,6.79,7.183450000000004,random_forest,7.69,10.38,baseline,0.102,0.16490499999999997,random_forest,14.209,14.144,baseline,0.044,0.044599999999999994,knn
天津市滨海新区李金山养殖场,2026-09-20 10:14:00,24.0,23.763999999999992,random_forest,7.89,8.11774999999999,random_forest,6.74,7.69,baseline,0.121,0.17483499999999996,random_forest,14.269,14.209,baseline,0.049,0.1364,knn
天津市滨海新区李金山养殖场,2026-09-20 15:29:00,22.1,23.003,random_forest,7.97,7.935000000000008,random_forest,6.56,6.74,baseline,0.17,0.17876999999999998,random_forest,14.402,14.269,baseline,0.089,0.059199999999999996,knn
天津市滨海新区李金山养殖场,2026-09-20 21:15:00,20.9,22.390000000000015,random_forest,7.75,7.824849999999993,random_forest,5.27,6.56,baseline,0.132,0.17751999999999998,random_forest,14.501,14.402,baseline,0.038,0.2116,knn
天津市滨海新区李金山养殖场,2026-09-21 00:22:00,22.7,22.169000000000015,random_forest,7.27,7.1503999999999985,random_forest,8.91,5.27,baseline,0.231,0.16034000000000004,random_forest,14.499,14.501,baseline,0.097,0.288,knn
天津市滨海新区李金山养殖场,2026-09-21 05:59:00,22.2,23.828000000000003,random_forest,7.96,7.078400000000004,random_forest,9.18,8.91,baseline,0.137,0.18411500000000008,random_forest,14.366,14.499,baseline,0.075,0.0448,knn
天津市滨海新区李金山养殖场,2026-09-21 10:23:00,23.7,23.767999999999994,random_forest,8.15,8.101049999999992,random_forest,5.34,9.18,baseline,0.22,0.17424999999999993,random_forest,14.385,14.366,baseline,0.084,0.0618,knn
天津市滨海新区李金山养殖场,2026-09-21 15:51:00,23.4,22.701499999999992,random_forest,7.82,7.969899999999996,random_forest,5.54,5.34,baseline,0.159,0.16685999999999995,random_forest,14.465,14.385,baseline,0.078,0.0756,knn
天津市滨海新区李金山养殖场,2026-09-21 21:08:00,23.0,22.2465,random_forest,7.65,7.670650000000006,random_forest,3.78,5.54,baseline,0.173,0.17208499999999993,random_forest,14.532,14.465,baseline,0.077,0.1346,knn
天津市滨海新区李金山养殖场,2026-09-22 00:03:00,22.8,22.251999999999995,random_forest,7.11,6.98625,random_forest,8.33,3.78,baseline,0.132,0.14926,random_forest,14.529,14.532,baseline,0.078,0.1408,knn
天津市滨海新区李金山养殖场,2026-09-22 05:49:00,22.0,23.697500000000005,random_forest,7.23,7.032150000000001,random_forest,8.87,8.33,baseline,0.149,0.1602149999999999,random_forest,14.691,14.529,baseline,0.074,0.13100000000000003,knn
天津市滨海新区李金山养殖场,2026-09-22 10:08:00,23.3,23.509500000000003,random_forest,8.11,8.107949999999999,random_forest,6.27,8.87,baseline,0.119,0.16463500000000006,random_forest,14.754,14.691,baseline,0.045,0.1296,knn
天津市滨海新区李金山养殖场,2026-09-22 15:54:00,22.9,23.0625,random_forest,7.93,7.939800000000011,random_forest,3.62,6.27,baseline,0.18,0.16580999999999993,random_forest,14.943,14.754,baseline,0.069,0.079,knn
天津市滨海新区李金山养殖场,2026-09-22 21:00:00,22.0,22.338999999999988,random_forest,7.83,7.833450000000004,random_forest,9.5,3.62,baseline,0.071,0.16460000000000008,random_forest,14.973,14.943,baseline,0.098,0.1364,knn
天津市滨海新区李金山养殖场,2026-09-23 00:04:00,21.1,22.368000000000016,random_forest,6.93,7.0174,random_forest,10.0,9.5,baseline,0.16,0.16560500000000009,random_forest,14.928,14.973,baseline,0.022,0.156,knn
天津市滨海新区李金山养殖场,2026-09-23 05:59:00,24.0,23.102999999999998,random_forest,6.95,7.051249999999999,random_forest,6.25,10.0,baseline,0.29,0.17052000000000012,random_forest,14.844,14.928,baseline,0.464,0.063,knn
天津市滨海新区李金山养殖场,2026-09-23 10:09:00,23.7,24.12850000000001,random_forest,8.17,8.103549999999993,random_forest,5.12,6.25,baseline,0.109,0.17891000000000004,random_forest,14.701,14.844,baseline,0.053,0.0984,knn
天津市滨海新区李金山养殖场,2026-09-23 15:27:00,24.0,23.320499999999992,random_forest,8.06,7.956050000000007,random_forest,8.07,5.12,baseline,0.197,0.16716,random_forest,14.749,14.701,baseline,0.318,0.0526,knn
天津市滨海新区李金山养殖场,2026-09-23 21:15:00,21.8,22.2495,random_forest,7.59,7.809449999999996,random_forest,6.17,8.07,baseline,0.275,0.17171,random_forest,14.813,14.749,baseline,0.026,0.0638,knn
天津市滨海新区李金山养殖场,2026-09-24 00:37:00,23.1,22.42699999999998,random_forest,7.1,7.158399999999997,random_forest,9.22,6.17,baseline,0.263,0.19063,random_forest,14.567,14.813,baseline,0.072,0.09380000000000001,knn
天津市滨海新区李金山养殖场,2026-09-24 05:59:00,23.0,24.262000000000004,random_forest,8.05,7.211549999999994,random_forest,5.24,9.22,baseline,0.285,0.183335,random_forest,14.522,14.567,baseline,0.247,0.11180000000000001,knn
天津市滨海新区李金山养殖场,2026-09-24 10:16:00,22.3,23.562500000000004,random_forest,8.15,8.1039,random_forest,5.6,5.24,baseline,0.207,0.16107500000000005,random_forest,14.565,14.522,baseline,0.215,0.1246,knn
天津市滨海新区李金山养殖场,2026-09-24 15:52:00,24.7,23.15699999999999,random_forest,7.93,7.915399999999992,random_forest,8.49,5.6,baseline,0.196,0.16352500000000014,random_forest,14.59,14.565,baseline,0.057,0.1016,knn
天津市滨海新区李金山养殖场,2026-09-24 21:22:00,20.9,22.454999999999988,random_forest,7.92,7.808850000000009,random_forest,5.53,8.49,baseline,0.234,0.161525,random_forest,14.621,14.59,baseline,0.052,0.11439999999999999,knn
天津市滨海新区李金山养殖场,2026-09-25 00:35:00,20.5,21.492500000000003,random_forest,6.57,7.122549999999995,random_forest,9.69,5.53,baseline,0.223,0.17761000000000002,random_forest,14.886,14.621,baseline,0.106,0.1222,knn
天津市滨海新区李金山养殖场,2026-09-25 05:59:00,23.5,22.711499999999987,random_forest,8.06,7.102750000000001,random_forest,8.48,9.69,baseline,0.189,0.16308499999999995,random_forest,15.049,14.886,baseline,0.081,0.07239999999999999,knn
天津市滨海新区李金山养殖场,2026-09-25 10:20:00,24.7,23.652499999999996,random_forest,8.17,8.096700000000004,random_forest,8.09,8.48,baseline,0.259,0.16074,random_forest,15.048,15.049,baseline,0.194,0.1474,knn
天津市滨海新区李金山养殖场,2026-09-25 15:48:00,20.8,22.844500000000007,random_forest,7.91,7.968900000000002,random_forest,9.65,8.09,baseline,0.106,0.17043,random_forest,15.072,15.048,baseline,0.397,0.07560000000000001,knn
天津市滨海新区李金山养殖场,2026-09-25 21:08:00,22.5,21.856999999999992,random_forest,7.79,7.62835,random_forest,9.12,9.65,baseline,0.183,0.16984000000000005,random_forest,15.044,15.072,baseline,0.027,0.055600000000000004,knn
天津市滨海新区李金山养殖场,2026-09-26 00:25:00,22.9,22.737999999999996,random_forest,6.92,7.0298999999999925,random_forest,8.98,9.12,baseline,0.074,0.15623999999999993,random_forest,14.905,15.044,baseline,0.078,0.15080000000000002,knn
天津市滨海新区李金山养殖场,2026-09-26 05:44:00,23.5,24.252999999999993,random_forest,7.49,7.103950000000002,random_forest,5.65,8.98,baseline,0.062,0.17818999999999996,random_forest,14.777,14.905,baseline,0.092,0.08959999999999999,knn
天津市滨海新区李金山养殖场,2026-09-26 10:22:00,24.8,23.401999999999994,random_forest,8.16,8.117,random_forest,7.99,5.65,baseline,0.139,0.18087499999999992,random_forest,14.759,14.777,baseline,0.099,0.0638,knn
天津市滨海新区李金山养殖场,2026-09-26 15:36:00,23.1,23.482999999999993,random_forest,7.96,7.900050000000006,random_forest,8.72,7.99,baseline,0.118,0.17901999999999998,random_forest,14.852,14.759,baseline,0.036,0.0654,knn
天津市滨海新区李金山养殖场,2026-09-26 21:14:00,22.9,22.829,random_forest,7.81,7.829450000000008,random_forest,9.99,8.72,baseline,0.1,0.18369000000000002,random_forest,14.87,14.852,baseline,0.08,0.056600000000000004,knn
天津市滨海新区李金山养殖场,2026-09-27 00:24:00,22.6,22.841500000000007,random_forest,6.88,7.079049999999998,random_forest,9.4,9.99,baseline,0.147,0.16402,random_forest,14.895,14.87,baseline,0.053,0.076,knn
天津市滨海新区李金山养殖场,2026-09-27 05:57:00,22.4,24.111499999999992,random_forest,6.51,7.028500000000007,random_forest,5.71,9.4,baseline,0.242,0.18117,random_forest,14.909,14.895,baseline,0.047,0.11900000000000002,knn
天津市滨海新区李金山养殖场,2026-09-27 10:15:00,23.9,23.888,random_forest,8.04,8.098049999999999,random_forest,8.64,5.71,baseline,0.197,0.173035,random_forest,14.859,14.909,baseline,0.077,0.0814,knn
天津市滨海新区李金山养殖场,2026-09-27 15:56:00,23.2,23.319999999999997,random_forest,7.99,7.916700000000004,random_forest,8.72,8.64,baseline,0.113,0.17522499999999983,random_forest,15.0,14.859,baseline,0.024,0.0704,knn
