养殖场,监测时间,真实溶解氧,Baseline预测值,KNN预测值,RandomForest预测值
天津市滨海新区志敏养殖场,2025-09-19 00:31:00,5.77,6.33,8.212,7.7807
天津市滨海新区志敏养殖场,2025-09-19 05:44:00,8.9,5.77,7.772,7.1775499999999965
天津市滨海新区志敏养殖场,2025-09-19 10:34:00,7.99,8.9,7.19,6.848400000000002
天津市滨海新区志敏养殖场,2025-09-19 15:37:00,8.52,7.99,6.37,6.591400000000001
天津市滨海新区志敏养殖场,2025-09-19 21:19:00,9.51,8.52,6.414,7.069050000000001
天津市滨海新区志敏养殖场,2025-09-20 00:38:00,9.11,9.51,6.895999999999999,7.608249999999994
天津市滨海新区志敏养殖场,2025-09-20 05:51:00,5.88,9.11,7.102000000000001,7.1218999999999975
天津市滨海新区志敏养殖场,2025-09-20 10:07:00,8.45,5.88,7.029999999999999,7.123049999999998
天津市滨海新区志敏养殖场,2025-09-20 15:31:00,6.48,8.45,7.388,6.652549999999995
天津市滨海新区志敏养殖场,2025-09-20 21:28:00,5.01,6.48,7.053999999999999,6.98535
天津市滨海新区志敏养殖场,2025-09-21 00:02:00,9.22,5.01,8.633999999999999,7.549849999999999
天津市滨海新区志敏养殖场,2025-09-21 05:59:00,5.69,9.22,6.508,6.9468499999999995
天津市滨海新区志敏养殖场,2025-09-21 10:03:00,7.82,5.69,6.894,6.401900000000001
天津市滨海新区志敏养殖场,2025-09-21 15:41:00,8.34,7.82,7.8420000000000005,6.701050000000002
天津市滨海新区志敏养殖场,2025-09-21 21:17:00,10.04,8.34,5.828000000000001,7.000200000000003
天津市滨海新区志敏养殖场,2025-09-22 00:04:00,10.04,10.04,8.028,7.3199000000000005
天津市滨海新区志敏养殖场,2025-09-22 05:37:00,6.81,10.04,7.696,7.067
天津市滨海新区志敏养殖场,2025-09-22 10:35:00,6.55,6.81,7.4079999999999995,6.778300000000001
天津市滨海新区志敏养殖场,2025-09-22 15:43:00,8.8,6.55,8.462,7.13275
天津市滨海新区志敏养殖场,2025-09-22 21:04:00,9.41,8.8,6.376,7.399500000000001
天津市滨海新区志敏养殖场,2025-10-12 00:16:00,9.96,9.41,7.207999999999998,6.757499999999998
天津市滨海新区志敏养殖场,2025-10-12 05:59:00,10.2,9.96,8.708,8.9198
天津市滨海新区志敏养殖场,2025-10-12 10:37:00,8.37,10.2,9.212,8.366849999999998
天津市滨海新区志敏养殖场,2025-10-12 15:52:00,10.14,8.37,8.75,8.7965
天津市滨海新区志敏养殖场,2025-10-12 21:25:00,10.17,10.14,10.184,10.106450000000002
天津市滨海新区志敏养殖场,2025-10-13 00:13:00,9.39,10.17,10.422,9.767600000000002
天津市滨海新区志敏养殖场,2025-10-13 05:57:00,10.31,9.39,9.392,9.1144
天津市滨海新区志敏养殖场,2025-10-13 10:14:00,9.34,10.31,9.175999999999998,9.05140000000001
天津市滨海新区志敏养殖场,2025-10-13 15:47:00,9.25,9.34,9.848,9.23915
天津市滨海新区志敏养殖场,2025-10-13 21:00:00,10.96,9.25,10.796000000000001,10.274550000000003
天津市滨海新区志敏养殖场,2025-10-14 00:03:00,10.86,10.96,9.472,10.194700000000012
天津市滨海新区志敏养殖场,2025-10-14 05:41:00,9.58,10.86,9.226,9.466849999999999
天津市滨海新区志敏养殖场,2025-10-14 10:25:00,8.74,9.58,9.526,9.3238
天津市滨海新区志敏养殖场,2025-10-14 15:31:00,10.01,8.74,9.714,9.405700000000007
天津市滨海新区志敏养殖场,2025-10-14 21:08:00,9.96,10.01,10.568,10.214400000000005
天津市滨海新区志敏养殖场,2025-10-15 00:09:00,10.28,9.96,10.473999999999998,10.348400000000009
天津市滨海新区志敏养殖场,2025-10-15 05:56:00,9.46,10.28,9.512,9.1469
天津市滨海新区志敏养殖场,2025-10-15 10:06:00,8.92,9.46,9.458000000000002,9.156600000000005
天津市滨海新区志敏养殖场,2025-10-15 15:51:00,8.77,8.92,9.76,8.652099999999994
天津市滨海新区志敏养殖场,2025-10-15 21:28:00,9.64,8.77,10.628,10.036100000000003
天津市滨海新区志敏养殖场,2025-10-16 00:10:00,10.18,9.64,10.324000000000002,10.134899999999996
天津市滨海新区志敏养殖场,2025-10-16 05:41:00,9.59,10.18,7.856,9.288750000000002
天津市滨海新区志敏养殖场,2025-10-16 10:25:00,9.42,9.59,9.190000000000001,9.140999999999996
天津市滨海新区志敏养殖场,2025-10-16 15:40:00,8.69,9.42,9.778,9.3063
天津市滨海新区志敏养殖场,2025-10-16 21:09:00,9.62,8.69,10.25,9.9575
天津市滨海新区志敏养殖场,2025-10-17 00:17:00,9.9,9.62,11.111999999999998,9.800450000000007
天津市滨海新区志敏养殖场,2025-10-17 05:33:00,9.65,9.9,9.734,9.503350000000006
天津市滨海新区志敏养殖场,2025-10-17 10:22:00,8.97,9.65,9.430000000000001,9.262700000000002
天津市滨海新区志敏养殖场,2025-10-17 15:22:00,8.7,8.97,9.053999999999998,9.383150000000002
天津市滨海新区志敏养殖场,2025-10-17 21:10:00,9.92,8.7,9.608,9.974100000000005
天津市滨海新区志敏养殖场,2025-10-18 00:24:00,10.0,9.92,10.190000000000001,10.097950000000006
天津市滨海新区志敏养殖场,2025-10-18 05:59:00,10.04,10.0,9.046000000000001,9.750600000000013
天津市滨海新区志敏养殖场,2025-10-18 10:19:00,8.04,10.04,9.012,9.305299999999999
天津市滨海新区志敏养殖场,2025-10-18 15:40:00,9.46,8.04,10.026,9.131949999999998
天津市滨海新区志敏养殖场,2025-10-18 21:14:00,11.45,9.46,10.046000000000001,9.160599999999999
天津市滨海新区志敏养殖场,2025-10-19 00:10:00,10.79,11.45,10.356,9.912550000000005
天津市滨海新区志敏养殖场,2025-10-19 05:55:00,10.36,10.79,9.846,9.17990000000001
天津市滨海新区志敏养殖场,2025-10-19 10:33:00,9.19,10.36,9.504000000000001,8.912849999999997
天津市滨海新区志敏养殖场,2025-10-19 15:36:00,8.91,9.19,9.554,9.129249999999987
天津市滨海新区志敏养殖场,2025-10-19 21:00:00,10.2,8.91,10.535999999999998,10.025249999999996
天津市滨海新区志敏养殖场,2025-10-20 00:27:00,10.85,10.2,10.581999999999999,10.359700000000005
天津市滨海新区志敏养殖场,2025-10-20 05:48:00,8.96,10.85,9.63,9.486050000000004
天津市滨海新区志敏养殖场,2025-10-20 10:21:00,8.79,8.96,9.573999999999998,7.941649999999994
天津市滨海新区志敏养殖场,2025-10-20 15:54:00,8.79,8.79,9.978,9.328100000000001
天津市滨海新区志敏养殖场,2025-10-20 21:21:00,9.82,8.79,9.959999999999999,9.878100000000005
天津市滨海新区志敏养殖场,2025-10-21 00:02:00,10.91,9.82,10.23,9.959600000000005
天津市滨海新区志敏养殖场,2025-10-21 05:57:00,9.94,10.91,9.496,9.472000000000008
天津市滨海新区志敏养殖场,2025-10-21 10:15:00,9.57,9.94,9.026,8.8714
天津市滨海新区志敏养殖场,2025-10-21 15:32:00,9.53,9.57,9.175999999999998,9.37825
天津市滨海新区志敏养殖场,2025-10-21 21:00:00,10.46,9.53,10.258,9.826400000000003
天津市滨海新区志敏养殖场,2025-10-22 00:34:00,10.06,10.46,10.474,10.108300000000005
天津市滨海新区志敏养殖场,2025-10-22 05:59:00,9.31,10.06,9.164,9.267800000000005
天津市滨海新区志敏养殖场,2025-10-22 10:24:00,9.11,9.31,9.098,8.796099999999997
天津市滨海新区志敏养殖场,2025-10-22 15:30:00,8.84,9.11,10.068,8.986650000000008
天津市滨海新区志敏养殖场,2025-10-22 21:04:00,9.87,8.84,10.552000000000001,10.147200000000003
天津市滨海新区志敏养殖场,2025-10-23 00:15:00,10.38,9.87,10.552000000000001,10.197600000000005
天津市滨海新区志敏养殖场,2025-10-23 05:38:00,10.5,10.38,9.78,9.717549999999997
天津市滨海新区志敏养殖场,2025-10-23 10:06:00,8.92,10.5,9.594,9.246900000000005
天津市滨海新区志敏养殖场,2025-10-23 15:49:00,9.64,8.92,10.107999999999999,9.453350000000006
天津市滨海新区志敏养殖场,2025-10-23 21:25:00,9.9,9.64,9.532,10.198150000000009
天津市滨海新区志敏养殖场,2025-10-24 00:30:00,9.53,9.9,10.006,10.3672
天津市滨海新区志敏养殖场,2025-10-24 05:56:00,9.82,9.53,9.063999999999998,9.669050000000004
天津市滨海新区志敏养殖场,2025-10-24 10:33:00,8.91,9.82,9.238,9.434600000000012
天津市滨海新区志敏养殖场,2025-10-24 15:23:00,8.78,8.91,9.622,9.332400000000003
天津市滨海新区志敏养殖场,2025-10-24 21:14:00,9.44,8.78,10.568000000000001,9.748199999999995
天津市滨海新区志敏养殖场,2025-10-25 00:12:00,9.74,9.44,10.113999999999999,9.056449999999998
天津市滨海新区志敏养殖场,2025-10-25 05:43:00,8.96,9.74,9.392,9.453900000000003
天津市滨海新区志敏养殖场,2025-10-25 10:21:00,8.53,8.96,8.937999999999999,9.117000000000003
天津市滨海新区志敏养殖场,2025-10-25 15:39:00,8.88,8.53,9.968,9.29285
天津市滨海新区志敏养殖场,2025-10-25 21:17:00,9.77,8.88,9.908,9.89525
天津市滨海新区志敏养殖场,2025-10-26 00:33:00,10.26,9.77,10.354000000000001,10.112350000000008
天津市滨海新区志敏养殖场,2025-10-26 05:59:00,10.27,10.26,9.244,9.586400000000003
天津市滨海新区志敏养殖场,2025-10-26 10:10:00,9.44,10.27,9.47,8.945999999999998
天津市滨海新区志敏养殖场,2025-10-26 15:43:00,9.27,9.44,10.29,9.52455
天津市滨海新区志敏养殖场,2025-10-26 21:25:00,10.55,9.27,10.026,10.08505
天津市滨海新区志敏养殖场,2025-10-27 00:31:00,10.34,10.55,10.296000000000001,10.30765000000001
天津市滨海新区志敏养殖场,2025-10-27 05:59:00,9.74,10.34,10.192,9.530100000000006
天津市滨海新区志敏养殖场,2025-10-27 10:29:00,8.92,9.74,8.85,9.1078
天津市滨海新区志敏养殖场,2025-10-27 15:55:00,9.08,8.92,9.578,8.072450000000003
天津市滨海新区志敏养殖场,2025-10-27 21:13:00,10.58,9.08,10.429999999999998,9.846599999999999
天津市滨海新区志敏养殖场,2025-10-28 00:36:00,10.73,10.58,10.357999999999999,10.2953
天津市滨海新区志敏养殖场,2025-10-28 05:43:00,8.94,10.73,9.331999999999999,9.178050000000006
天津市滨海新区志敏养殖场,2025-10-28 10:37:00,9.33,8.94,9.02,9.1887
天津市滨海新区志敏养殖场,2025-10-28 15:51:00,9.36,9.33,9.95,9.153950000000004
天津市滨海新区志敏养殖场,2025-10-28 21:08:00,11.12,9.36,10.866,10.001300000000008
天津市滨海新区志敏养殖场,2025-10-29 00:11:00,10.76,11.12,10.592,10.395800000000003
天津市滨海新区志敏养殖场,2025-10-29 05:59:00,9.64,10.76,9.64,9.2157
天津市滨海新区志敏养殖场,2025-10-29 10:30:00,8.63,9.64,9.136,9.131099999999998
天津市滨海新区志敏养殖场,2025-10-29 15:40:00,10.02,8.63,9.690000000000001,9.344000000000001
天津市滨海新区志敏养殖场,2025-10-29 21:00:00,10.74,10.02,10.632,10.226600000000001
天津市滨海新区志敏养殖场,2025-10-30 00:18:00,10.64,10.74,10.714,10.289250000000008
天津市滨海新区志敏养殖场,2025-10-30 05:59:00,9.91,10.64,9.524,9.192650000000004
天津市滨海新区志敏养殖场,2025-10-30 10:09:00,9.06,9.91,9.447999999999999,9.283750000000007
天津市滨海新区志敏养殖场,2025-10-30 15:22:00,9.26,9.06,9.754000000000001,8.917799999999996
天津市滨海新区志敏养殖场,2025-10-30 21:17:00,10.63,9.26,10.473999999999998,10.057050000000004
天津市滨海新区志敏养殖场,2025-10-31 00:30:00,9.94,10.63,10.616,10.315650000000014
天津市滨海新区志敏养殖场,2025-10-31 05:44:00,9.36,9.94,10.028,9.440100000000006
天津市滨海新区志敏养殖场,2025-10-31 10:14:00,8.71,9.36,9.134,9.0297
天津市滨海新区志敏养殖场,2025-10-31 15:37:00,9.2,8.71,9.798,9.09735
天津市滨海新区志敏养殖场,2025-10-31 21:10:00,10.8,9.2,10.298,10.083150000000003
天津市滨海新区志敏养殖场,2025-11-06 00:35:00,10.86,10.8,9.950000000000001,10.01255000000001
天津市滨海新区志敏养殖场,2025-11-06 05:38:00,10.75,10.86,9.883999999999999,9.701550000000001
天津市滨海新区志敏养殖场,2025-11-06 10:21:00,10.23,10.75,9.8,9.699800000000005
天津市滨海新区志敏养殖场,2025-11-06 15:37:00,10.17,10.23,9.904,10.008599999999994
天津市滨海新区志敏养殖场,2025-11-06 21:00:00,11.29,10.17,9.926000000000002,10.881999999999994
天津市滨海新区志敏养殖场,2025-11-07 00:04:00,10.89,11.29,10.728,10.904000000000007
天津市滨海新区志敏养殖场,2025-11-07 05:59:00,10.53,10.89,10.236,10.467100000000002
天津市滨海新区志敏养殖场,2025-11-07 10:33:00,9.42,10.53,9.67,9.82915000000001
天津市滨海新区志敏养殖场,2025-11-07 15:23:00,10.19,9.42,10.148,10.262050000000006
天津市滨海新区志敏养殖场,2025-11-07 21:06:00,11.44,10.19,11.152000000000001,11.085200000000002
天津市滨海新区志敏养殖场,2025-11-08 00:08:00,10.29,11.44,11.175999999999998,11.301899999999991
天津市滨海新区志敏养殖场,2025-11-08 05:59:00,10.66,10.29,10.209999999999999,10.192950000000002
天津市滨海新区志敏养殖场,2025-11-08 10:10:00,10.06,10.66,9.818000000000001,9.826450000000008
天津市滨海新区志敏养殖场,2025-11-08 15:22:00,10.57,10.06,10.3,10.2936
天津市滨海新区志敏养殖场,2025-11-08 21:00:00,11.55,10.57,11.208000000000002,11.083749999999988
天津市滨海新区志敏养殖场,2025-11-09 00:12:00,10.81,11.55,11.116,11.122099999999998
天津市滨海新区志敏养殖场,2025-11-09 05:52:00,11.09,10.81,10.13,10.230449999999998
天津市滨海新区志敏养殖场,2025-11-09 10:14:00,10.44,11.09,10.452000000000002,10.17355
天津市滨海新区志敏养殖场,2025-11-09 15:47:00,10.22,10.44,10.654,10.543200000000004
天津市滨海新区志敏养殖场,2025-11-09 21:12:00,11.23,10.22,10.616,10.994649999999995
天津市滨海新区志敏养殖场,2025-11-10 00:06:00,11.29,11.23,10.908000000000001,11.092799999999993
天津市滨海新区志敏养殖场,2025-11-10 05:59:00,9.83,11.29,10.565999999999999,10.485750000000001
天津市滨海新区志敏养殖场,2025-11-10 10:30:00,10.37,9.83,10.97,10.133600000000005
天津市滨海新区志敏养殖场,2025-11-10 15:53:00,10.44,10.37,10.698,10.241050000000005
天津市滨海新区志敏养殖场,2025-11-10 21:11:00,11.19,10.44,11.188,10.935099999999995
天津市滨海新区志敏养殖场,2025-11-11 00:37:00,10.93,11.19,11.072,11.055949999999987
天津市滨海新区志敏养殖场,2025-11-11 05:59:00,10.47,10.93,11.290000000000001,10.384999999999996
天津市滨海新区志敏养殖场,2025-11-11 10:26:00,10.26,10.47,9.466,9.9354
天津市滨海新区志敏养殖场,2025-11-11 15:25:00,9.88,10.26,10.308,10.451950000000009
天津市滨海新区志敏养殖场,2025-11-11 21:08:00,11.72,9.88,10.318000000000001,10.727149999999993
天津市滨海新区志敏养殖场,2025-11-12 00:06:00,11.22,11.72,10.98,10.845299999999991
天津市滨海新区志敏养殖场,2025-11-12 05:46:00,11.02,11.22,10.424,10.545199999999998
天津市滨海新区志敏养殖场,2025-11-12 10:30:00,9.45,11.02,9.57,10.142649999999996
天津市滨海新区志敏养殖场,2025-11-12 15:45:00,10.1,9.45,10.008,9.880600000000003
天津市滨海新区志敏养殖场,2025-11-12 21:21:00,10.83,10.1,11.026,10.956499999999988
天津市滨海新区志敏养殖场,2025-11-13 00:28:00,11.25,10.83,11.19,10.684399999999997
天津市滨海新区志敏养殖场,2025-11-13 05:52:00,10.67,11.25,9.812000000000001,10.32215
天津市滨海新区志敏养殖场,2025-11-13 10:05:00,9.08,10.67,9.959999999999999,9.890850000000006
天津市滨海新区志敏养殖场,2025-11-13 15:51:00,10.89,9.08,10.258,10.0246
天津市滨海新区志敏养殖场,2025-11-13 21:13:00,10.6,10.89,10.584,10.750799999999995
天津市滨海新区志敏养殖场,2025-11-14 00:13:00,11.6,10.6,11.233999999999998,10.768399999999986
天津市滨海新区志敏养殖场,2025-11-14 05:54:00,10.51,11.6,9.782,10.167
天津市滨海新区志敏养殖场,2025-11-14 10:07:00,9.91,10.51,9.616,9.899899999999995
天津市滨海新区志敏养殖场,2025-11-14 15:26:00,10.46,9.91,10.8,10.207299999999993
天津市滨海新区志敏养殖场,2025-11-14 21:23:00,11.23,10.46,10.818000000000001,10.834399999999999
天津市滨海新区志敏养殖场,2025-11-15 00:04:00,11.47,11.23,10.690000000000001,10.640349999999996
天津市滨海新区志敏养殖场,2025-11-15 05:56:00,10.2,11.47,9.728,10.420349999999994
天津市滨海新区志敏养殖场,2025-11-15 10:02:00,9.77,10.2,9.348,9.97435
天津市滨海新区志敏养殖场,2025-11-15 15:38:00,9.91,9.77,10.222,10.248450000000012
天津市滨海新区志敏养殖场,2025-11-15 21:14:00,10.13,9.91,10.842,10.631949999999996
天津市滨海新区志敏养殖场,2025-11-16 00:06:00,12.18,10.13,10.75,10.821499999999997
天津市滨海新区志敏养殖场,2025-11-16 05:35:00,10.69,12.18,10.512,10.526599999999997
天津市滨海新区志敏养殖场,2025-11-16 10:02:00,9.61,10.69,10.044,9.953699999999998
天津市滨海新区志敏养殖场,2025-11-16 15:48:00,10.54,9.61,10.252,10.254849999999998
天津市滨海新区志敏养殖场,2025-11-16 21:14:00,11.23,10.54,10.596,10.78595
天津市滨海新区志敏养殖场,2025-11-17 00:12:00,10.95,11.23,10.681999999999999,10.873149999999995
天津市滨海新区志敏养殖场,2025-11-17 05:38:00,10.44,10.95,9.912,10.45435
天津市滨海新区志敏养殖场,2025-11-17 10:04:00,10.37,10.44,9.495999999999999,9.886800000000003
天津市滨海新区志敏养殖场,2025-11-17 15:48:00,10.65,10.37,10.274,10.43655
天津市滨海新区志敏养殖场,2025-11-17 21:07:00,10.8,10.65,11.168,10.924499999999991
天津市滨海新区志敏养殖场,2025-11-18 00:11:00,10.16,10.8,11.22,10.982499999999993
天津市滨海新区志敏养殖场,2025-11-18 05:35:00,9.78,10.16,9.586,10.241249999999996
天津市滨海新区志敏养殖场,2025-11-18 10:18:00,9.86,9.78,9.558,9.8147
天津市滨海新区志敏养殖场,2025-11-18 15:22:00,9.86,9.86,9.953999999999999,10.195350000000005
天津市滨海新区志敏养殖场,2025-11-18 21:18:00,11.16,9.86,10.374,10.8495
天津市滨海新区志敏养殖场,2025-11-19 00:26:00,10.49,11.16,10.372,10.846849999999996
天津市滨海新区志敏养殖场,2025-11-19 05:59:00,11.47,10.49,10.138,10.043050000000001
天津市滨海新区志敏养殖场,2025-11-19 10:36:00,10.03,11.47,9.815999999999999,10.029450000000008
天津市滨海新区志敏养殖场,2025-11-19 15:23:00,10.7,10.03,10.18,10.100550000000009
天津市滨海新区志敏养殖场,2025-11-19 21:10:00,11.11,10.7,11.014,10.816499999999998
天津市滨海新区志敏养殖场,2025-11-20 00:30:00,10.81,11.11,11.364,11.255349999999991
天津市滨海新区志敏养殖场,2025-11-20 05:35:00,10.01,10.81,10.264,10.417649999999998
天津市滨海新区志敏养殖场,2025-11-20 10:09:00,10.22,10.01,9.693999999999999,9.938049999999999
天津市滨海新区志敏养殖场,2025-11-20 15:36:00,10.65,10.22,10.358,10.27625
天津市滨海新区志敏养殖场,2025-11-20 21:27:00,11.12,10.65,10.562000000000001,10.832999999999997
天津市滨海新区志敏养殖场,2025-11-21 00:09:00,11.88,11.12,10.956,10.832899999999988
天津市滨海新区志敏养殖场,2025-11-21 05:59:00,10.03,11.88,10.322,10.497249999999998
天津市滨海新区志敏养殖场,2025-11-21 10:20:00,9.86,10.03,9.778,9.830749999999998
天津市滨海新区志敏养殖场,2025-11-21 15:24:00,9.84,9.86,10.428,9.893650000000004
天津市滨海新区志敏养殖场,2025-11-21 21:13:00,10.79,9.84,10.636,10.733049999999993
天津市滨海新区志敏养殖场,2025-11-22 00:33:00,11.88,10.79,11.041999999999998,10.688099999999986
天津市滨海新区志敏养殖场,2025-11-22 05:59:00,10.38,11.88,10.152,11.279750000000018
天津市滨海新区志敏养殖场,2025-11-22 10:09:00,9.78,10.38,9.850000000000001,9.843550000000011
天津市滨海新区志敏养殖场,2025-11-22 15:54:00,10.4,9.78,10.228,9.971800000000002
天津市滨海新区志敏养殖场,2025-11-22 21:24:00,11.93,10.4,10.053999999999998,10.640250000000007
天津市滨海新区志敏养殖场,2025-11-23 00:31:00,11.62,11.93,10.867999999999999,10.790349999999984
天津市滨海新区志敏养殖场,2025-11-23 05:43:00,10.77,11.62,10.28,10.587899999999998
天津市滨海新区志敏养殖场,2025-11-23 10:27:00,10.21,10.77,9.414,9.778450000000007
天津市滨海新区志敏养殖场,2025-11-23 15:30:00,10.38,10.21,10.408,10.423549999999999
天津市滨海新区志敏养殖场,2025-11-23 21:10:00,10.71,10.38,10.4,10.830999999999994
天津市滨海新区志敏养殖场,2025-11-24 00:19:00,11.09,10.71,10.748,11.057799999999997
天津市滨海新区志敏养殖场,2025-11-24 05:33:00,10.85,11.09,10.402000000000001,11.267100000000013
天津市滨海新区志敏养殖场,2025-11-24 10:14:00,9.67,10.85,10.098000000000003,10.266249999999996
天津市滨海新区志敏养殖场,2025-11-24 15:44:00,9.74,9.67,10.748000000000001,9.993349999999998
天津市滨海新区志敏养殖场,2025-11-24 21:03:00,11.68,9.74,10.744,10.691199999999995
天津市滨海新区志敏养殖场,2025-11-25 00:26:00,10.85,11.68,10.95,10.779649999999995
天津市滨海新区志敏养殖场,2025-11-25 05:58:00,10.38,10.85,10.342,10.586999999999996
天津市滨海新区志敏养殖场,2025-11-25 10:33:00,10.03,10.38,10.022,9.888350000000006
天津市滨海新区志敏养殖场,2025-11-25 15:57:00,10.12,10.03,10.154,10.469450000000002
天津市滨海新区志敏养殖场,2025-11-25 21:09:00,11.13,10.12,10.946000000000002,10.728499999999991
天津市滨海新区志敏养殖场,2025-12-15 13:38:00,10.0,11.13,11.394,10.876999999999992
天津市滨海新区志敏养殖场,2025-12-15 17:38:00,10.3,10.0,10.575999999999999,10.517900000000003
天津市滨海新区志敏养殖场,2025-12-16 01:39:00,10.9,10.3,10.913999999999998,10.5415
天津市滨海新区志敏养殖场,2025-12-16 05:40:00,10.5,10.9,10.422,10.520850000000003
天津市滨海新区志敏养殖场,2025-12-16 09:40:00,10.2,10.5,9.984,10.40100000000001
天津市滨海新区志敏养殖场,2025-12-16 17:40:00,11.4,10.2,10.086000000000002,10.470500000000001
天津市滨海新区志敏养殖场,2025-12-16 21:40:00,10.5,11.4,11.124,11.283149999999992
天津市滨海新区志敏养殖场,2025-12-17 01:41:00,10.5,10.5,11.01,11.105049999999991
天津市滨海新区志敏养殖场,2025-12-17 05:41:00,9.5,10.5,10.324,11.563250000000005
天津市滨海新区志敏养殖场,2025-12-17 09:41:00,10.1,9.5,10.428,10.841399999999998
天津市滨海新区志敏养殖场,2025-12-17 13:41:00,9.6,10.1,10.504,10.7847
天津市滨海新区志敏养殖场,2025-12-17 17:41:00,9.7,9.6,10.540000000000001,10.42695
天津市滨海新区志敏养殖场,2025-12-17 21:42:00,10.2,9.7,10.618,10.28665
天津市滨海新区志敏养殖场,2025-12-18 01:42:00,10.2,10.2,10.378,10.641349999999989
天津市滨海新区志敏养殖场,2025-12-18 05:42:00,10.0,10.2,10.864,10.342500000000006
天津市滨海新区志敏养殖场,2025-12-18 09:42:00,10.1,10.0,10.913999999999998,10.222949999999999
天津市滨海新区志敏养殖场,2025-12-18 13:42:00,10.1,10.1,10.89,10.625049999999995
天津市滨海新区志敏养殖场,2025-12-18 21:43:00,10.1,10.1,10.866,10.446799999999996
天津市滨海新区志敏养殖场,2025-12-19 01:43:00,10.1,10.1,11.092,10.576400000000001
天津市滨海新区志敏养殖场,2025-12-19 05:43:00,10.0,10.1,10.428,10.247800000000007
天津市滨海新区志敏养殖场,2025-12-19 09:43:00,9.9,10.0,10.696,10.214949999999998
天津市滨海新区志敏养殖场,2025-12-19 13:44:00,12.2,9.9,11.802,10.668599999999994
天津市滨海新区志敏养殖场,2025-12-19 17:44:00,11.8,12.2,10.964000000000002,11.019050000000016
天津市滨海新区志敏养殖场,2025-12-20 01:44:00,11.7,11.8,10.572,11.189599999999992
天津市滨海新区志敏养殖场,2025-12-20 05:44:00,10.3,11.7,9.754,11.031000000000008
天津市滨海新区志敏养殖场,2025-12-20 21:45:00,9.6,10.3,10.21,10.94995
天津市滨海新区志敏养殖场,2025-12-21 01:46:00,9.6,9.6,10.314,10.2844
天津市滨海新区志敏养殖场,2025-12-21 05:46:00,9.8,9.6,9.768,10.314700000000002
天津市滨海新区志敏养殖场,2025-12-21 09:46:00,9.6,9.8,9.77,10.415250000000004
天津市滨海新区志敏养殖场,2025-12-21 13:46:00,9.5,9.6,9.906,9.9632
天津市滨海新区志敏养殖场,2025-12-21 17:46:00,9.8,9.5,10.267999999999999,10.000450000000003
天津市滨海新区志敏养殖场,2025-12-21 21:47:00,11.0,9.8,10.447999999999999,10.284700000000003
天津市滨海新区志敏养殖场,2025-12-22 01:47:00,11.0,11.0,10.858,10.956699999999996
天津市滨海新区志敏养殖场,2025-12-22 05:47:00,10.7,11.0,10.732,10.838100000000006
天津市滨海新区志敏养殖场,2025-12-22 09:47:00,10.9,10.7,10.822,10.96625000000001
天津市滨海新区志敏养殖场,2025-12-22 13:47:00,11.0,10.9,10.7,11.009200000000005
天津市滨海新区志敏养殖场,2025-12-22 17:48:00,11.0,11.0,10.672,11.008999999999999
天津市滨海新区志敏养殖场,2025-12-22 21:48:00,10.6,11.0,10.496,11.294449999999989
天津市滨海新区志敏养殖场,2025-12-23 01:48:00,10.6,10.6,10.597999999999999,11.200199999999993
天津市滨海新区志敏养殖场,2025-12-23 05:48:00,10.5,10.6,10.776,10.995050000000006
天津市滨海新区志敏养殖场,2025-12-23 09:48:00,10.5,10.5,10.268,10.892050000000001
天津市滨海新区志敏养殖场,2025-12-23 13:49:00,10.6,10.5,10.158,10.826000000000006
天津市滨海新区志敏养殖场,2025-12-23 21:49:00,10.4,10.6,11.398,11.146000000000006
天津市滨海新区志敏养殖场,2025-12-24 01:49:00,10.4,10.4,11.512000000000002,11.039449999999999
天津市滨海新区志敏养殖场,2025-12-24 05:50:00,10.5,10.4,10.334,10.827100000000005
天津市滨海新区志敏养殖场,2025-12-24 09:50:00,10.6,10.5,10.412,10.858000000000006
天津市滨海新区志敏养殖场,2025-12-24 13:50:00,10.7,10.6,10.046,10.84815000000001
天津市滨海新区志敏养殖场,2025-12-24 17:50:00,10.2,10.7,10.698,11.101050000000003
天津市滨海新区志敏养殖场,2025-12-25 01:51:00,10.3,10.2,10.968,10.8687
天津市滨海新区志敏养殖场,2025-12-25 09:51:00,10.5,10.3,10.400000000000002,10.572400000000007
天津市滨海新区志敏养殖场,2025-12-25 13:52:00,12.0,10.5,9.726,10.695150000000012
天津市滨海新区志敏养殖场,2025-12-25 17:52:00,11.9,12.0,10.278,11.30535000000001
天津市滨海新区志敏养殖场,2025-12-26 01:52:00,10.4,11.9,10.866,11.600649999999995
天津市滨海新区志敏养殖场,2025-12-26 05:53:00,10.8,10.4,10.51,11.016050000000002
天津市滨海新区志敏养殖场,2025-12-26 13:53:00,11.8,10.8,9.794,11.14075000000001
天津市滨海新区志敏养殖场,2025-12-26 17:53:00,10.6,11.8,9.96,11.31265000000001
天津市滨海新区志敏养殖场,2025-12-26 21:54:00,11.9,10.6,11.041999999999998,11.396349999999993
天津市滨海新区志敏养殖场,2025-12-27 01:54:00,11.9,11.9,11.812000000000001,11.629399999999992
天津市滨海新区志敏养殖场,2025-12-27 05:54:00,11.2,11.9,11.033999999999999,11.638750000000005
天津市滨海新区志敏养殖场,2025-12-27 09:54:00,11.4,11.2,10.113999999999999,11.0362
天津市滨海新区志敏养殖场,2025-12-27 13:54:00,11.6,11.4,10.086,11.217800000000002
天津市滨海新区志敏养殖场,2025-12-27 17:55:00,11.6,11.6,10.754,11.438300000000003
天津市滨海新区志敏养殖场,2025-12-27 21:55:00,11.0,11.6,10.838,11.484950000000003
天津市滨海新区志敏养殖场,2025-12-28 01:55:00,11.0,11.0,10.754,11.460550000000003
天津市滨海新区志敏养殖场,2025-12-28 05:55:00,11.7,11.0,10.368,11.338400000000002
天津市滨海新区志敏养殖场,2025-12-28 09:55:00,11.6,11.7,10.129999999999999,11.193500000000002
天津市滨海新区志敏养殖场,2025-12-28 17:56:00,11.7,11.6,10.672,11.212550000000004
天津市滨海新区志敏养殖场,2025-12-28 21:56:00,11.4,11.7,11.376,11.601749999999997
天津市滨海新区志敏养殖场,2025-12-29 01:56:00,11.4,11.4,10.916,11.470899999999988
天津市滨海新区志敏养殖场,2025-12-29 05:57:00,11.7,11.4,10.843999999999998,11.484100000000002
天津市滨海新区志敏养殖场,2025-12-29 09:57:00,11.6,11.7,10.45,11.410049999999998
天津市滨海新区志敏养殖场,2025-12-29 13:57:00,11.8,11.6,10.858,11.220400000000005
天津市滨海新区志敏养殖场,2025-12-29 17:57:00,11.9,11.8,11.501999999999999,11.502050000000004
天津市滨海新区志敏养殖场,2025-12-29 21:57:00,11.7,11.9,11.502,11.540849999999988
天津市滨海新区志敏养殖场,2025-12-30 05:58:00,11.6,11.7,11.197999999999999,11.690400000000002
天津市滨海新区志敏养殖场,2025-12-30 09:58:00,11.7,11.6,11.19,11.463750000000005
天津市滨海新区志敏养殖场,2025-12-30 13:58:00,12.1,11.7,12.42,11.329700000000004
天津市滨海新区志敏养殖场,2025-12-30 21:59:00,12.2,12.1,11.338000000000003,11.600900000000001
天津市滨海新区志敏养殖场,2025-12-31 01:59:00,12.2,12.2,11.458,11.633499999999987
天津市滨海新区志敏养殖场,2025-12-31 05:59:00,12.0,12.2,10.884,11.699500000000008
天津市滨海新区志敏养殖场,2025-12-31 09:59:00,12.1,12.0,10.329999999999998,11.167200000000001
天津市滨海新区志敏养殖场,2025-12-31 13:59:00,12.5,12.1,11.760000000000002,11.249400000000012
天津市滨海新区志敏养殖场,2025-12-31 18:00:00,12.9,12.5,11.902000000000001,11.538599999999995
天津市滨海新区志敏养殖场,2026-01-08 22:10:00,13.7,12.9,11.558,12.139700000000005
天津市滨海新区志敏养殖场,2026-01-09 10:10:00,13.7,13.7,12.059999999999999,12.445599999999999
天津市滨海新区志敏养殖场,2026-01-09 14:11:00,13.8,13.7,11.174000000000001,11.648200000000006
天津市滨海新区志敏养殖场,2026-01-09 18:11:00,13.8,13.8,11.470000000000002,12.175800000000006
天津市滨海新区志敏养殖场,2026-01-09 22:11:00,13.8,13.8,11.55,12.257150000000001
天津市滨海新区志敏养殖场,2026-01-10 02:12:00,13.6,13.8,11.957999999999998,12.263349999999997
天津市滨海新区志敏养殖场,2026-01-10 06:12:00,13.5,13.6,11.697999999999999,11.871000000000011
天津市滨海新区志敏养殖场,2026-01-10 10:12:00,13.6,13.5,11.044,11.1818
天津市滨海新区志敏养殖场,2026-01-10 14:13:00,13.9,13.6,11.462,11.463450000000002
天津市滨海新区志敏养殖场,2026-01-10 18:13:00,13.8,13.9,12.488000000000001,12.000750000000004
天津市滨海新区志敏养殖场,2026-01-10 22:13:00,13.5,13.8,11.530000000000001,12.312700000000005
天津市滨海新区志敏养殖场,2026-01-11 02:13:00,13.3,13.5,11.655999999999999,12.438100000000004
天津市滨海新区志敏养殖场,2026-01-11 06:14:00,13.1,13.3,11.572,11.821050000000008
天津市滨海新区志敏养殖场,2026-01-11 10:14:00,13.2,13.1,10.982,11.210999999999991
天津市滨海新区志敏养殖场,2026-01-11 14:14:00,13.6,13.2,10.72,11.4734
天津市滨海新区志敏养殖场,2026-01-11 18:15:00,13.9,13.6,12.198000000000002,11.937649999999993
天津市滨海新区志敏养殖场,2026-01-12 02:15:00,13.4,13.9,12.044,12.265850000000007
天津市滨海新区志敏养殖场,2026-01-12 06:15:00,13.4,13.4,11.214,11.72010000000001
天津市滨海新区志敏养殖场,2026-01-12 14:16:00,13.8,13.4,11.398,11.628600000000006
天津市滨海新区志敏养殖场,2026-01-12 18:16:00,14.3,13.8,11.526000000000002,12.217900000000004
天津市滨海新区志敏养殖场,2026-01-13 02:16:00,13.9,14.3,11.562000000000001,15.233599999999985
天津市滨海新区志敏养殖场,2026-01-13 06:17:00,14.0,13.9,11.01,11.878850000000009
天津市滨海新区志敏养殖场,2026-01-13 10:17:00,13.9,14.0,11.430000000000001,11.2368
天津市滨海新区志敏养殖场,2026-01-13 14:17:00,14.0,13.9,11.184,11.534750000000004
天津市滨海新区志敏养殖场,2026-01-13 18:17:00,14.4,14.0,11.624,11.940800000000001
天津市滨海新区志敏养殖场,2026-01-13 22:18:00,14.3,14.4,10.906,16.41924999999999
天津市滨海新区志敏养殖场,2026-01-14 02:18:00,14.2,14.3,11.52,15.854299999999993
天津市滨海新区志敏养殖场,2026-01-14 06:18:00,14.1,14.2,11.518,13.184700000000003
天津市滨海新区志敏养殖场,2026-01-14 10:19:00,14.1,14.1,11.044,11.897550000000006
天津市滨海新区志敏养殖场,2026-01-14 14:19:00,14.7,14.1,11.14,11.9313
天津市滨海新区志敏养殖场,2026-01-14 18:19:00,15.0,14.7,12.367999999999999,15.975699999999975
天津市滨海新区志敏养殖场,2026-01-14 22:19:00,14.2,15.0,11.400000000000002,16.933499999999977
天津市滨海新区志敏养殖场,2026-01-15 06:20:00,13.8,14.2,11.19,13.707350000000003
天津市滨海新区志敏养殖场,2026-01-15 18:20:00,15.5,13.8,10.796000000000001,11.3234
天津市滨海新区志敏养殖场,2026-01-15 22:20:00,14.8,15.5,11.552,16.828249999999986
天津市滨海新区志敏养殖场,2026-01-16 02:21:00,14.9,14.8,11.436,16.820849999999986
天津市滨海新区志敏养殖场,2026-01-16 06:21:00,14.3,14.9,11.568000000000001,16.69904999999997
天津市滨海新区志敏养殖场,2026-01-16 10:21:00,14.0,14.3,11.516,15.189649999999995
天津市滨海新区志敏养殖场,2026-01-16 14:21:00,14.4,14.0,10.766000000000002,11.659200000000007
天津市滨海新区志敏养殖场,2026-01-16 18:21:00,14.4,14.4,12.344,16.30709999999999
天津市滨海新区志敏养殖场,2026-01-16 22:22:00,14.2,14.4,12.01,16.60569999999999
天津市滨海新区志敏养殖场,2026-01-17 06:22:00,13.9,14.2,11.592,13.805299999999999
天津市滨海新区志敏养殖场,2026-01-17 10:22:00,13.6,13.9,11.19,11.672150000000011
天津市滨海新区志敏养殖场,2026-01-17 14:22:00,14.0,13.6,11.562000000000001,11.734450000000004
天津市滨海新区志敏养殖场,2026-01-17 18:22:00,14.0,14.0,10.797999999999998,12.220249999999998
天津市滨海新区志敏养殖场,2026-01-17 22:23:00,13.5,14.0,11.946000000000002,12.28215
天津市滨海新区志敏养殖场,2026-01-18 02:23:00,13.1,13.5,11.914,12.23405000000001
天津市滨海新区志敏养殖场,2026-01-18 06:23:00,12.8,13.1,11.389999999999999,11.82140000000001
天津市滨海新区志敏养殖场,2026-01-18 10:23:00,12.6,12.8,11.454,11.142399999999999
天津市滨海新区志敏养殖场,2026-01-18 14:23:00,13.0,12.6,11.06,11.500749999999998
天津市滨海新区志敏养殖场,2026-01-18 18:24:00,12.9,13.0,11.916,11.8926
天津市滨海新区志敏养殖场,2026-01-18 22:24:00,12.4,12.9,11.739999999999998,12.224449999999996
天津市滨海新区志敏养殖场,2026-01-19 02:24:00,12.0,12.4,11.693999999999999,12.23765
天津市滨海新区志敏养殖场,2026-01-19 06:24:00,11.7,12.0,11.484,11.566650000000008
天津市滨海新区志敏养殖场,2026-01-19 10:25:00,11.6,11.7,11.425999999999998,11.164950000000006
天津市滨海新区志敏养殖场,2026-01-19 14:25:00,11.7,11.6,11.180000000000001,11.3137
天津市滨海新区志敏养殖场,2026-01-19 18:25:00,11.3,11.7,11.806000000000001,11.919999999999998
天津市滨海新区志敏养殖场,2026-01-19 22:25:00,14.0,11.3,11.068000000000001,12.029350000000008
天津市滨海新区志敏养殖场,2026-01-20 02:25:00,12.9,14.0,11.366,12.3076
天津市滨海新区志敏养殖场,2026-01-20 06:26:00,12.3,12.9,11.569999999999999,11.30935
天津市滨海新区志敏养殖场,2026-01-20 10:26:00,11.8,12.3,10.707999999999998,10.966649999999998
天津市滨海新区志敏养殖场,2026-01-20 14:26:00,11.4,11.8,11.492,11.361749999999994
天津市滨海新区志敏养殖场,2026-01-20 18:26:00,11.3,11.4,11.963999999999999,11.838049999999996
天津市滨海新区志敏养殖场,2026-01-20 22:26:00,10.8,11.3,11.424000000000001,12.19575
天津市滨海新区志敏养殖场,2026-01-21 02:27:00,10.6,10.8,12.185999999999998,12.235749999999998
天津市滨海新区志敏养殖场,2026-01-21 06:27:00,10.3,10.6,11.248,11.50725
天津市滨海新区志敏养殖场,2026-01-21 10:27:00,10.2,10.3,10.852,11.143900000000004
天津市滨海新区志敏养殖场,2026-01-21 14:27:00,10.3,10.2,11.61,11.086199999999996
天津市滨海新区志敏养殖场,2026-01-21 18:28:00,10.4,10.3,11.378,12.049699999999994
天津市滨海新区志敏养殖场,2026-01-21 22:28:00,10.3,10.4,11.464,11.911000000000001
天津市滨海新区志敏养殖场,2026-01-22 02:28:00,10.0,10.3,11.448,11.860449999999998
天津市滨海新区志敏养殖场,2026-01-22 06:28:00,9.9,10.0,10.835999999999999,10.923200000000001
天津市滨海新区志敏养殖场,2026-01-22 10:29:00,10.1,9.9,11.204,10.895999999999994
天津市滨海新区志敏养殖场,2026-01-22 14:29:00,10.1,10.1,11.426,10.879799999999994
天津市滨海新区志敏养殖场,2026-01-22 18:29:00,8.9,10.1,12.178,11.797649999999994
天津市滨海新区志敏养殖场,2026-01-22 22:30:00,9.4,8.9,11.194,11.236249999999991
天津市滨海新区志敏养殖场,2026-01-23 02:30:00,9.5,9.4,10.804,11.266400000000003
天津市滨海新区志敏养殖场,2026-01-23 10:30:00,9.3,9.5,11.112,10.299100000000005
天津市滨海新区志敏养殖场,2026-01-23 14:30:00,9.0,9.3,11.412,10.313099999999993
天津市滨海新区志敏养殖场,2026-01-23 18:31:00,9.3,9.0,11.352,11.089949999999993
天津市滨海新区志敏养殖场,2026-01-23 22:31:00,8.7,9.3,11.973999999999998,11.688649999999996
天津市滨海新区志敏养殖场,2026-01-24 02:31:00,9.0,8.7,11.53,11.085399999999995
天津市滨海新区志敏养殖场,2026-01-24 06:31:00,9.1,9.0,11.273999999999997,10.089499999999997
天津市滨海新区志敏养殖场,2026-01-24 10:32:00,9.1,9.1,10.856,10.380249999999997
天津市滨海新区志敏养殖场,2026-01-24 14:32:00,8.9,9.1,11.132,10.164099999999998
天津市滨海新区志敏养殖场,2026-02-11 11:56:00,11.7,8.9,11.398,11.581399999999999
天津市滨海新区志敏养殖场,2026-02-11 15:56:00,11.8,11.7,11.252,10.964050000000002
天津市滨海新区志敏养殖场,2026-02-11 19:56:00,11.8,11.8,10.91,11.595550000000003
天津市滨海新区志敏养殖场,2026-02-11 23:56:00,11.7,11.8,11.0,11.546500000000004
天津市滨海新区志敏养殖场,2026-02-12 03:56:00,11.5,11.7,11.872,11.749150000000004
天津市滨海新区志敏养殖场,2026-03-10 00:05:00,11.4,11.5,11.162,11.180850000000003
天津市滨海新区志敏养殖场,2026-03-10 05:59:00,10.68,11.4,10.888,10.85935
天津市滨海新区志敏养殖场,2026-03-10 10:35:00,9.97,10.68,10.870000000000001,10.632950000000001
天津市滨海新区志敏养殖场,2026-03-10 15:31:00,10.62,9.97,10.860000000000001,10.783399999999995
天津市滨海新区志敏养殖场,2026-03-10 21:08:00,10.65,10.62,11.303999999999998,11.385250000000003
天津市滨海新区志敏养殖场,2026-03-11 00:33:00,11.7,10.65,11.224,11.254699999999989
天津市滨海新区志敏养殖场,2026-03-11 05:44:00,10.19,11.7,10.73,10.455649999999993
天津市滨海新区志敏养殖场,2026-03-11 10:26:00,10.63,10.19,10.346,10.018850000000008
天津市滨海新区志敏养殖场,2026-03-11 15:50:00,10.38,10.63,10.482000000000001,10.3045
天津市滨海新区志敏养殖场,2026-03-11 21:25:00,10.96,10.38,10.617999999999999,11.106
天津市滨海新区志敏养殖场,2026-03-12 00:23:00,11.61,10.96,11.758000000000001,11.022099999999998
天津市滨海新区志敏养殖场,2026-03-12 05:52:00,11.46,11.61,10.894,10.658499999999997
天津市滨海新区志敏养殖场,2026-03-12 10:37:00,10.45,11.46,9.898,10.157900000000003
天津市滨海新区志敏养殖场,2026-03-12 15:28:00,10.44,10.45,10.602,10.261499999999995
天津市滨海新区志敏养殖场,2026-03-12 21:25:00,11.29,10.44,11.31,11.227149999999995
天津市滨海新区志敏养殖场,2026-03-13 00:12:00,11.42,11.29,11.608,11.41219999999999
天津市滨海新区志敏养殖场,2026-03-13 05:36:00,11.55,11.42,10.718,10.622150000000001
天津市滨海新区志敏养殖场,2026-03-13 10:06:00,10.18,11.55,11.268,10.419949999999998
天津市滨海新区志敏养殖场,2026-03-13 15:34:00,10.92,10.18,10.114,10.356200000000003
天津市滨海新区志敏养殖场,2026-03-13 21:19:00,10.75,10.92,11.488,11.275000000000004
天津市滨海新区志敏养殖场,2026-03-14 00:38:00,10.65,10.75,11.612,11.449699999999993
天津市滨海新区志敏养殖场,2026-03-14 05:59:00,10.98,10.65,11.022,10.50255
天津市滨海新区志敏养殖场,2026-03-14 10:15:00,9.52,10.98,10.788,10.412199999999999
天津市滨海新区志敏养殖场,2026-03-14 15:25:00,10.56,9.52,10.722,10.180299999999999
天津市滨海新区志敏养殖场,2026-03-14 21:23:00,10.99,10.56,11.656,11.068050000000001
天津市滨海新区志敏养殖场,2026-03-15 00:34:00,11.18,10.99,11.756,11.254749999999994
天津市滨海新区志敏养殖场,2026-03-15 05:57:00,11.04,11.18,10.888000000000002,10.4014
天津市滨海新区志敏养殖场,2026-03-15 10:21:00,10.23,11.04,10.9,9.954500000000005
天津市滨海新区志敏养殖场,2026-03-15 15:51:00,9.48,10.23,10.412,10.180599999999998
天津市滨海新区志敏养殖场,2026-03-15 21:26:00,11.66,9.48,11.059999999999999,11.034399999999998
天津市滨海新区志敏养殖场,2026-03-16 00:15:00,10.97,11.66,11.532,11.169549999999994
天津市滨海新区志敏养殖场,2026-03-16 05:43:00,10.92,10.97,10.872,10.487050000000002
天津市滨海新区志敏养殖场,2026-03-16 10:24:00,11.12,10.92,10.844,10.058000000000003
天津市滨海新区志敏养殖场,2026-03-16 15:32:00,10.04,11.12,10.12,10.372999999999996
天津市滨海新区志敏养殖场,2026-03-16 21:08:00,11.85,10.04,11.766,11.261249999999997
天津市滨海新区志敏养殖场,2026-03-17 00:28:00,11.14,11.85,11.988,11.642000000000001
天津市滨海新区志敏养殖场,2026-03-17 05:40:00,11.56,11.14,11.118,10.417350000000004
天津市滨海新区志敏养殖场,2026-03-17 10:10:00,9.86,11.56,10.538,10.198100000000005
天津市滨海新区志敏养殖场,2026-03-17 15:56:00,10.41,9.86,10.719999999999999,10.312899999999996
天津市滨海新区志敏养殖场,2026-03-17 21:06:00,11.02,10.41,11.742,11.257649999999996
天津市滨海新区志敏养殖场,2026-03-18 00:24:00,11.82,11.02,11.716,11.465049999999996
天津市滨海新区志敏养殖场,2026-03-18 05:43:00,10.56,11.82,10.796,10.443699999999996
天津市滨海新区志敏养殖场,2026-03-18 10:22:00,9.96,10.56,10.402,10.048749999999998
天津市滨海新区志敏养殖场,2026-03-18 15:41:00,10.26,9.96,10.732000000000001,10.254599999999993
天津市滨海新区志敏养殖场,2026-03-18 21:00:00,10.72,10.26,11.528,11.196499999999993
天津市滨海新区志敏养殖场,2026-03-19 00:29:00,11.52,10.72,11.600000000000001,11.286100000000001
天津市滨海新区志敏养殖场,2026-03-19 05:40:00,10.88,11.52,10.626000000000001,10.685300000000007
天津市滨海新区志敏养殖场,2026-03-19 10:37:00,10.07,10.88,10.796,10.06395
天津市滨海新区志敏养殖场,2026-03-19 15:47:00,9.72,10.07,10.580000000000002,10.226599999999996
天津市滨海新区志敏养殖场,2026-03-19 21:27:00,11.3,9.72,11.322,11.077399999999997
天津市滨海新区志敏养殖场,2026-03-20 00:32:00,10.6,11.3,11.636,11.12554999999999
天津市滨海新区志敏养殖场,2026-03-20 05:41:00,10.15,10.6,10.644000000000002,10.483299999999995
天津市滨海新区志敏养殖场,2026-03-20 10:11:00,9.57,10.15,10.08,10.041050000000006
天津市滨海新区志敏养殖场,2026-03-20 15:23:00,10.74,9.57,11.207999999999998,10.233699999999999
天津市滨海新区志敏养殖场,2026-03-20 21:21:00,10.95,10.74,11.347999999999999,11.067350000000003
天津市滨海新区志敏养殖场,2026-03-21 00:26:00,11.85,10.95,11.444,11.23029999999999
天津市滨海新区志敏养殖场,2026-03-21 05:56:00,10.9,11.85,10.742,10.422849999999993
天津市滨海新区志敏养殖场,2026-03-21 10:31:00,10.97,10.9,10.069999999999999,10.118350000000001
天津市滨海新区志敏养殖场,2026-03-21 15:56:00,11.11,10.97,10.844,10.293249999999995
天津市滨海新区志敏养殖场,2026-03-21 21:27:00,10.71,11.11,11.547999999999998,11.341100000000006
天津市滨海新区志敏养殖场,2026-03-22 00:17:00,10.61,10.71,12.032,11.457799999999997
天津市滨海新区志敏养殖场,2026-03-22 05:46:00,10.6,10.61,10.818,10.63895
天津市滨海新区志敏养殖场,2026-03-22 10:25:00,9.19,10.6,10.306000000000001,10.471799999999998
天津市滨海新区志敏养殖场,2026-03-22 15:33:00,10.96,9.19,10.508000000000001,10.210950000000004
天津市滨海新区志敏养殖场,2026-03-22 21:01:00,11.39,10.96,11.818,11.4077
天津市滨海新区志敏养殖场,2026-03-23 00:29:00,11.96,11.39,11.922,11.530549999999995
天津市滨海新区志敏养殖场,2026-03-23 05:32:00,10.58,11.96,10.422,10.50115
天津市滨海新区志敏养殖场,2026-03-23 10:10:00,9.52,10.58,10.28,10.0183
天津市滨海新区志敏养殖场,2026-03-23 15:38:00,10.96,9.52,10.824000000000002,10.363700000000001
天津市滨海新区志敏养殖场,2026-03-23 21:02:00,11.86,10.96,11.618,11.333800000000002
天津市滨海新区志敏养殖场,2026-03-24 00:34:00,11.43,11.86,11.931999999999999,11.537599999999987
天津市滨海新区志敏养殖场,2026-03-24 05:51:00,10.18,11.43,10.634,10.742400000000002
天津市滨海新区志敏养殖场,2026-03-24 10:16:00,11.06,10.18,10.114,9.93775
天津市滨海新区志敏养殖场,2026-03-24 15:38:00,9.74,11.06,11.008,10.545049999999996
天津市滨海新区志敏养殖场,2026-03-24 21:21:00,11.62,9.74,11.15,11.14204999999999
天津市滨海新区志敏养殖场,2026-03-25 00:20:00,11.56,11.62,11.718,11.315599999999987
天津市滨海新区志敏养殖场,2026-03-25 05:58:00,9.71,11.56,10.716,10.773199999999997
天津市滨海新区志敏养殖场,2026-03-25 10:24:00,9.73,9.71,10.238,10.00275
天津市滨海新区志敏养殖场,2026-03-25 15:46:00,9.58,9.73,10.35,10.358100000000002
天津市滨海新区志敏养殖场,2026-03-25 21:08:00,12.33,9.58,11.094,11.1994
天津市滨海新区志敏养殖场,2026-03-26 00:32:00,11.95,12.33,11.133999999999999,11.41494999999999
天津市滨海新区志敏养殖场,2026-03-26 05:59:00,10.44,11.95,10.623999999999999,10.418349999999997
天津市滨海新区志敏养殖场,2026-03-26 10:09:00,10.26,10.44,10.138,9.947449999999996
天津市滨海新区志敏养殖场,2026-03-26 15:40:00,10.67,10.26,10.304,10.508099999999997
天津市滨海新区志敏养殖场,2026-03-26 21:00:00,11.53,10.67,11.32,11.167250000000006
天津市滨海新区志敏养殖场,2026-03-27 00:11:00,11.49,11.53,11.554,11.650999999999987
天津市滨海新区志敏养殖场,2026-03-27 05:51:00,10.25,11.49,10.706,10.644050000000002
天津市滨海新区志敏养殖场,2026-03-27 10:02:00,9.85,10.25,10.306,10.0094
天津市滨海新区志敏养殖场,2026-03-27 15:24:00,10.0,9.85,10.457999999999998,10.30700000000001
天津市滨海新区志敏养殖场,2026-03-27 21:06:00,10.58,10.0,11.862,11.14855
天津市滨海新区志敏养殖场,2026-03-28 00:04:00,11.66,10.58,12.208000000000002,11.34479999999999
天津市滨海新区志敏养殖场,2026-03-28 05:34:00,10.99,11.66,10.962,10.435249999999996
天津市滨海新区志敏养殖场,2026-03-28 10:04:00,9.68,10.99,10.622000000000002,10.173850000000007
天津市滨海新区志敏养殖场,2026-03-28 15:41:00,10.55,9.68,10.331999999999999,10.194699999999996
天津市滨海新区志敏养殖场,2026-03-28 21:10:00,10.73,10.55,12.094,11.2196
天津市滨海新区志敏养殖场,2026-03-29 00:02:00,11.27,10.73,12.134000000000002,11.22759999999999
天津市滨海新区志敏养殖场,2026-03-29 05:55:00,10.65,11.27,10.988,10.614350000000002
天津市滨海新区志敏养殖场,2026-03-29 10:25:00,10.27,10.65,10.274000000000001,10.004950000000001
天津市滨海新区志敏养殖场,2026-03-29 15:25:00,10.5,10.27,11.106,10.281999999999996
天津市滨海新区志敏养殖场,2026-03-29 21:00:00,10.96,10.5,11.282,11.247099999999994
天津市滨海新区志敏养殖场,2026-04-11 00:06:00,11.1,10.96,11.032,11.184149999999986
天津市滨海新区志敏养殖场,2026-04-11 05:57:00,9.28,11.1,10.634,10.145750000000003
天津市滨海新区志敏养殖场,2026-04-11 10:29:00,8.84,9.28,9.558,9.737500000000006
天津市滨海新区志敏养殖场,2026-04-11 15:50:00,9.81,8.84,10.284,9.681449999999995
天津市滨海新区志敏养殖场,2026-04-11 21:09:00,10.46,9.81,10.894,10.560649999999994
天津市滨海新区志敏养殖场,2026-04-12 00:06:00,11.59,10.46,11.402,10.626650000000005
天津市滨海新区志敏养殖场,2026-04-12 05:59:00,9.0,11.59,9.572,10.174750000000008
天津市滨海新区志敏养殖场,2026-04-12 10:15:00,9.4,9.0,9.358,9.2296
天津市滨海新区志敏养殖场,2026-04-12 15:48:00,9.63,9.4,9.55,9.507900000000005
天津市滨海新区志敏养殖场,2026-04-12 21:09:00,10.38,9.63,10.342,10.519299999999994
天津市滨海新区志敏养殖场,2026-04-13 00:19:00,10.84,10.38,10.778,10.587300000000003
天津市滨海新区志敏养殖场,2026-04-13 05:36:00,9.78,10.84,10.45,10.027700000000006
天津市滨海新区志敏养殖场,2026-04-13 10:04:00,9.46,9.78,9.634,9.23625
天津市滨海新区志敏养殖场,2026-04-13 15:24:00,8.89,9.46,10.068000000000001,9.557850000000004
天津市滨海新区志敏养殖场,2026-04-13 21:05:00,10.75,8.89,10.212,10.503650000000002
天津市滨海新区志敏养殖场,2026-04-14 00:23:00,10.8,10.75,10.67,10.337399999999997
天津市滨海新区志敏养殖场,2026-04-14 05:59:00,9.56,10.8,9.946,9.846800000000004
天津市滨海新区志敏养殖场,2026-04-14 10:05:00,8.41,9.56,8.846,9.300000000000006
天津市滨海新区志敏养殖场,2026-04-14 15:51:00,9.95,8.41,10.081999999999999,9.432699999999997
天津市滨海新区志敏养殖场,2026-04-14 21:00:00,10.73,9.95,10.309999999999999,10.332149999999999
天津市滨海新区志敏养殖场,2026-04-15 00:13:00,10.09,10.73,10.538,10.51825
天津市滨海新区志敏养殖场,2026-04-15 05:59:00,10.1,10.09,9.424000000000001,9.56425
天津市滨海新区志敏养殖场,2026-04-15 10:18:00,9.41,10.1,9.818000000000001,9.408999999999999
天津市滨海新区志敏养殖场,2026-04-15 15:50:00,9.08,9.41,10.58,9.701700000000006
天津市滨海新区志敏养殖场,2026-04-15 21:00:00,9.9,9.08,10.378,10.683299999999997
天津市滨海新区志敏养殖场,2026-04-16 00:11:00,10.81,9.9,11.398,10.650649999999995
天津市滨海新区志敏养殖场,2026-04-16 05:53:00,9.06,10.81,9.634,9.756650000000006
天津市滨海新区志敏养殖场,2026-04-16 10:23:00,8.75,9.06,9.776,9.564350000000005
天津市滨海新区志敏养殖场,2026-04-16 15:30:00,9.24,8.75,10.024000000000001,9.581799999999998
天津市滨海新区志敏养殖场,2026-04-16 21:00:00,9.74,9.24,10.708000000000002,10.338350000000002
天津市滨海新区志敏养殖场,2026-04-17 00:36:00,10.79,9.74,10.964,10.538499999999997
天津市滨海新区志敏养殖场,2026-04-17 05:49:00,10.5,10.79,9.708,9.70415000000001
天津市滨海新区志敏养殖场,2026-04-17 10:36:00,9.47,10.5,9.790000000000001,9.344650000000009
天津市滨海新区志敏养殖场,2026-04-17 15:22:00,8.86,9.47,10.326,9.214550000000004
天津市滨海新区志敏养殖场,2026-04-17 21:00:00,10.85,8.86,10.83,10.402000000000008
天津市滨海新区志敏养殖场,2026-04-18 00:37:00,11.58,10.85,11.126000000000001,10.4174
天津市滨海新区志敏养殖场,2026-04-18 05:35:00,9.93,11.58,9.784,9.724850000000002
天津市滨海新区志敏养殖场,2026-04-18 10:10:00,9.74,9.93,10.028,9.478250000000008
天津市滨海新区志敏养殖场,2026-04-18 15:44:00,9.58,9.74,10.142000000000001,9.62550000000001
天津市滨海新区志敏养殖场,2026-04-18 21:13:00,10.16,9.58,10.64,10.443150000000005
天津市滨海新区志敏养殖场,2026-04-19 00:37:00,10.46,10.16,10.986,10.671049999999997
天津市滨海新区志敏养殖场,2026-04-19 05:38:00,8.48,10.46,10.148,9.939450000000004
天津市滨海新区志敏养殖场,2026-04-19 10:32:00,9.38,8.48,9.098,9.234150000000007
天津市滨海新区志敏养殖场,2026-04-19 15:57:00,9.42,9.38,9.142,9.45110000000001
天津市滨海新区志敏养殖场,2026-04-19 21:16:00,10.11,9.42,10.540000000000001,10.371300000000002
天津市滨海新区志敏养殖场,2026-04-20 00:17:00,11.07,10.11,11.196,9.7576
天津市滨海新区志敏养殖场,2026-04-20 05:44:00,11.17,11.07,9.644,9.774049999999999
天津市滨海新区志敏养殖场,2026-04-20 10:14:00,9.4,11.17,9.126,9.370050000000004
天津市滨海新区志敏养殖场,2026-04-20 15:50:00,9.76,9.4,9.754,9.679350000000003
天津市滨海新区志敏养殖场,2026-04-20 21:14:00,10.82,9.76,10.406,10.609899999999998
天津市滨海新区志敏养殖场,2026-04-21 00:11:00,10.31,10.82,10.260000000000002,10.441200000000004
天津市滨海新区志敏养殖场,2026-04-21 05:49:00,10.3,10.31,9.778,9.88225000000001
天津市滨海新区志敏养殖场,2026-04-21 10:05:00,8.79,10.3,9.692,9.587050000000003
天津市滨海新区志敏养殖场,2026-04-21 15:50:00,9.71,8.79,10.848,9.655699999999998
天津市滨海新区志敏养殖场,2026-04-21 21:24:00,10.81,9.71,11.094,10.537449999999996
天津市滨海新区志敏养殖场,2026-04-22 00:05:00,10.55,10.81,10.5,10.600750000000005
天津市滨海新区志敏养殖场,2026-04-22 05:36:00,9.07,10.55,10.28,9.911600000000004
天津市滨海新区志敏养殖场,2026-04-22 10:15:00,9.09,9.07,9.344000000000001,9.53260000000001
天津市滨海新区志敏养殖场,2026-04-22 15:55:00,9.2,9.09,9.844,9.72565
天津市滨海新区志敏养殖场,2026-04-22 21:12:00,10.95,9.2,10.176,10.3442
天津市滨海新区志敏养殖场,2026-04-23 00:11:00,11.1,10.95,10.916,10.6028
天津市滨海新区志敏养殖场,2026-04-23 05:40:00,9.72,11.1,10.116000000000001,10.05535
天津市滨海新区志敏养殖场,2026-04-23 10:11:00,9.65,9.72,10.158,9.470750000000004
天津市滨海新区志敏养殖场,2026-04-23 15:53:00,10.08,9.65,10.03,9.5035
天津市滨海新区志敏养殖场,2026-04-23 21:10:00,10.14,10.08,10.886000000000001,10.462449999999995
天津市滨海新区志敏养殖场,2026-04-24 00:35:00,10.61,10.14,10.888,10.562650000000003
天津市滨海新区志敏养殖场,2026-04-24 05:59:00,10.62,10.61,9.152000000000001,9.727850000000007
天津市滨海新区志敏养殖场,2026-04-24 10:15:00,8.93,10.62,9.592,9.292100000000001
天津市滨海新区志敏养殖场,2026-04-24 15:32:00,9.73,8.93,9.744000000000002,9.59715
天津市滨海新区志敏养殖场,2026-04-24 21:27:00,10.34,9.73,10.557999999999998,10.391649999999995
天津市滨海新区志敏养殖场,2026-04-25 00:35:00,10.9,10.34,10.948000000000002,10.46585
天津市滨海新区志敏养殖场,2026-04-25 05:48:00,9.31,10.9,9.940000000000001,9.765500000000008
天津市滨海新区志敏养殖场,2026-04-25 10:06:00,8.67,9.31,9.276,9.231650000000007
天津市滨海新区志敏养殖场,2026-04-25 15:47:00,9.71,8.67,9.84,9.571199999999994
天津市滨海新区志敏养殖场,2026-04-25 21:15:00,10.34,9.71,10.612,10.382349999999988
天津市滨海新区志敏养殖场,2026-04-26 00:34:00,11.29,10.34,10.412,10.534950000000004
天津市滨海新区志敏养殖场,2026-04-26 05:59:00,10.15,11.29,10.239999999999998,9.757450000000008
天津市滨海新区志敏养殖场,2026-04-26 10:17:00,9.27,10.15,9.318000000000001,9.089049999999997
天津市滨海新区志敏养殖场,2026-04-26 15:55:00,10.26,9.27,10.572,9.658750000000005
天津市滨海新区志敏养殖场,2026-04-26 21:25:00,10.22,10.26,10.968,10.515199999999993
天津市滨海新区志敏养殖场,2026-04-27 00:02:00,9.89,10.22,10.788,10.632399999999997
天津市滨海新区志敏养殖场,2026-04-27 05:59:00,9.24,9.89,10.062,9.913850000000004
天津市滨海新区志敏养殖场,2026-04-27 10:35:00,9.4,9.24,9.338,9.5649
天津市滨海新区志敏养殖场,2026-04-27 15:28:00,9.66,9.4,9.856,9.664000000000005
天津市滨海新区志敏养殖场,2026-04-27 21:25:00,10.93,9.66,10.222000000000001,10.678850000000002
天津市滨海新区志敏养殖场,2026-04-28 00:38:00,10.51,10.93,11.401999999999997,10.510149999999996
天津市滨海新区志敏养殖场,2026-04-28 05:40:00,9.69,10.51,9.55,9.832950000000006
天津市滨海新区志敏养殖场,2026-04-28 10:09:00,8.73,9.69,9.23,9.488600000000009
天津市滨海新区志敏养殖场,2026-04-28 15:40:00,9.82,8.73,9.739999999999998,9.566399999999996
天津市滨海新区志敏养殖场,2026-04-28 21:10:00,11.43,9.82,10.01,10.397350000000003
天津市滨海新区志敏养殖场,2026-04-29 00:13:00,10.92,11.43,10.926,10.278250000000005
天津市滨海新区志敏养殖场,2026-04-29 05:59:00,10.32,10.92,9.864,9.752750000000002
天津市滨海新区志敏养殖场,2026-04-29 10:10:00,10.52,10.32,9.412,9.443650000000002
天津市滨海新区志敏养殖场,2026-04-29 15:22:00,9.36,10.52,10.414000000000001,9.676150000000005
天津市滨海新区志敏养殖场,2026-04-29 21:16:00,10.79,9.36,10.642,10.513900000000005
天津市滨海新区志敏养殖场,2026-04-30 00:31:00,10.44,10.79,10.857999999999999,10.745999999999999
天津市滨海新区志敏养殖场,2026-04-30 05:51:00,9.33,10.44,10.464,9.929850000000002
天津市滨海新区志敏养殖场,2026-04-30 10:23:00,9.71,9.33,9.681999999999999,9.48545
天津市滨海新区志敏养殖场,2026-04-30 15:33:00,10.12,9.71,10.132,9.553400000000003
天津市滨海新区志敏养殖场,2026-04-30 21:03:00,10.57,10.12,10.642,10.483499999999994
天津市滨海新区志敏养殖场,2026-05-02 00:13:00,10.17,10.57,11.035999999999998,10.553500000000009
天津市滨海新区志敏养殖场,2026-05-02 05:54:00,9.95,10.17,9.618,9.510299999999999
天津市滨海新区志敏养殖场,2026-05-02 10:34:00,3.37,9.95,9.222,9.041850000000004
天津市滨海新区志敏养殖场,2026-05-02 15:23:00,8.99,3.37,8.838,7.065849999999995
天津市滨海新区志敏养殖场,2026-05-02 21:04:00,9.31,8.99,9.136,9.535900000000003
天津市滨海新区志敏养殖场,2026-05-03 00:24:00,9.99,9.31,9.292,9.906550000000005
天津市滨海新区志敏养殖场,2026-05-03 05:45:00,6.08,9.99,8.491999999999999,8.704800000000006
天津市滨海新区志敏养殖场,2026-05-03 10:30:00,8.01,6.08,8.516000000000002,7.092299999999995
天津市滨海新区志敏养殖场,2026-05-03 15:51:00,8.34,8.01,7.9079999999999995,7.488099999999998
天津市滨海新区志敏养殖场,2026-05-03 21:16:00,9.28,8.34,8.331999999999999,8.772350000000001
天津市滨海新区志敏养殖场,2026-05-04 00:12:00,9.65,9.28,9.636,9.342000000000004
天津市滨海新区志敏养殖场,2026-05-04 05:33:00,9.11,9.65,8.41,7.368299999999997
天津市滨海新区志敏养殖场,2026-05-04 10:25:00,8.52,9.11,6.902000000000001,6.8540499999999955
天津市滨海新区志敏养殖场,2026-05-04 15:36:00,6.07,8.52,7.597999999999999,8.108549999999997
天津市滨海新区志敏养殖场,2026-05-04 21:00:00,9.85,6.07,9.16,8.989999999999997
天津市滨海新区志敏养殖场,2026-05-05 00:27:00,9.85,9.85,9.756,9.595300000000003
天津市滨海新区志敏养殖场,2026-05-05 05:46:00,9.76,9.85,7.424000000000001,8.1306
天津市滨海新区志敏养殖场,2026-05-05 10:16:00,8.67,9.76,8.932,7.302999999999995
天津市滨海新区志敏养殖场,2026-05-05 15:37:00,8.64,8.67,10.016000000000002,8.13664999999999
天津市滨海新区志敏养殖场,2026-05-05 21:27:00,9.74,8.64,8.98,9.110850000000005
天津市滨海新区志敏养殖场,2026-05-06 00:05:00,9.84,9.74,10.658,9.578450000000002
天津市滨海新区志敏养殖场,2026-05-06 05:59:00,8.75,9.84,7.772,7.346850000000001
天津市滨海新区志敏养殖场,2026-05-06 10:37:00,9.33,8.75,9.378000000000002,7.1218999999999975
天津市滨海新区志敏养殖场,2026-05-06 15:55:00,8.2,9.33,9.347999999999999,8.012599999999994
天津市滨海新区志敏养殖场,2026-05-06 21:08:00,6.53,8.2,8.53,9.300799999999999
天津市滨海新区志敏养殖场,2026-05-07 00:37:00,10.52,6.53,8.682,9.32095
天津市滨海新区志敏养殖场,2026-05-07 05:34:00,6.89,10.52,9.018000000000002,7.709950000000004
天津市滨海新区志敏养殖场,2026-05-07 10:23:00,5.52,6.89,7.392,7.029699999999999
天津市滨海新区志敏养殖场,2026-05-07 15:39:00,8.31,5.52,6.9879999999999995,7.8870499999999995
天津市滨海新区志敏养殖场,2026-05-07 21:00:00,9.37,8.31,8.419999999999998,9.62229999999999
天津市滨海新区志敏养殖场,2026-05-08 00:38:00,9.98,9.37,7.037999999999999,9.460500000000001
天津市滨海新区志敏养殖场,2026-05-08 05:37:00,8.69,9.98,8.5,7.615050000000001
天津市滨海新区志敏养殖场,2026-05-08 10:11:00,5.79,8.69,7.952,6.90775
天津市滨海新区志敏养殖场,2026-05-08 15:48:00,8.58,5.79,8.296,7.921849999999997
天津市滨海新区志敏养殖场,2026-05-08 21:26:00,9.84,8.58,8.303999999999998,9.2933
天津市滨海新区志敏养殖场,2026-05-09 00:15:00,9.47,9.84,8.584,9.287250000000006
天津市滨海新区志敏养殖场,2026-05-09 05:51:00,9.45,9.47,9.594,7.368549999999998
天津市滨海新区志敏养殖场,2026-05-09 10:15:00,8.77,9.45,7.946000000000001,8.299799999999998
天津市滨海新区志敏养殖场,2026-05-09 15:51:00,3.6,8.77,9.622000000000002,8.809099999999994
天津市滨海新区志敏养殖场,2026-05-09 21:00:00,9.53,3.6,8.084,9.115400000000003
天津市滨海新区志敏养殖场,2026-05-10 00:08:00,9.58,9.53,8.334,8.964400000000005
天津市滨海新区志敏养殖场,2026-05-10 05:44:00,8.88,9.58,7.296000000000001,7.641799999999997
天津市滨海新区志敏养殖场,2026-05-10 10:27:00,8.23,8.88,8.034,8.182249999999996
天津市滨海新区志敏养殖场,2026-05-10 15:36:00,9.37,8.23,9.878,7.729499999999997
天津市滨海新区志敏养殖场,2026-05-10 21:28:00,9.54,9.37,8.846,9.412349999999995
天津市滨海新区志敏养殖场,2026-05-11 00:28:00,11.02,9.54,9.082,9.660500000000003
天津市滨海新区志敏养殖场,2026-05-11 05:54:00,8.76,11.02,7.418000000000001,8.7688
天津市滨海新区志敏养殖场,2026-05-11 10:35:00,5.78,8.76,8.664,8.140399999999998
天津市滨海新区志敏养殖场,2026-05-11 15:26:00,8.76,5.78,8.364,7.7733000000000025
天津市滨海新区志敏养殖场,2026-05-11 21:17:00,8.77,8.76,7.593999999999999,9.761249999999997
天津市滨海新区志敏养殖场,2026-05-12 00:06:00,10.59,8.77,8.931999999999999,9.368499999999992
天津市滨海新区志敏养殖场,2026-05-12 05:54:00,9.19,10.59,8.099999999999998,9.065299999999997
天津市滨海新区志敏养殖场,2026-05-12 10:38:00,5.51,9.19,9.169999999999998,7.613049999999996
天津市滨海新区志敏养殖场,2026-05-12 15:31:00,8.83,5.51,8.48,7.804199999999996
天津市滨海新区志敏养殖场,2026-05-12 21:06:00,9.02,8.83,9.860000000000001,9.484499999999999
天津市滨海新区志敏养殖场,2026-05-13 00:11:00,10.06,9.02,10.038,9.231450000000006
天津市滨海新区志敏养殖场,2026-05-13 05:59:00,9.47,10.06,7.756,8.8594
天津市滨海新区志敏养殖场,2026-05-13 10:16:00,8.3,9.47,7.816,7.035400000000002
天津市滨海新区志敏养殖场,2026-05-13 15:37:00,8.43,8.3,8.312000000000001,8.220849999999995
天津市滨海新区志敏养殖场,2026-05-13 21:13:00,9.83,8.43,10.392,9.630149999999995
天津市滨海新区志敏养殖场,2026-05-14 00:27:00,9.67,9.83,8.702,9.362600000000004
天津市滨海新区志敏养殖场,2026-05-14 05:45:00,9.52,9.67,7.01,7.280099999999999
天津市滨海新区志敏养殖场,2026-05-14 10:13:00,5.97,9.52,9.190000000000001,7.016799999999993
天津市滨海新区志敏养殖场,2026-05-14 15:53:00,8.71,5.97,7.784000000000001,7.920549999999996
天津市滨海新区志敏养殖场,2026-05-14 21:13:00,10.71,8.71,9.228,9.459500000000002
天津市滨海新区志敏养殖场,2026-05-15 00:33:00,3.92,10.71,9.575999999999999,9.703650000000007
天津市滨海新区志敏养殖场,2026-05-15 05:42:00,6.85,3.92,6.886,6.45495
天津市滨海新区志敏养殖场,2026-05-15 10:17:00,8.25,6.85,6.976000000000001,6.619549999999996
天津市滨海新区志敏养殖场,2026-05-15 15:35:00,8.74,8.25,6.448,7.902250000000004
天津市滨海新区志敏养殖场,2026-05-15 21:27:00,9.01,8.74,9.308,9.540999999999999
天津市滨海新区志敏养殖场,2026-05-16 00:30:00,9.34,9.01,10.336,9.522950000000007
天津市滨海新区志敏养殖场,2026-05-16 05:36:00,9.23,9.34,6.775999999999999,8.395350000000002
天津市滨海新区志敏养殖场,2026-05-16 10:31:00,9.49,9.23,8.38,7.54844999999999
天津市滨海新区志敏养殖场,2026-05-16 15:31:00,9.45,9.49,7.65,8.622899999999998
天津市滨海新区志敏养殖场,2026-05-16 21:00:00,9.82,9.45,10.042000000000002,9.7735
天津市滨海新区志敏养殖场,2026-05-17 00:15:00,9.33,9.82,9.754,9.631300000000008
天津市滨海新区志敏养殖场,2026-05-17 05:54:00,3.49,9.33,8.776,7.412749999999999
天津市滨海新区志敏养殖场,2026-05-17 10:29:00,8.14,3.49,7.358,7.396399999999996
天津市滨海新区志敏养殖场,2026-05-17 15:54:00,8.82,8.14,6.5280000000000005,7.213799999999997
天津市滨海新区志敏养殖场,2026-05-17 21:27:00,10.26,8.82,8.687999999999999,9.31655
天津市滨海新区志敏养殖场,2026-05-18 00:16:00,9.47,10.26,8.96,9.628150000000007
天津市滨海新区志敏养殖场,2026-05-18 05:52:00,9.28,9.47,8.842000000000002,7.493649999999997
天津市滨海新区志敏养殖场,2026-05-18 10:19:00,7.74,9.28,6.215999999999999,6.7853999999999965
天津市滨海新区志敏养殖场,2026-05-18 15:55:00,8.64,7.74,8.438,7.901749999999994
天津市滨海新区志敏养殖场,2026-05-18 21:14:00,5.16,8.64,9.83,9.111550000000005
天津市滨海新区志敏养殖场,2026-05-19 00:02:00,10.26,5.16,8.876,9.022950000000002
天津市滨海新区志敏养殖场,2026-05-19 05:39:00,9.02,10.26,8.072,8.632249999999996
天津市滨海新区志敏养殖场,2026-05-19 10:13:00,9.01,9.02,6.872,6.9842999999999975
天津市滨海新区志敏养殖场,2026-05-19 15:52:00,8.93,9.01,8.55,8.452599999999995
天津市滨海新区志敏养殖场,2026-05-19 21:00:00,10.1,8.93,9.064,9.816749999999999
天津市滨海新区志敏养殖场,2026-05-20 00:13:00,9.72,10.1,9.224,9.367600000000005
天津市滨海新区志敏养殖场,2026-05-20 05:43:00,9.42,9.72,9.062000000000001,7.842850000000002
天津市滨海新区志敏养殖场,2026-05-20 10:03:00,9.36,9.42,8.494000000000002,7.309299999999992
天津市滨海新区志敏养殖场,2026-05-20 15:54:00,8.75,9.36,9.591999999999999,8.198449999999998
天津市滨海新区志敏养殖场,2026-05-20 21:00:00,9.71,8.75,10.113999999999999,9.813049999999999
天津市滨海新区志敏养殖场,2026-05-21 00:29:00,9.25,9.71,9.264000000000001,9.205300000000005
天津市滨海新区志敏养殖场,2026-05-21 05:43:00,8.93,9.25,9.492,7.8408999999999995
天津市滨海新区志敏养殖场,2026-05-21 10:12:00,3.32,8.93,8.175999999999998,7.373099999999997
天津市滨海新区志敏养殖场,2026-05-21 15:58:00,3.91,3.32,8.322,8.052049999999996
天津市滨海新区志敏养殖场,2026-05-21 21:11:00,9.8,3.91,7.606,8.48
天津市滨海新区志敏养殖场,2026-06-08 00:04:00,8.63,9.8,8.258,9.427050000000003
天津市滨海新区志敏养殖场,2026-06-08 05:59:00,9.06,8.63,7.444,6.907200000000001
天津市滨海新区志敏养殖场,2026-06-08 10:33:00,7.47,9.06,7.175999999999999,7.299850000000003
天津市滨海新区志敏养殖场,2026-06-08 15:51:00,5.92,7.47,7.2780000000000005,7.3558
天津市滨海新区志敏养殖场,2026-06-08 21:12:00,9.45,5.92,8.09,7.4859499999999946
天津市滨海新区志敏养殖场,2026-06-09 00:19:00,5.3,9.45,6.869999999999999,8.35675000000001
天津市滨海新区志敏养殖场,2026-06-09 05:40:00,8.16,5.3,6.8,7.222549999999999
天津市滨海新区志敏养殖场,2026-06-09 10:02:00,8.24,8.16,6.969999999999999,6.8245499999999995
天津市滨海新区志敏养殖场,2026-06-09 15:42:00,8.45,8.24,6.85,6.9719
天津市滨海新区志敏养殖场,2026-06-09 21:09:00,6.08,8.45,8.702000000000002,7.417299999999995
天津市滨海新区志敏养殖场,2026-06-10 00:08:00,6.56,6.08,8.484,7.4187
天津市滨海新区志敏养殖场,2026-06-10 05:54:00,5.74,6.56,6.263999999999999,6.9612500000000015
天津市滨海新区志敏养殖场,2026-06-10 10:04:00,5.11,5.74,8.437999999999999,7.274400000000002
天津市滨海新区志敏养殖场,2026-06-10 15:30:00,6.38,5.11,6.142,7.155349999999999
天津市滨海新区志敏养殖场,2026-06-10 21:09:00,5.35,6.38,7.95,7.799050000000005
天津市滨海新区志敏养殖场,2026-06-11 00:24:00,8.78,5.35,6.672,7.5109
天津市滨海新区志敏养殖场,2026-06-11 05:59:00,8.01,8.78,6.33,6.908449999999999
天津市滨海新区志敏养殖场,2026-06-11 10:24:00,7.31,8.01,7.752,6.8602000000000025
天津市滨海新区志敏养殖场,2026-06-11 15:23:00,8.65,7.31,6.362,7.118700000000002
天津市滨海新区志敏养殖场,2026-06-11 21:08:00,8.54,8.65,8.319999999999999,7.463100000000001
天津市滨海新区志敏养殖场,2026-06-12 00:12:00,6.97,8.54,8.629999999999999,7.464650000000005
天津市滨海新区志敏养殖场,2026-06-12 05:41:00,5.61,6.97,7.1259999999999994,6.971050000000003
天津市滨海新区志敏养殖场,2026-06-12 10:37:00,7.61,5.61,5.602,6.873799999999994
天津市滨海新区志敏养殖场,2026-06-12 15:54:00,8.96,7.61,6.542,7.028400000000001
天津市滨海新区志敏养殖场,2026-06-12 21:10:00,6.62,8.96,6.728,7.240200000000001
天津市滨海新区志敏养殖场,2026-06-13 00:23:00,5.72,6.62,6.9300000000000015,7.009249999999996
天津市滨海新区志敏养殖场,2026-06-13 05:40:00,6.8,5.72,7.409999999999999,7.136549999999997
天津市滨海新区志敏养殖场,2026-06-13 10:24:00,6.36,6.8,6.037999999999999,7.030999999999997
天津市滨海新区志敏养殖场,2026-06-13 15:36:00,5.8,6.36,7.598000000000001,7.0234499999999995
天津市滨海新区志敏养殖场,2026-06-13 21:00:00,8.18,5.8,7.496,6.912349999999998
天津市滨海新区志敏养殖场,2026-06-14 00:25:00,6.89,8.18,6.784000000000001,7.059050000000001
天津市滨海新区志敏养殖场,2026-06-14 05:45:00,8.39,6.89,7.5840000000000005,7.010400000000003
天津市滨海新区志敏养殖场,2026-06-14 10:22:00,5.94,8.39,5.6899999999999995,6.658049999999998
天津市滨海新区志敏养殖场,2026-06-14 15:53:00,6.67,5.94,6.556,7.273549999999997
天津市滨海新区志敏养殖场,2026-06-14 21:00:00,9.35,6.67,7.138,7.8292000000000055
天津市滨海新区志敏养殖场,2026-06-15 00:30:00,6.34,9.35,7.014,7.573499999999999
天津市滨海新区志敏养殖场,2026-06-15 05:45:00,8.29,6.34,6.6899999999999995,7.533649999999997
天津市滨海新区志敏养殖场,2026-06-15 10:14:00,7.94,8.29,7.769999999999999,6.919099999999997
天津市滨海新区志敏养殖场,2026-06-15 15:36:00,8.34,7.94,6.292,6.944000000000001
天津市滨海新区志敏养殖场,2026-06-15 21:04:00,9.59,8.34,7.975999999999999,7.135800000000001
天津市滨海新区志敏养殖场,2026-06-16 00:08:00,9.35,9.59,8.123999999999999,7.563149999999999
天津市滨海新区志敏养殖场,2026-06-16 05:56:00,3.38,9.35,8.117999999999999,7.774500000000002
天津市滨海新区志敏养殖场,2026-06-16 10:21:00,8.24,3.38,6.17,6.93435
天津市滨海新区志敏养殖场,2026-06-16 15:37:00,8.6,8.24,6.984,6.729449999999995
天津市滨海新区志敏养殖场,2026-06-16 21:07:00,3.49,8.6,8.559999999999999,6.467899999999997
天津市滨海新区志敏养殖场,2026-06-17 00:12:00,3.47,3.49,6.909999999999999,7.734099999999997
天津市滨海新区志敏养殖场,2026-06-17 05:40:00,3.37,3.47,6.831999999999999,7.248050000000001
天津市滨海新区志敏养殖场,2026-06-17 10:33:00,5.43,3.37,7.853999999999999,6.601799999999997
天津市滨海新区志敏养殖场,2026-06-17 15:53:00,8.36,5.43,6.5200000000000005,6.751350000000001
天津市滨海新区志敏养殖场,2026-06-17 21:28:00,9.26,8.36,6.742,6.704799999999993
天津市滨海新区志敏养殖场,2026-06-18 00:27:00,6.38,9.26,7.434,7.404449999999997
天津市滨海新区志敏养殖场,2026-06-18 05:39:00,9.03,6.38,5.997999999999999,7.336299999999997
天津市滨海新区志敏养殖场,2026-06-18 10:13:00,7.79,9.03,6.688,6.969899999999998
天津市滨海新区志敏养殖场,2026-06-18 15:35:00,6.32,7.79,6.886,7.146549999999999
天津市滨海新区志敏养殖场,2026-06-18 21:17:00,9.29,6.32,6.336,7.09495
天津市滨海新区志敏养殖场,2026-06-19 00:28:00,6.24,9.29,9.558000000000002,7.2161
天津市滨海新区志敏养殖场,2026-06-19 05:46:00,6.14,6.24,7.418000000000001,7.299150000000005
天津市滨海新区志敏养殖场,2026-06-19 10:12:00,3.5,6.14,5.8740000000000006,6.67495
天津市滨海新区志敏养殖场,2026-06-19 15:39:00,5.93,3.5,6.976000000000001,7.315650000000008
天津市滨海新区志敏养殖场,2026-06-19 21:06:00,8.79,5.93,6.217999999999999,7.162050000000007
天津市滨海新区志敏养殖场,2026-06-20 00:10:00,8.79,8.79,8.569999999999999,7.426600000000003
天津市滨海新区志敏养殖场,2026-06-20 05:51:00,6.31,8.79,7.436,7.0703
天津市滨海新区志敏养殖场,2026-06-20 10:21:00,6.77,6.31,7.136000000000001,6.778500000000001
天津市滨海新区志敏养殖场,2026-06-20 15:55:00,6.47,6.77,6.739999999999999,6.87895
天津市滨海新区志敏养殖场,2026-06-20 21:17:00,5.42,6.47,8.076,7.4513
天津市滨海新区志敏养殖场,2026-06-21 00:18:00,3.76,5.42,7.098000000000001,7.682200000000002
天津市滨海新区志敏养殖场,2026-06-21 05:59:00,8.73,3.76,6.388,6.793550000000002
天津市滨海新区志敏养殖场,2026-06-21 10:25:00,5.46,8.73,6.575999999999999,7.018199999999999
天津市滨海新区志敏养殖场,2026-06-21 15:43:00,8.64,5.46,6.862,7.266049999999996
天津市滨海新区志敏养殖场,2026-06-21 21:11:00,5.21,8.64,5.942,6.867549999999998
天津市滨海新区志敏养殖场,2026-06-22 00:23:00,5.28,5.21,7.647999999999999,7.5204
天津市滨海新区志敏养殖场,2026-06-22 05:59:00,8.95,5.28,6.566,7.295249999999997
天津市滨海新区志敏养殖场,2026-06-22 10:08:00,8.07,8.95,5.542,6.699900000000002
天津市滨海新区志敏养殖场,2026-06-22 15:44:00,5.67,8.07,6.418000000000001,6.8025499999999965
天津市滨海新区志敏养殖场,2026-06-22 21:00:00,6.47,5.67,7.764,7.3789
天津市滨海新区志敏养殖场,2026-06-23 00:31:00,9.49,6.47,7.203999999999999,7.475
天津市滨海新区志敏养殖场,2026-06-23 05:52:00,7.77,9.49,7.1579999999999995,7.688500000000007
天津市滨海新区志敏养殖场,2026-06-23 10:22:00,7.81,7.77,6.182,6.853249999999997
天津市滨海新区志敏养殖场,2026-06-23 15:34:00,3.13,7.81,6.144,6.4094000000000015
天津市滨海新区志敏养殖场,2026-06-23 21:05:00,5.33,3.13,6.953999999999999,7.113899999999997
天津市滨海新区志敏养殖场,2026-06-24 00:13:00,6.3,5.33,8.324,7.6492499999999986
天津市滨海新区志敏养殖场,2026-06-24 05:56:00,3.75,6.3,7.0699999999999985,7.190149999999999
天津市滨海新区志敏养殖场,2026-06-24 10:04:00,5.12,3.75,6.572000000000001,6.750350000000001
天津市滨海新区志敏养殖场,2026-06-24 15:48:00,8.22,5.12,5.152,6.7105
天津市滨海新区志敏养殖场,2026-06-24 21:22:00,5.33,8.22,7.581999999999999,6.951949999999999
天津市滨海新区志敏养殖场,2026-06-25 00:29:00,6.85,5.33,6.1,6.543049999999994
天津市滨海新区志敏养殖场,2026-06-25 05:59:00,6.51,6.85,6.831999999999999,6.825949999999997
天津市滨海新区志敏养殖场,2026-06-25 10:03:00,5.41,6.51,6.632,6.9331
天津市滨海新区志敏养殖场,2026-06-25 15:30:00,8.35,5.41,7.288000000000001,7.247600000000001
天津市滨海新区志敏养殖场,2026-06-25 21:22:00,8.86,8.35,8.038,7.585999999999999
天津市滨海新区志敏养殖场,2026-06-26 00:34:00,6.63,8.86,7.646000000000001,7.5236500000000035
天津市滨海新区志敏养殖场,2026-06-26 05:35:00,5.15,6.63,8.186,7.624350000000009
天津市滨海新区志敏养殖场,2026-06-26 10:37:00,7.34,5.15,7.336000000000001,6.9018
天津市滨海新区志敏养殖场,2026-06-26 15:31:00,8.36,7.34,6.242,6.981299999999997
天津市滨海新区志敏养殖场,2026-06-26 21:04:00,3.37,8.36,7.286,6.874599999999996
天津市滨海新区志敏养殖场,2026-06-27 00:21:00,8.88,3.37,6.9,7.479899999999997
天津市滨海新区志敏养殖场,2026-06-27 05:59:00,8.09,8.88,7.442,7.05375
天津市滨海新区志敏养殖场,2026-06-27 10:19:00,7.32,8.09,4.5600000000000005,6.564749999999998
天津市滨海新区志敏养殖场,2026-06-27 15:51:00,5.26,7.32,6.824,7.112100000000009
天津市滨海新区志敏养殖场,2026-06-27 21:22:00,9.26,5.26,8.012,7.455099999999996
天津市滨海新区志敏养殖场,2026-07-07 00:19:00,9.07,9.26,6.795999999999999,6.897700000000004
天津市滨海新区志敏养殖场,2026-07-07 05:37:00,8.12,9.07,8.329999999999998,7.013499999999999
天津市滨海新区志敏养殖场,2026-07-07 10:36:00,6.59,8.12,6.781999999999999,6.688450000000002
天津市滨海新区志敏养殖场,2026-07-07 15:23:00,7.42,6.59,6.069999999999999,7.014149999999996
天津市滨海新区志敏养殖场,2026-07-07 21:28:00,6.22,7.42,6.63,7.210999999999998
天津市滨海新区志敏养殖场,2026-07-08 00:18:00,8.32,6.22,6.639999999999999,6.8826500000000035
天津市滨海新区志敏养殖场,2026-07-08 05:33:00,6.6,8.32,7.268000000000001,6.876499999999997
天津市滨海新区志敏养殖场,2026-07-08 10:25:00,5.05,6.6,5.8660000000000005,6.6755999999999975
天津市滨海新区志敏养殖场,2026-07-08 15:25:00,6.8,5.05,6.85,7.049400000000004
天津市滨海新区志敏养殖场,2026-07-08 21:04:00,8.3,6.8,7.295999999999999,6.771749999999998
天津市滨海新区志敏养殖场,2026-07-09 00:07:00,9.18,8.3,7.206,7.179549999999991
天津市滨海新区志敏养殖场,2026-07-09 05:47:00,7.82,9.18,6.148000000000001,6.4159500000000005
天津市滨海新区志敏养殖场,2026-07-09 10:11:00,7.22,7.82,6.346000000000001,6.288699999999998
天津市滨海新区志敏养殖场,2026-07-09 15:53:00,7.77,7.22,4.564,6.3476499999999945
天津市滨海新区志敏养殖场,2026-07-09 21:14:00,8.8,7.77,4.986,6.832100000000002
天津市滨海新区志敏养殖场,2026-07-10 00:35:00,6.41,8.8,7.85,7.262449999999998
天津市滨海新区志敏养殖场,2026-07-10 05:51:00,7.77,6.41,7.01,6.71695
天津市滨海新区志敏养殖场,2026-07-10 10:02:00,6.41,7.77,7.220000000000001,6.264450000000003
天津市滨海新区志敏养殖场,2026-07-10 15:44:00,7.86,6.41,7.266,6.476549999999999
天津市滨海新区志敏养殖场,2026-07-10 21:25:00,8.43,7.86,6.162000000000001,7.007650000000002
天津市滨海新区志敏养殖场,2026-07-11 00:15:00,8.4,8.43,6.936,7.244899999999998
天津市滨海新区志敏养殖场,2026-07-11 05:49:00,5.32,8.4,6.072,6.741699999999992
天津市滨海新区志敏养殖场,2026-07-11 10:05:00,5.28,5.32,6.102,6.4746000000000015
天津市滨海新区志敏养殖场,2026-07-11 15:29:00,7.57,5.28,6.553999999999999,6.265099999999999
天津市滨海新区志敏养殖场,2026-07-11 21:01:00,3.15,7.57,6.136,7.081550000000004
天津市滨海新区志敏养殖场,2026-07-12 00:17:00,5.92,3.15,7.491999999999999,7.05145
天津市滨海新区志敏养殖场,2026-07-12 05:59:00,9.05,5.92,7.638000000000001,6.942000000000002
天津市滨海新区志敏养殖场,2026-07-12 10:21:00,6.61,9.05,5.944,6.850849999999997
天津市滨海新区志敏养殖场,2026-07-12 15:29:00,6.45,6.61,7.074000000000001,7.182399999999998
天津市滨海新区志敏养殖场,2026-07-12 21:10:00,6.52,6.45,7.504,6.44025
天津市滨海新区志敏养殖场,2026-07-13 00:18:00,9.41,6.52,7.7,7.062899999999998
天津市滨海新区志敏养殖场,2026-07-13 05:32:00,6.47,9.41,7.006,6.189199999999999
天津市滨海新区志敏养殖场,2026-07-13 10:33:00,5.87,6.47,4.806,6.753999999999999
天津市滨海新区志敏养殖场,2026-07-13 15:37:00,5.95,5.87,7.2299999999999995,6.8831999999999995
天津市滨海新区志敏养殖场,2026-07-13 21:06:00,9.3,5.95,7.932,7.302199999999998
天津市滨海新区志敏养殖场,2026-07-14 00:15:00,5.91,9.3,8.136000000000001,6.564699999999999
天津市滨海新区志敏养殖场,2026-07-14 05:59:00,7.63,5.91,6.768000000000001,6.775699999999998
天津市滨海新区志敏养殖场,2026-07-14 10:16:00,6.51,7.63,6.612,6.382449999999998
天津市滨海新区志敏养殖场,2026-07-14 15:30:00,6.13,6.51,7.6659999999999995,6.5012
天津市滨海新区志敏养殖场,2026-07-14 21:15:00,6.08,6.13,6.926,6.562300000000002
天津市滨海新区志敏养殖场,2026-07-15 00:02:00,8.2,6.08,7.174000000000001,7.515099999999999
天津市滨海新区志敏养殖场,2026-07-15 05:58:00,6.55,8.2,7.087999999999999,6.828350000000004
天津市滨海新区志敏养殖场,2026-07-15 10:34:00,6.89,6.55,5.5840000000000005,6.449899999999998
天津市滨海新区志敏养殖场,2026-07-15 15:53:00,5.05,6.89,7.558,6.850849999999993
天津市滨海新区志敏养殖场,2026-07-15 21:01:00,9.02,5.05,7.378,7.1664499999999975
天津市滨海新区志敏养殖场,2026-07-16 00:35:00,6.39,9.02,7.25,7.033900000000002
天津市滨海新区志敏养殖场,2026-07-16 05:52:00,7.83,6.39,7.532000000000001,6.445099999999993
天津市滨海新区志敏养殖场,2026-07-16 10:34:00,7.06,7.83,7.388,6.520449999999999
天津市滨海新区志敏养殖场,2026-07-16 15:47:00,7.81,7.06,7.58,6.167349999999999
天津市滨海新区志敏养殖场,2026-07-16 21:27:00,6.99,7.81,7.862,6.869199999999998
天津市滨海新区志敏养殖场,2026-07-17 00:38:00,5.03,6.99,7.435999999999998,7.284049999999997
天津市滨海新区志敏养殖场,2026-07-17 05:49:00,6.88,5.03,7.068,6.788450000000001
天津市滨海新区志敏养殖场,2026-07-17 10:25:00,6.93,6.88,6.008000000000001,6.27405
天津市滨海新区志敏养殖场,2026-07-17 15:44:00,7.81,6.93,8.132,6.0668999999999915
天津市滨海新区志敏养殖场,2026-07-17 21:20:00,3.31,7.81,6.03,6.266299999999997
天津市滨海新区志敏养殖场,2026-07-18 00:05:00,6.36,3.31,4.642,6.830450000000001
天津市滨海新区志敏养殖场,2026-07-18 05:46:00,8.91,6.36,6.544,6.399600000000001
天津市滨海新区志敏养殖场,2026-07-18 10:13:00,6.72,8.91,6.822,6.201149999999992
天津市滨海新区志敏养殖场,2026-07-18 15:43:00,6.65,6.72,6.704000000000001,7.054049999999998
天津市滨海新区志敏养殖场,2026-07-18 21:08:00,3.56,6.65,6.7219999999999995,6.7628499999999985
天津市滨海新区志敏养殖场,2026-07-19 00:06:00,5.5,3.56,7.4719999999999995,7.50525
天津市滨海新区志敏养殖场,2026-07-19 05:59:00,6.29,5.5,7.008000000000001,6.766100000000002
天津市滨海新区志敏养殖场,2026-07-19 10:26:00,5.73,6.29,6.406000000000001,6.559100000000001
天津市滨海新区志敏养殖场,2026-07-19 15:40:00,8.1,5.73,6.29,6.659449999999996
天津市滨海新区志敏养殖场,2026-07-19 21:21:00,8.47,8.1,6.314,6.3212
天津市滨海新区志敏养殖场,2026-07-20 00:20:00,8.6,8.47,6.773999999999999,7.032999999999996
天津市滨海新区志敏养殖场,2026-07-20 05:43:00,3.0,8.6,6.6720000000000015,6.393349999999999
天津市滨海新区志敏养殖场,2026-07-20 10:29:00,5.42,3.0,5.982,6.6221000000000005
天津市滨海新区志敏养殖场,2026-07-20 15:31:00,6.64,5.42,5.15,6.3776
天津市滨海新区志敏养殖场,2026-07-20 21:00:00,8.47,6.64,7.1739999999999995,6.518549999999999
天津市滨海新区志敏养殖场,2026-07-21 00:32:00,9.41,8.47,7.244,6.483749999999998
天津市滨海新区志敏养殖场,2026-07-21 05:46:00,8.21,9.41,7.568,6.935449999999998
天津市滨海新区志敏养殖场,2026-07-21 10:20:00,4.0,8.21,7.979999999999999,5.8647499999999955
天津市滨海新区志敏养殖场,2026-07-21 15:48:00,3.69,4.0,6.953999999999999,6.514999999999995
天津市滨海新区志敏养殖场,2026-07-21 21:00:00,8.19,3.69,5.956,7.251599999999997
天津市滨海新区志敏养殖场,2026-07-22 00:24:00,7.98,8.19,7.322,6.563250000000004
天津市滨海新区志敏养殖场,2026-07-22 05:59:00,7.99,7.98,6.974000000000001,6.675199999999995
天津市滨海新区志敏养殖场,2026-07-22 10:29:00,6.87,7.99,6.787999999999999,6.069399999999995
天津市滨海新区志敏养殖场,2026-07-22 15:53:00,5.92,6.87,7.144000000000001,6.893900000000002
天津市滨海新区志敏养殖场,2026-07-22 21:00:00,9.44,5.92,5.388,7.486349999999999
天津市滨海新区志敏养殖场,2026-07-23 00:36:00,6.01,9.44,7.234,6.7654999999999985
天津市滨海新区志敏养殖场,2026-07-23 05:59:00,6.59,6.01,6.494,6.430750000000001
天津市滨海新区志敏养殖场,2026-07-23 10:19:00,7.62,6.59,6.956,6.2835
天津市滨海新区志敏养殖场,2026-07-23 15:52:00,3.28,7.62,5.343999999999999,6.529349999999995
天津市滨海新区志敏养殖场,2026-07-23 21:14:00,3.05,3.28,7.918000000000001,7.05155
天津市滨海新区志敏养殖场,2026-07-24 00:15:00,5.89,3.05,6.802,7.261149999999998
天津市滨海新区志敏养殖场,2026-07-24 05:59:00,8.54,5.89,6.944,6.8154999999999974
天津市滨海新区志敏养殖场,2026-07-24 10:21:00,6.38,8.54,7.388,6.608250000000002
天津市滨海新区志敏养殖场,2026-07-24 15:46:00,7.6,6.38,7.260000000000001,6.873400000000004
天津市滨海新区志敏养殖场,2026-07-24 21:00:00,9.05,7.6,6.782000000000001,6.794949999999999
天津市滨海新区志敏养殖场,2026-07-25 00:20:00,8.48,9.05,6.17,7.425650000000001
天津市滨海新区志敏养殖场,2026-07-25 05:57:00,8.31,8.48,6.7379999999999995,6.718499999999998
天津市滨海新区志敏养殖场,2026-07-25 10:31:00,6.78,8.31,5.34,6.280250000000003
天津市滨海新区志敏养殖场,2026-07-25 15:48:00,8.12,6.78,6.562,6.748199999999997
天津市滨海新区志敏养殖场,2026-07-25 21:00:00,3.61,8.12,7.869999999999999,7.249749999999999
天津市滨海新区志敏养殖场,2026-07-26 00:17:00,9.65,3.61,7.17,7.0534
天津市滨海新区志敏养殖场,2026-07-26 05:35:00,7.75,9.65,7.206,6.7113
天津市滨海新区志敏养殖场,2026-07-26 10:24:00,6.81,7.75,5.664,6.266700000000001
天津市滨海新区志敏养殖场,2026-07-26 15:53:00,5.46,6.81,6.781999999999999,6.888550000000001
天津市滨海新区志敏养殖场,2026-07-26 21:01:00,6.34,5.46,8.11,7.399349999999998
天津市滨海新区志敏养殖场,2026-08-11 00:08:00,6.25,6.34,6.326,6.87895
天津市滨海新区志敏养殖场,2026-08-11 05:59:00,8.47,6.25,6.1579999999999995,6.833799999999996
天津市滨海新区志敏养殖场,2026-08-11 10:15:00,6.25,8.47,5.978,6.407099999999999
天津市滨海新区志敏养殖场,2026-08-11 15:26:00,6.87,6.25,6.2059999999999995,6.813100000000005
天津市滨海新区志敏养殖场,2026-08-11 21:12:00,5.04,6.87,7.9159999999999995,6.783649999999999
天津市滨海新区志敏养殖场,2026-08-12 00:34:00,3.17,5.04,7.412000000000001,7.540449999999994
天津市滨海新区志敏养殖场,2026-08-12 05:58:00,5.26,3.17,7.230000000000001,6.468549999999991
天津市滨海新区志敏养殖场,2026-08-12 10:24:00,6.88,5.26,7.0120000000000005,6.79275
天津市滨海新区志敏养殖场,2026-08-12 15:56:00,6.89,6.88,7.024000000000001,6.463449999999999
天津市滨海新区志敏养殖场,2026-08-12 21:06:00,8.33,6.89,5.396,7.043949999999993
天津市滨海新区志敏养殖场,2026-08-13 00:15:00,7.44,8.33,8.559999999999999,6.680200000000001
天津市滨海新区志敏养殖场,2026-08-13 05:59:00,5.34,7.44,6.12,6.378800000000001
天津市滨海新区志敏养殖场,2026-08-13 10:34:00,7.47,5.34,6.948,6.811249999999998
天津市滨海新区志敏养殖场,2026-08-13 15:39:00,7.51,7.47,6.074,6.695900000000002
天津市滨海新区志敏养殖场,2026-08-13 21:17:00,5.95,7.51,7.980000000000001,7.201949999999997
天津市滨海新区志敏养殖场,2026-08-14 00:32:00,5.14,5.95,8.264,6.790699999999999
天津市滨海新区志敏养殖场,2026-08-14 05:59:00,3.65,5.14,6.853999999999999,7.083099999999998
天津市滨海新区志敏养殖场,2026-08-14 10:12:00,8.5,3.65,5.618,6.263899999999995
天津市滨海新区志敏养殖场,2026-08-14 15:30:00,7.99,8.5,6.646000000000001,5.916999999999997
天津市滨海新区志敏养殖场,2026-08-14 21:00:00,8.33,7.99,6.282000000000001,6.951650000000001
天津市滨海新区志敏养殖场,2026-08-15 00:15:00,5.96,8.33,6.776000000000001,6.779100000000004
天津市滨海新区志敏养殖场,2026-08-15 05:50:00,7.5,5.96,7.164,6.7421999999999995
天津市滨海新区志敏养殖场,2026-08-15 10:11:00,8.19,7.5,6.108,6.615749999999995
天津市滨海新区志敏养殖场,2026-08-15 15:40:00,8.13,8.19,6.754,6.846249999999993
天津市滨海新区志敏养殖场,2026-08-15 21:18:00,8.71,8.13,8.22,7.104149999999997
天津市滨海新区志敏养殖场,2026-08-16 00:34:00,6.26,8.71,7.35,7.288499999999996
天津市滨海新区志敏养殖场,2026-08-16 05:54:00,7.38,6.26,7.101999999999999,7.069699999999999
天津市滨海新区志敏养殖场,2026-08-16 10:06:00,7.29,7.38,7.056,6.1457
天津市滨海新区志敏养殖场,2026-08-16 15:22:00,7.84,7.29,6.9159999999999995,6.622349999999995
天津市滨海新区志敏养殖场,2026-08-16 21:03:00,8.93,7.84,7.236,6.97165
天津市滨海新区志敏养殖场,2026-08-17 00:02:00,8.31,8.93,8.222,6.8978
天津市滨海新区志敏养殖场,2026-08-17 05:35:00,6.03,8.31,6.831999999999999,6.822649999999997
天津市滨海新区志敏养殖场,2026-08-17 10:32:00,6.05,6.03,7.242,6.523000000000001
天津市滨海新区志敏养殖场,2026-08-17 15:47:00,7.67,6.05,8.580000000000002,6.507299999999995
天津市滨海新区志敏养殖场,2026-08-17 21:00:00,6.38,7.67,6.396,6.328299999999996
天津市滨海新区志敏养殖场,2026-08-18 00:22:00,7.89,6.38,7.994,7.235799999999999
天津市滨海新区志敏养殖场,2026-08-18 05:53:00,3.42,7.89,6.210000000000001,6.6847500000000055
天津市滨海新区志敏养殖场,2026-08-18 10:02:00,8.01,3.42,5.6,6.4769499999999995
天津市滨海新区志敏养殖场,2026-08-18 15:45:00,6.44,8.01,4.58,6.362199999999997
天津市滨海新区志敏养殖场,2026-08-18 21:00:00,6.47,6.44,5.6240000000000006,6.0614
天津市滨海新区志敏养殖场,2026-08-19 00:19:00,8.39,6.47,6.21,7.180550000000003
天津市滨海新区志敏养殖场,2026-08-19 05:41:00,7.96,8.39,6.476000000000001,6.699400000000005
天津市滨海新区志敏养殖场,2026-08-19 10:30:00,6.44,7.96,6.372,6.392049999999999
天津市滨海新区志敏养殖场,2026-08-19 15:33:00,7.84,6.44,6.764,6.262749999999998
天津市滨海新区志敏养殖场,2026-08-19 21:11:00,3.37,7.84,6.8260000000000005,6.874499999999999
天津市滨海新区志敏养殖场,2026-08-20 00:37:00,8.07,3.37,6.476000000000001,7.221150000000006
天津市滨海新区志敏养殖场,2026-08-20 05:35:00,8.15,8.07,7.06,6.56135
天津市滨海新区志敏养殖场,2026-08-20 10:23:00,6.86,8.15,5.256,5.982299999999999
天津市滨海新区志敏养殖场,2026-08-20 15:29:00,6.45,6.86,6.378,7.044800000000001
天津市滨海新区志敏养殖场,2026-08-20 21:14:00,9.09,6.45,8.144,7.227900000000002
天津市滨海新区志敏养殖场,2026-08-21 00:24:00,6.31,9.09,6.238,7.1317499999999985
天津市滨海新区志敏养殖场,2026-08-21 05:38:00,3.56,6.31,7.1,6.599200000000001
天津市滨海新区志敏养殖场,2026-08-21 10:12:00,8.51,3.56,7.442,6.7785
天津市滨海新区志敏养殖场,2026-08-21 15:22:00,7.36,8.51,7.646000000000001,6.431799999999997
天津市滨海新区志敏养殖场,2026-08-21 21:21:00,6.26,7.36,7.211999999999999,6.881
天津市滨海新区志敏养殖场,2026-08-22 00:32:00,5.03,6.26,8.338,7.06625
天津市滨海新区志敏养殖场,2026-08-22 05:49:00,6.59,5.03,6.517999999999999,6.749749999999999
天津市滨海新区志敏养殖场,2026-08-22 10:20:00,5.72,6.59,5.914000000000001,6.336699999999997
天津市滨海新区志敏养殖场,2026-08-22 15:32:00,6.87,5.72,6.422,6.376649999999996
天津市滨海新区志敏养殖场,2026-08-22 21:27:00,6.81,6.87,8.242,7.379650000000002
天津市滨海新区志敏养殖场,2026-08-23 00:21:00,5.74,6.81,6.302,6.5995499999999945
天津市滨海新区志敏养殖场,2026-08-23 05:59:00,7.58,5.74,7.376,7.056950000000006
天津市滨海新区志敏养殖场,2026-08-23 10:22:00,8.25,7.58,7.258000000000001,6.902199999999993
天津市滨海新区志敏养殖场,2026-08-23 15:49:00,8.09,8.25,6.958,6.402849999999997
天津市滨海新区志敏养殖场,2026-08-23 21:00:00,3.06,8.09,8.004000000000001,6.662049999999998
天津市滨海新区志敏养殖场,2026-08-24 00:20:00,7.78,3.06,7.478,7.032849999999994
天津市滨海新区志敏养殖场,2026-08-24 05:59:00,5.49,7.78,6.508,6.911549999999997
天津市滨海新区志敏养殖场,2026-08-24 10:38:00,5.12,5.49,7.212000000000001,7.000349999999998
天津市滨海新区志敏养殖场,2026-08-24 15:39:00,8.07,5.12,7.332000000000001,6.781100000000002
天津市滨海新区志敏养殖场,2026-08-24 21:09:00,5.96,8.07,6.27,7.531249999999997
天津市滨海新区志敏养殖场,2026-08-25 00:16:00,5.86,5.96,6.787999999999999,6.597699999999999
天津市滨海新区志敏养殖场,2026-08-25 05:45:00,6.18,5.86,6.648000000000001,6.482349999999993
天津市滨海新区志敏养殖场,2026-08-25 10:05:00,5.54,6.18,6.294,6.519749999999992
天津市滨海新区志敏养殖场,2026-08-25 15:38:00,7.91,5.54,7.004,6.275649999999998
天津市滨海新区志敏养殖场,2026-08-25 21:00:00,8.93,7.91,7.086,6.487099999999997
天津市滨海新区志敏养殖场,2026-08-26 00:19:00,8.63,8.93,6.191999999999999,6.699800000000003
天津市滨海新区志敏养殖场,2026-08-26 05:46:00,6.11,8.63,6.918000000000001,7.235400000000001
天津市滨海新区志敏养殖场,2026-08-26 10:32:00,5.46,6.11,7.184,6.054399999999999
天津市滨海新区志敏养殖场,2026-08-26 15:24:00,7.49,5.46,6.295999999999999,6.910749999999997
天津市滨海新区志敏养殖场,2026-08-26 21:22:00,8.35,7.49,7.194,6.98855
天津市滨海新区志敏养殖场,2026-08-27 00:34:00,5.38,8.35,5.934,6.7997499999999915
天津市滨海新区志敏养殖场,2026-08-27 05:39:00,6.08,5.38,6.4879999999999995,6.848049999999993
天津市滨海新区志敏养殖场,2026-08-27 10:18:00,6.84,6.08,7.290000000000001,6.5134500000000015
天津市滨海新区志敏养殖场,2026-08-27 15:50:00,7.74,6.84,6.158,7.014749999999997
天津市滨海新区志敏养殖场,2026-08-27 21:11:00,7.97,7.74,6.311999999999999,7.279749999999998
天津市滨海新区志敏养殖场,2026-08-28 00:30:00,8.11,7.97,4.220000000000001,6.499649999999999
天津市滨海新区志敏养殖场,2026-08-28 05:45:00,8.38,8.11,6.384,6.545249999999997
天津市滨海新区志敏养殖场,2026-08-28 10:30:00,6.89,8.38,6.2620000000000005,6.486949999999999
天津市滨海新区志敏养殖场,2026-08-28 15:38:00,7.81,6.89,6.5,6.551049999999999
天津市滨海新区志敏养殖场,2026-08-28 21:04:00,8.84,7.81,7.76,6.717949999999999
天津市滨海新区志敏养殖场,2026-08-29 00:07:00,8.98,8.84,6.85,6.7078
天津市滨海新区志敏养殖场,2026-08-29 05:59:00,5.17,8.98,7.072,6.3040999999999965
天津市滨海新区志敏养殖场,2026-08-29 10:38:00,6.68,5.17,7.306,6.567799999999995
天津市滨海新区志敏养殖场,2026-08-29 15:28:00,6.66,6.68,6.796000000000001,6.680600000000004
天津市滨海新区志敏养殖场,2026-08-29 21:00:00,9.03,6.66,7.324,7.654599999999993
天津市滨海新区志敏养殖场,2026-08-30 00:24:00,8.12,9.03,7.8759999999999994,6.4697499999999994
天津市滨海新区志敏养殖场,2026-08-30 05:38:00,3.91,8.12,7.018000000000001,6.988799999999994
天津市滨海新区志敏养殖场,2026-08-30 10:23:00,7.0,3.91,6.888,6.376899999999999
天津市滨海新区志敏养殖场,2026-08-30 15:39:00,5.57,7.0,6.840000000000001,7.275099999999998
天津市滨海新区志敏养殖场,2026-08-30 21:23:00,3.89,5.57,6.9239999999999995,7.456349999999999
天津市滨海新区志敏养殖场,2026-09-03 00:34:00,5.57,3.89,6.542,7.126799999999996
天津市滨海新区志敏养殖场,2026-09-03 05:43:00,5.85,5.57,7.264,7.134650000000001
天津市滨海新区志敏养殖场,2026-09-03 10:26:00,7.68,5.85,6.917999999999999,7.099199999999995
天津市滨海新区志敏养殖场,2026-09-03 15:24:00,8.53,7.68,6.6579999999999995,6.604799999999998
天津市滨海新区志敏养殖场,2026-09-03 21:27:00,5.53,8.53,6.028,7.0326999999999975
天津市滨海新区志敏养殖场,2026-09-04 00:23:00,8.56,5.53,6.901999999999999,7.660150000000003
天津市滨海新区志敏养殖场,2026-09-04 05:59:00,8.93,8.56,7.162000000000001,7.1054499999999985
天津市滨海新区志敏养殖场,2026-09-04 10:21:00,7.7,8.93,6.902000000000001,6.877249999999996
天津市滨海新区志敏养殖场,2026-09-04 15:51:00,8.38,7.7,6.6819999999999995,7.319900000000006
天津市滨海新区志敏养殖场,2026-09-04 21:27:00,9.4,8.38,7.497999999999999,7.1403
天津市滨海新区志敏养殖场,2026-09-05 00:35:00,8.12,9.4,7.9799999999999995,7.502950000000001
天津市滨海新区志敏养殖场,2026-09-05 05:59:00,5.7,8.12,6.836,7.248149999999998
天津市滨海新区志敏养殖场,2026-09-05 10:23:00,5.33,5.7,7.385999999999998,7.244300000000007
天津市滨海新区志敏养殖场,2026-09-05 15:39:00,8.08,5.33,7.215999999999999,6.952800000000001
天津市滨海新区志敏养殖场,2026-09-05 21:13:00,3.55,8.08,7.002,7.3755000000000015
天津市滨海新区志敏养殖场,2026-09-06 00:25:00,9.93,3.55,6.678,7.87045
天津市滨海新区志敏养殖场,2026-09-06 05:47:00,9.54,9.93,7.362,7.534299999999997
天津市滨海新区志敏养殖场,2026-09-06 10:25:00,6.75,9.54,7.15,7.0597999999999965
天津市滨海新区志敏养殖场,2026-09-06 15:57:00,6.56,6.75,7.016,6.7824500000000025
天津市滨海新区志敏养殖场,2026-09-06 21:25:00,8.79,6.56,6.856,6.905049999999997
天津市滨海新区志敏养殖场,2026-09-07 00:32:00,6.37,8.79,5.886,7.863299999999997
天津市滨海新区志敏养殖场,2026-09-07 05:51:00,5.08,6.37,5.998,7.282349999999997
天津市滨海新区志敏养殖场,2026-09-07 10:07:00,7.99,5.08,7.096000000000001,7.238600000000003
天津市滨海新区志敏养殖场,2026-09-07 15:24:00,8.08,7.99,5.916,7.236800000000001
天津市滨海新区志敏养殖场,2026-09-07 21:00:00,6.41,8.08,7.6,6.978900000000001
天津市滨海新区志敏养殖场,2026-09-08 00:21:00,9.07,6.41,6.944,7.388150000000004
天津市滨海新区志敏养殖场,2026-09-08 05:59:00,7.9,9.07,7.42,7.70045
天津市滨海新区志敏养殖场,2026-09-08 10:07:00,6.77,7.9,7.162000000000001,7.45085
天津市滨海新区志敏养殖场,2026-09-08 15:50:00,3.38,6.77,6.418000000000001,7.272600000000003
天津市滨海新区志敏养殖场,2026-09-08 21:00:00,8.2,3.38,7.934,7.550649999999996
天津市滨海新区志敏养殖场,2026-09-09 00:26:00,5.32,8.2,7.958,7.304099999999998
天津市滨海新区志敏养殖场,2026-09-09 05:53:00,5.96,5.32,6.486,7.48719999999999
天津市滨海新区志敏养殖场,2026-09-09 10:16:00,6.19,5.96,4.991999999999999,7.070550000000001
天津市滨海新区志敏养殖场,2026-09-09 15:47:00,6.07,6.19,6.648000000000001,7.232050000000003
天津市滨海新区志敏养殖场,2026-09-09 21:20:00,6.64,6.07,6.518000000000001,7.103950000000003
天津市滨海新区志敏养殖场,2026-09-10 00:33:00,8.35,6.64,7.882,7.67129999999999
天津市滨海新区志敏养殖场,2026-09-10 05:36:00,5.88,8.35,6.55,7.4605999999999995
天津市滨海新区志敏养殖场,2026-09-10 10:29:00,6.97,5.88,5.287999999999999,6.8272
天津市滨海新区志敏养殖场,2026-09-10 15:36:00,8.84,6.97,6.892,7.104750000000004
天津市滨海新区志敏养殖场,2026-09-10 21:10:00,5.05,8.84,8.379999999999999,7.41725
天津市滨海新区志敏养殖场,2026-09-11 00:28:00,5.25,5.05,7.438,7.794300000000004
天津市滨海新区志敏养殖场,2026-09-11 05:35:00,3.54,5.25,7.546000000000001,7.39475
天津市滨海新区志敏养殖场,2026-09-11 10:20:00,5.32,3.54,7.6659999999999995,6.94975
天津市滨海新区志敏养殖场,2026-09-11 15:27:00,7.85,5.32,7.959999999999999,7.090700000000001
天津市滨海新区志敏养殖场,2026-09-11 21:11:00,6.47,7.85,6.354000000000001,6.7216999999999985
天津市滨海新区志敏养殖场,2026-09-12 00:02:00,5.63,6.47,6.742,6.873099999999999
天津市滨海新区志敏养殖场,2026-09-12 05:42:00,5.85,5.63,5.901999999999999,7.120099999999995
天津市滨海新区志敏养殖场,2026-09-12 10:32:00,8.37,5.85,7.822,7.258600000000002
天津市滨海新区志敏养殖场,2026-09-12 15:45:00,3.58,8.37,6.876,6.7677
天津市滨海新区志敏养殖场,2026-09-12 21:00:00,8.49,3.58,7.142,7.402900000000006
天津市滨海新区志敏养殖场,2026-09-13 00:15:00,9.68,8.49,6.3919999999999995,7.296649999999999
天津市滨海新区志敏养殖场,2026-09-13 05:36:00,8.47,9.68,6.287999999999999,7.360399999999998
天津市滨海新区志敏养殖场,2026-09-13 10:33:00,8.7,8.47,7.6659999999999995,7.169399999999997
天津市滨海新区志敏养殖场,2026-09-13 15:41:00,3.67,8.7,6.884,7.108849999999995
天津市滨海新区志敏养殖场,2026-09-13 21:09:00,9.91,3.67,7.448,7.503449999999997
天津市滨海新区志敏养殖场,2026-09-14 00:13:00,5.92,9.91,8.492,7.620250000000004
天津市滨海新区志敏养殖场,2026-09-14 05:55:00,6.23,5.92,7.126,7.042600000000002
天津市滨海新区志敏养殖场,2026-09-14 10:18:00,7.54,6.23,7.6,6.836199999999998
天津市滨海新区志敏养殖场,2026-09-14 15:54:00,6.23,7.54,6.728,6.945300000000002
天津市滨海新区志敏养殖场,2026-09-14 21:25:00,9.14,6.23,7.360000000000001,8.070149999999998
天津市滨海新区志敏养殖场,2026-09-15 00:09:00,3.72,9.14,7.075999999999999,7.163849999999997
天津市滨海新区志敏养殖场,2026-09-15 05:35:00,8.24,3.72,6.675999999999999,7.602300000000001
天津市滨海新区志敏养殖场,2026-09-15 10:34:00,3.5,8.24,6.308,7.193750000000001
天津市滨海新区志敏养殖场,2026-09-15 15:24:00,8.63,3.5,7.052000000000001,6.656599999999997
天津市滨海新区志敏养殖场,2026-09-15 21:16:00,8.79,8.63,8.164,7.649599999999997
天津市滨海新区志敏养殖场,2026-09-16 00:14:00,5.34,8.79,7.478,7.474550000000002
天津市滨海新区志敏养殖场,2026-09-16 05:36:00,8.05,5.34,7.0280000000000005,7.372049999999999
天津市滨海新区志敏养殖场,2026-09-16 10:07:00,8.77,8.05,7.715999999999999,6.858599999999998
天津市滨海新区志敏养殖场,2026-09-16 15:24:00,5.33,8.77,7.304,6.897500000000001
天津市滨海新区志敏养殖场,2026-09-16 21:27:00,6.19,5.33,7.522,7.696100000000001
天津市滨海新区志敏养殖场,2026-09-17 00:19:00,5.96,6.19,6.81,8.208300000000001
天津市滨海新区志敏养殖场,2026-09-17 05:51:00,8.48,5.96,5.942,7.423850000000003
天津市滨海新区志敏养殖场,2026-09-17 10:08:00,8.69,8.48,7.091999999999999,6.838799999999996
天津市滨海新区志敏养殖场,2026-09-17 15:24:00,5.21,8.69,6.3759999999999994,6.656700000000001
天津市滨海新区志敏养殖场,2026-09-17 21:14:00,8.93,5.21,6.640000000000001,7.32405
天津市滨海新区志敏养殖场,2026-09-18 00:30:00,9.17,8.93,4.178,6.631500000000004
天津市滨海新区志敏养殖场,2026-09-18 05:53:00,8.81,9.17,6.954000000000001,7.278000000000005
天津市滨海新区志敏养殖场,2026-09-18 10:36:00,8.3,8.81,7.352000000000001,6.471299999999997
天津市滨海新区志敏养殖场,2026-09-18 15:41:00,8.53,8.3,7.4719999999999995,6.902350000000001
天津市滨海新区志敏养殖场,2026-09-18 21:06:00,5.22,8.53,9.034,7.649899999999995
天津市滨海新区志敏养殖场,2026-09-19 00:27:00,5.97,5.22,8.462,7.664400000000004
天津市滨海新区志敏养殖场,2026-09-19 05:58:00,8.88,5.97,7.366,7.383449999999995
天津市滨海新区志敏养殖场,2026-09-19 10:04:00,3.14,8.88,6.909999999999999,6.393300000000006
天津市滨海新区志敏养殖场,2026-09-19 15:42:00,8.16,3.14,6.978,7.031400000000001
天津市滨海新区志敏养殖场,2026-09-19 21:27:00,6.54,8.16,6.909999999999999,7.385550000000006
天津市滨海新区志敏养殖场,2026-09-20 00:06:00,6.3,6.54,5.976,7.252849999999998
天津市滨海新区志敏养殖场,2026-09-20 05:34:00,5.53,6.3,6.390000000000001,7.153100000000003
天津市滨海新区志敏养殖场,2026-09-20 10:23:00,7.77,5.53,6.446000000000001,6.882399999999999
天津市滨海新区志敏养殖场,2026-09-20 15:38:00,5.52,7.77,6.2700000000000005,7.240550000000002
天津市滨海新区志敏养殖场,2026-09-20 21:07:00,3.91,5.52,7.723999999999999,7.801500000000002
天津市滨海新区志敏养殖场,2026-09-21 00:08:00,5.67,3.91,7.562,7.601199999999999
天津市滨海新区志敏养殖场,2026-09-21 05:59:00,9.25,5.67,6.85,7.166999999999999
天津市滨海新区志敏养殖场,2026-09-21 10:33:00,7.91,9.25,5.534,7.059799999999993
天津市滨海新区志敏养殖场,2026-09-21 15:52:00,3.0,7.91,7.3,7.397049999999992
天津市滨海新区志敏养殖场,2026-09-21 21:13:00,8.93,3.0,8.675999999999998,7.3949500000000015
天津市滨海新区志敏养殖场,2026-09-22 00:10:00,3.35,8.93,5.642,6.815049999999998
天津市滨海新区志敏养殖场,2026-09-22 05:40:00,3.63,3.35,7.392,7.527650000000002
天津市滨海新区志敏养殖场,2026-09-22 10:34:00,8.27,3.63,6.798,6.957799999999997
天津市滨海新区志敏养殖场,2026-09-22 15:38:00,3.84,8.27,7.151999999999999,6.98795
天津市滨海新区志敏养殖场,2026-09-22 21:12:00,9.9,3.84,6.901999999999999,7.682049999999992
天津市滨海新区李金山养殖场,2025-09-28 05:59:00,6.87,5.83,6.4,6.276500000000003
天津市滨海新区李金山养殖场,2025-09-28 10:25:00,7.26,6.87,6.82,6.2658499999999995
天津市滨海新区李金山养殖场,2025-09-28 15:35:00,7.5,7.26,6.424000000000001,6.992049999999998
天津市滨海新区李金山养殖场,2025-09-28 21:21:00,6.6,7.5,6.132,6.853199999999999
天津市滨海新区李金山养殖场,2025-09-29 00:10:00,6.86,6.6,7.454000000000001,6.993250000000004
天津市滨海新区李金山养殖场,2025-09-29 05:52:00,8.82,6.86,6.256,6.131300000000007
天津市滨海新区李金山养殖场,2025-09-29 10:05:00,7.8,8.82,6.273999999999999,6.270950000000002
天津市滨海新区李金山养殖场,2025-09-29 15:48:00,8.08,7.8,7.5680000000000005,6.113949999999999
天津市滨海新区李金山养殖场,2025-09-29 21:00:00,9.75,8.08,7.252000000000001,6.9857000000000005
天津市滨海新区李金山养殖场,2025-09-30 00:33:00,5.89,9.75,8.042,6.875100000000001
天津市滨海新区李金山养殖场,2025-09-30 05:54:00,9.3,5.89,7.06,6.850750000000002
天津市滨海新区李金山养殖场,2025-09-30 10:28:00,3.86,9.3,6.426,6.157999999999999
天津市滨海新区李金山养殖场,2025-09-30 15:33:00,8.56,3.86,7.104000000000001,6.7029999999999985
天津市滨海新区李金山养殖场,2025-09-30 21:27:00,9.07,8.56,5.356,6.9935
天津市滨海新区李金山养殖场,2025-10-11 00:36:00,10.32,9.07,7.206,7.262049999999997
天津市滨海新区李金山养殖场,2025-10-11 05:59:00,9.55,10.32,6.453999999999999,9.058449999999999
天津市滨海新区李金山养殖场,2025-10-11 10:15:00,8.81,9.55,9.756,8.013900000000007
天津市滨海新区李金山养殖场,2025-10-11 15:39:00,9.93,8.81,8.898,8.317949999999993
天津市滨海新区李金山养殖场,2025-10-11 21:02:00,11.26,9.93,10.354,10.0809
天津市滨海新区李金山养殖场,2025-10-12 00:28:00,10.1,11.26,10.534,9.907300000000006
天津市滨海新区李金山养殖场,2025-10-12 05:59:00,10.22,10.1,9.51,9.854099999999997
天津市滨海新区李金山养殖场,2025-10-12 10:35:00,8.55,10.22,9.925999999999998,8.951400000000007
天津市滨海新区李金山养殖场,2025-10-12 15:58:00,9.7,8.55,9.95,8.470399999999994
天津市滨海新区李金山养殖场,2025-10-12 21:14:00,10.22,9.7,10.36,10.464500000000001
天津市滨海新区李金山养殖场,2025-10-13 00:05:00,10.72,10.22,10.661999999999999,10.091899999999988
天津市滨海新区李金山养殖场,2025-10-13 05:47:00,10.07,10.72,10.21,9.590350000000004
天津市滨海新区李金山养殖场,2025-10-13 10:33:00,8.73,10.07,9.674,8.7351
天津市滨海新区李金山养殖场,2025-10-13 15:34:00,8.77,8.73,9.784,9.039000000000003
天津市滨海新区李金山养殖场,2025-10-13 21:17:00,11.33,8.77,9.462,10.482650000000003
天津市滨海新区李金山养殖场,2025-10-14 00:20:00,9.8,11.33,10.568,10.204000000000002
天津市滨海新区李金山养殖场,2025-10-14 05:44:00,9.74,9.8,9.601999999999999,9.479650000000001
天津市滨海新区李金山养殖场,2025-10-14 10:02:00,8.31,9.74,9.028,9.197899999999999
天津市滨海新区李金山养殖场,2025-10-14 15:43:00,10.4,8.31,10.258,9.302649999999998
天津市滨海新区李金山养殖场,2025-10-14 21:14:00,9.29,10.4,10.338,10.257149999999998
天津市滨海新区李金山养殖场,2025-10-15 00:12:00,10.08,9.29,10.657999999999998,10.351050000000004
天津市滨海新区李金山养殖场,2025-10-15 05:42:00,8.49,10.08,9.860000000000001,9.266550000000002
天津市滨海新区李金山养殖场,2025-10-15 10:03:00,8.85,8.49,9.208,9.114950000000004
天津市滨海新区李金山养殖场,2025-10-15 15:33:00,9.62,8.85,9.791999999999998,8.008299999999997
天津市滨海新区李金山养殖场,2025-10-15 21:26:00,10.16,9.62,9.838000000000001,10.03244999999999
天津市滨海新区李金山养殖场,2025-10-16 00:11:00,9.09,10.16,10.02,10.308150000000001
天津市滨海新区李金山养殖场,2025-10-16 05:54:00,8.76,9.09,9.788,9.393500000000007
天津市滨海新区李金山养殖场,2025-10-16 10:34:00,9.5,8.76,9.174,8.868999999999996
天津市滨海新区李金山养殖场,2025-10-16 15:37:00,9.93,9.5,9.062000000000001,8.112799999999995
天津市滨海新区李金山养殖场,2025-10-16 21:00:00,10.21,9.93,10.664,9.579450000000001
天津市滨海新区李金山养殖场,2025-10-17 00:03:00,9.61,10.21,10.209999999999999,10.259699999999993
天津市滨海新区李金山养殖场,2025-10-17 05:59:00,9.51,9.61,9.788,9.40875
天津市滨海新区李金山养殖场,2025-10-17 10:15:00,8.59,9.51,9.435999999999998,9.026699999999998
天津市滨海新区李金山养殖场,2025-10-17 15:55:00,9.64,8.59,9.708,8.924850000000003
天津市滨海新区李金山养殖场,2025-10-17 21:04:00,10.84,9.64,10.118,9.974300000000005
天津市滨海新区李金山养殖场,2025-10-18 00:03:00,10.3,10.84,10.556,10.158000000000003
天津市滨海新区李金山养殖场,2025-10-18 05:34:00,10.09,10.3,9.443999999999999,9.122249999999998
天津市滨海新区李金山养殖场,2025-10-18 10:10:00,9.48,10.09,9.293999999999999,8.78655
天津市滨海新区李金山养殖场,2025-10-18 15:31:00,9.77,9.48,9.867999999999999,9.35225
天津市滨海新区李金山养殖场,2025-10-18 21:01:00,10.44,9.77,10.190000000000001,10.224900000000002
天津市滨海新区李金山养殖场,2025-10-19 00:28:00,10.47,10.44,10.586,10.0764
天津市滨海新区李金山养殖场,2025-10-19 05:49:00,9.92,10.47,9.864,9.648050000000007
天津市滨海新区李金山养殖场,2025-10-19 10:27:00,9.08,9.92,9.256,8.963199999999995
天津市滨海新区李金山养殖场,2025-10-19 15:39:00,9.76,9.08,9.222,9.015600000000003
天津市滨海新区李金山养殖场,2025-10-19 21:13:00,10.64,9.76,10.336000000000002,10.159150000000006
天津市滨海新区李金山养殖场,2025-10-20 00:10:00,10.33,10.64,10.612,10.42695
天津市滨海新区李金山养殖场,2025-10-20 05:57:00,10.25,10.33,9.517999999999999,9.348999999999998
天津市滨海新区李金山养殖场,2025-10-20 10:38:00,8.7,10.25,9.28,9.060750000000002
天津市滨海新区李金山养殖场,2025-10-20 15:56:00,9.84,8.7,9.669999999999998,9.061499999999999
天津市滨海新区李金山养殖场,2025-10-20 21:06:00,9.9,9.84,10.41,10.287550000000001
天津市滨海新区李金山养殖场,2025-10-21 00:24:00,9.97,9.9,10.58,10.369949999999996
天津市滨海新区李金山养殖场,2025-10-21 05:59:00,10.78,9.97,9.552,9.438249999999996
天津市滨海新区李金山养殖场,2025-10-21 10:33:00,9.52,10.78,9.934000000000001,9.381549999999999
天津市滨海新区李金山养殖场,2025-10-21 15:32:00,9.61,9.52,9.898,9.497899999999996
天津市滨海新区李金山养殖场,2025-10-21 21:05:00,10.52,9.61,10.528,10.32755
天津市滨海新区李金山养殖场,2025-10-22 00:18:00,10.25,10.52,9.962,10.398099999999994
天津市滨海新区李金山养殖场,2025-10-22 05:59:00,9.6,10.25,9.388,9.618950000000007
天津市滨海新区李金山养殖场,2025-10-22 10:20:00,9.36,9.6,9.894,9.009200000000005
天津市滨海新区李金山养殖场,2025-10-22 15:29:00,9.33,9.36,10.014,9.192
天津市滨海新区李金山养殖场,2025-10-22 21:09:00,10.31,9.33,10.422,10.416550000000003
天津市滨海新区李金山养殖场,2025-10-23 00:09:00,10.36,10.31,10.33,10.508900000000004
天津市滨海新区李金山养殖场,2025-10-23 05:56:00,9.6,10.36,9.904,9.15745
天津市滨海新区李金山养殖场,2025-10-23 10:28:00,9.26,9.6,9.422,8.381799999999998
天津市滨海新区李金山养殖场,2025-10-23 15:49:00,9.98,9.26,9.258,8.961049999999998
天津市滨海新区李金山养殖场,2025-10-23 21:04:00,10.14,9.98,10.054,9.925349999999996
天津市滨海新区李金山养殖场,2025-10-24 00:20:00,10.2,10.14,10.476,10.196950000000001
天津市滨海新区李金山养殖场,2025-10-24 05:48:00,9.85,10.2,9.968,9.284650000000001
天津市滨海新区李金山养殖场,2025-10-24 10:28:00,9.56,9.85,9.568000000000001,9.119449999999995
天津市滨海新区李金山养殖场,2025-10-24 15:42:00,8.43,9.56,9.349999999999998,9.281300000000005
天津市滨海新区李金山养殖场,2025-10-24 21:17:00,10.0,8.43,10.218,10.15575
天津市滨海新区李金山养殖场,2025-10-25 00:25:00,10.48,10.0,10.68,10.335599999999989
天津市滨海新区李金山养殖场,2025-10-25 05:56:00,10.53,10.48,9.806000000000001,9.738149999999992
天津市滨海新区李金山养殖场,2025-10-25 10:11:00,8.37,10.53,9.18,9.46735
天津市滨海新区李金山养殖场,2025-10-25 15:35:00,10.12,8.37,9.85,9.3757
天津市滨海新区李金山养殖场,2025-10-25 21:04:00,10.16,10.12,10.578,10.31735
天津市滨海新区李金山养殖场,2025-10-26 00:38:00,9.92,10.16,10.68,10.323749999999993
天津市滨海新区李金山养殖场,2025-10-26 05:56:00,9.08,9.92,9.858,9.568450000000006
天津市滨海新区李金山养殖场,2025-10-26 10:17:00,8.7,9.08,9.416,9.177600000000005
天津市滨海新区李金山养殖场,2025-10-26 15:23:00,8.95,8.7,9.461999999999998,9.224299999999998
天津市滨海新区李金山养殖场,2025-10-26 21:13:00,10.99,8.95,10.056000000000001,10.139000000000003
天津市滨海新区李金山养殖场,2025-10-27 00:35:00,10.05,10.99,10.386,10.395250000000006
天津市滨海新区李金山养殖场,2025-10-27 05:59:00,8.82,10.05,9.578,9.315000000000012
天津市滨海新区李金山养殖场,2025-10-27 10:04:00,8.8,8.82,9.248000000000001,8.726700000000001
天津市滨海新区李金山养殖场,2025-10-27 15:26:00,9.9,8.8,9.886,9.271399999999998
天津市滨海新区李金山养殖场,2025-10-27 21:22:00,9.46,9.9,10.66,10.272149999999996
天津市滨海新区李金山养殖场,2025-10-28 00:12:00,10.37,9.46,11.1,10.060649999999997
天津市滨海新区李金山养殖场,2025-10-28 05:55:00,9.85,10.37,10.145999999999999,9.654300000000005
天津市滨海新区李金山养殖场,2025-10-28 10:38:00,8.95,9.85,10.099999999999998,9.050350000000002
天津市滨海新区李金山养殖场,2025-10-28 15:42:00,9.48,8.95,9.264,9.318249999999999
天津市滨海新区李金山养殖场,2025-10-28 21:23:00,10.67,9.48,10.656,10.35835
天津市滨海新区李金山养殖场,2025-10-29 00:29:00,10.57,10.67,9.794,10.469150000000003
天津市滨海新区李金山养殖场,2025-10-29 05:59:00,9.26,10.57,9.032,9.800799999999999
天津市滨海新区李金山养殖场,2025-10-29 10:18:00,8.71,9.26,9.308,9.395549999999998
天津市滨海新区李金山养殖场,2025-10-29 15:45:00,9.09,8.71,9.825999999999999,9.106899999999996
天津市滨海新区李金山养殖场,2025-10-29 21:13:00,9.86,9.09,10.41,10.28635
天津市滨海新区李金山养殖场,2025-10-30 00:13:00,10.53,9.86,10.532,10.367450000000003
天津市滨海新区李金山养殖场,2025-10-30 05:51:00,10.25,10.53,9.818,9.700600000000007
天津市滨海新区李金山养殖场,2025-10-30 10:19:00,9.28,10.25,9.336,9.147099999999998
天津市滨海新区李金山养殖场,2025-10-30 15:32:00,9.17,9.28,9.656,9.028799999999997
天津市滨海新区李金山养殖场,2025-10-30 21:09:00,9.97,9.17,9.925999999999998,10.392449999999998
天津市滨海新区李金山养殖场,2025-11-03 00:24:00,11.27,9.97,10.770000000000001,10.34995
天津市滨海新区李金山养殖场,2025-11-03 05:48:00,10.68,11.27,9.943999999999999,10.336799999999998
天津市滨海新区李金山养殖场,2025-11-03 10:30:00,9.35,10.68,9.522,9.904599999999995
天津市滨海新区李金山养殖场,2025-11-03 15:48:00,10.11,9.35,9.957999999999998,10.074099999999998
天津市滨海新区李金山养殖场,2025-11-03 21:17:00,11.38,10.11,10.562,10.982250000000004
天津市滨海新区李金山养殖场,2025-11-04 00:31:00,11.96,11.38,10.698,11.097200000000003
天津市滨海新区李金山养殖场,2025-11-04 05:59:00,10.09,11.96,10.114,10.6281
天津市滨海新区李金山养殖场,2025-11-04 10:26:00,10.27,10.09,9.722,9.995150000000006
天津市滨海新区李金山养殖场,2025-11-04 15:41:00,10.2,10.27,10.262,10.175099999999997
天津市滨海新区李金山养殖场,2025-11-04 21:13:00,11.49,10.2,10.332,10.974350000000001
天津市滨海新区李金山养殖场,2025-11-05 00:07:00,10.53,11.49,10.446000000000002,11.070499999999992
天津市滨海新区李金山养殖场,2025-11-05 05:59:00,10.0,10.53,10.395999999999999,10.441800000000006
天津市滨海新区李金山养殖场,2025-11-05 10:11:00,9.38,10.0,9.514,10.092250000000003
天津市滨海新区李金山养殖场,2025-11-05 15:46:00,9.16,9.38,10.456,10.218950000000003
天津市滨海新区李金山养殖场,2025-11-05 21:00:00,11.55,9.16,10.6,10.774849999999997
天津市滨海新区李金山养殖场,2025-11-06 00:15:00,10.74,11.55,11.165999999999999,11.0073
天津市滨海新区李金山养殖场,2025-11-06 05:38:00,11.05,10.74,10.15,10.4055
天津市滨海新区李金山养殖场,2025-11-06 10:38:00,9.25,11.05,10.282,10.078349999999999
天津市滨海新区李金山养殖场,2025-11-06 15:48:00,10.28,9.25,10.506,10.120550000000005
天津市滨海新区李金山养殖场,2025-11-06 21:14:00,11.26,10.28,10.940000000000001,10.98190000000001
天津市滨海新区李金山养殖场,2025-11-07 00:20:00,11.32,11.26,11.408000000000001,11.083
天津市滨海新区李金山养殖场,2025-11-07 05:45:00,10.15,11.32,10.241999999999999,10.164450000000002
天津市滨海新区李金山养殖场,2025-11-07 10:20:00,9.81,10.15,10.052000000000001,10.108199999999993
天津市滨海新区李金山养殖场,2025-11-07 15:26:00,10.54,9.81,10.111999999999998,10.361199999999995
天津市滨海新区李金山养殖场,2025-11-07 21:23:00,11.06,10.54,10.636,11.093050000000007
天津市滨海新区李金山养殖场,2025-11-08 00:20:00,10.93,11.06,11.126000000000001,11.135349999999999
天津市滨海新区李金山养殖场,2025-11-08 05:33:00,10.77,10.93,10.644,10.478650000000002
天津市滨海新区李金山养殖场,2025-11-08 10:18:00,10.17,10.77,10.104000000000001,10.133249999999999
天津市滨海新区李金山养殖场,2025-11-08 15:58:00,10.34,10.17,10.463999999999999,10.285699999999993
天津市滨海新区李金山养殖场,2025-11-08 21:17:00,11.2,10.34,11.313999999999998,11.057099999999993
天津市滨海新区李金山养殖场,2025-11-09 00:24:00,11.25,11.2,10.986,11.076950000000002
天津市滨海新区李金山养殖场,2025-11-09 05:39:00,10.98,11.25,10.406,10.592700000000004
天津市滨海新区李金山养殖场,2025-11-09 10:08:00,9.73,10.98,9.786,10.293000000000001
天津市滨海新区李金山养殖场,2025-11-09 15:55:00,9.75,9.73,10.186,10.236999999999995
天津市滨海新区李金山养殖场,2025-11-09 21:19:00,10.95,9.75,10.652,11.020100000000003
天津市滨海新区李金山养殖场,2025-11-10 00:03:00,11.21,10.95,11.120000000000001,11.28900000000001
天津市滨海新区李金山养殖场,2025-11-10 05:50:00,9.93,11.21,10.466,10.48615
天津市滨海新区李金山养殖场,2025-11-10 10:25:00,8.98,9.93,9.734,10.081549999999998
天津市滨海新区李金山养殖场,2025-11-10 15:50:00,11.27,8.98,10.568,10.157000000000005
天津市滨海新区李金山养殖场,2025-11-10 21:01:00,11.11,11.27,10.400000000000002,11.034950000000004
天津市滨海新区李金山养殖场,2025-11-11 00:37:00,10.7,11.11,10.866000000000001,10.933200000000006
天津市滨海新区李金山养殖场,2025-11-11 05:55:00,10.32,10.7,10.442,10.451250000000009
天津市滨海新区李金山养殖场,2025-11-11 10:30:00,10.06,10.32,9.672,9.912849999999997
天津市滨海新区李金山养殖场,2025-11-11 15:49:00,10.12,10.06,10.346,10.00925
天津市滨海新区李金山养殖场,2025-11-11 21:10:00,11.33,10.12,10.828,11.024150000000006
天津市滨海新区李金山养殖场,2025-11-12 00:14:00,10.62,11.33,10.698,11.18815
天津市滨海新区李金山养殖场,2025-11-12 05:39:00,11.18,10.62,10.075999999999999,10.308600000000002
天津市滨海新区李金山养殖场,2025-11-12 10:35:00,9.89,11.18,9.928,10.1575
天津市滨海新区李金山养殖场,2025-11-12 15:50:00,10.33,9.89,10.392,10.27609999999999
天津市滨海新区李金山养殖场,2025-11-12 21:26:00,11.18,10.33,10.6,10.793900000000002
天津市滨海新区李金山养殖场,2025-11-13 00:06:00,11.29,11.18,10.870000000000001,11.169799999999999
天津市滨海新区李金山养殖场,2025-11-13 05:43:00,10.53,11.29,10.059999999999999,10.38675
天津市滨海新区李金山养殖场,2025-11-13 10:32:00,9.95,10.53,9.846,10.026199999999998
天津市滨海新区李金山养殖场,2025-11-13 15:25:00,10.32,9.95,10.161999999999999,10.180099999999998
天津市滨海新区李金山养殖场,2025-11-13 21:06:00,10.74,10.32,10.17,11.120649999999996
天津市滨海新区李金山养殖场,2025-11-14 00:37:00,11.72,10.74,10.974,11.035749999999998
天津市滨海新区李金山养殖场,2025-11-14 05:49:00,10.08,11.72,10.352,10.5793
天津市滨海新区李金山养殖场,2025-11-14 10:12:00,9.54,10.08,9.943999999999999,10.047750000000008
天津市滨海新区李金山养殖场,2025-11-14 15:24:00,10.34,9.54,10.152,10.057900000000002
天津市滨海新区李金山养殖场,2025-11-14 21:12:00,9.99,10.34,10.586000000000002,10.634350000000005
天津市滨海新区李金山养殖场,2025-11-15 00:24:00,10.62,9.99,10.874,10.951550000000005
天津市滨海新区李金山养殖场,2025-11-15 05:34:00,10.59,10.62,10.812,10.245599999999989
天津市滨海新区李金山养殖场,2025-11-15 10:30:00,10.51,10.59,9.82,10.135649999999993
天津市滨海新区李金山养殖场,2025-11-15 15:39:00,10.95,10.51,10.28,10.107200000000008
天津市滨海新区李金山养殖场,2025-11-15 21:24:00,10.91,10.95,10.338,10.953499999999993
天津市滨海新区李金山养殖场,2025-11-16 00:33:00,11.67,10.91,10.692,11.083250000000003
天津市滨海新区李金山养殖场,2025-11-16 05:59:00,10.81,11.67,10.636,10.3677
天津市滨海新区李金山养殖场,2025-11-16 10:24:00,9.87,10.81,9.883999999999999,10.164549999999998
天津市滨海新区李金山养殖场,2025-11-16 15:29:00,9.43,9.87,10.413999999999998,10.255199999999997
天津市滨海新区李金山养殖场,2025-11-16 21:03:00,10.76,9.43,10.734,10.867349999999997
天津市滨海新区李金山养殖场,2025-11-17 00:16:00,10.41,10.76,11.02,11.037099999999999
天津市滨海新区李金山养殖场,2025-11-17 05:48:00,10.12,10.41,10.364,10.259949999999995
天津市滨海新区李金山养殖场,2025-11-17 10:35:00,10.51,10.12,10.032,10.037650000000003
天津市滨海新区李金山养殖场,2025-11-17 15:39:00,10.36,10.51,10.465999999999998,10.1944
天津市滨海新区李金山养殖场,2025-11-17 21:05:00,10.4,10.36,9.948,10.897800000000002
天津市滨海新区李金山养殖场,2025-11-18 00:08:00,10.97,10.4,10.989999999999998,11.100499999999997
天津市滨海新区李金山养殖场,2025-11-18 05:41:00,10.95,10.97,10.726,10.420749999999998
天津市滨海新区李金山养殖场,2025-11-18 10:19:00,10.39,10.95,9.938,10.224100000000005
天津市滨海新区李金山养殖场,2025-11-18 15:22:00,10.04,10.39,10.192,10.245749999999997
天津市滨海新区李金山养殖场,2025-11-18 21:02:00,10.37,10.04,10.347999999999999,11.250199999999992
天津市滨海新区李金山养殖场,2025-11-19 00:31:00,10.88,10.37,10.286,11.138850000000009
天津市滨海新区李金山养殖场,2025-11-19 05:53:00,10.59,10.88,9.95,10.383949999999997
天津市滨海新区李金山养殖场,2025-11-19 10:03:00,9.37,10.59,9.575999999999999,10.347449999999997
天津市滨海新区李金山养殖场,2025-11-19 15:47:00,9.85,9.37,10.251999999999999,10.308449999999999
天津市滨海新区李金山养殖场,2025-11-19 21:02:00,10.36,9.85,10.512,11.0764
天津市滨海新区李金山养殖场,2025-11-20 00:36:00,11.54,10.36,10.774,11.065899999999997
天津市滨海新区李金山养殖场,2025-11-20 05:59:00,11.13,11.54,10.428,10.375600000000002
天津市滨海新区李金山养殖场,2025-11-20 10:24:00,8.99,11.13,10.428,10.3889
天津市滨海新区李金山养殖场,2025-11-20 15:35:00,10.17,8.99,10.292,10.131199999999996
天津市滨海新区李金山养殖场,2025-11-20 21:09:00,10.86,10.17,10.766,10.890900000000002
天津市滨海新区李金山养殖场,2025-11-21 00:37:00,11.04,10.86,10.943999999999999,11.018150000000006
天津市滨海新区李金山养殖场,2025-11-21 05:38:00,10.08,11.04,10.578,10.26585
天津市滨海新区李金山养殖场,2025-11-21 10:25:00,9.31,10.08,10.34,10.197649999999998
天津市滨海新区李金山养殖场,2025-11-21 15:26:00,9.15,9.31,10.005999999999998,10.013999999999994
天津市滨海新区李金山养殖场,2025-11-21 21:01:00,11.27,9.15,10.34,10.604650000000003
天津市滨海新区李金山养殖场,2025-11-22 00:21:00,10.48,11.27,10.386000000000001,10.734199999999994
天津市滨海新区李金山养殖场,2025-11-22 05:58:00,11.15,10.48,9.958,10.151850000000003
天津市滨海新区李金山养殖场,2025-11-22 10:20:00,9.09,11.15,9.878,10.135249999999997
天津市滨海新区李金山养殖场,2025-11-22 15:28:00,10.58,9.09,10.138,10.109499999999999
天津市滨海新区李金山养殖场,2025-11-22 21:06:00,11.95,10.58,10.277999999999999,10.962749999999994
天津市滨海新区李金山养殖场,2025-12-15 13:38:00,2.9,11.95,10.828,11.025850000000005
天津市滨海新区李金山养殖场,2025-12-15 17:38:00,12.9,2.9,9.846,9.626250000000004
天津市滨海新区李金山养殖场,2025-12-16 01:39:00,12.5,12.9,10.616,11.097099999999994
天津市滨海新区李金山养殖场,2025-12-16 05:40:00,12.2,12.5,10.576,10.867099999999999
天津市滨海新区李金山养殖场,2025-12-16 09:40:00,12.4,12.2,10.486,10.762149999999997
天津市滨海新区李金山养殖场,2025-12-16 17:40:00,13.1,12.4,11.332,11.262049999999997
天津市滨海新区李金山养殖场,2025-12-16 21:40:00,12.5,13.1,10.876,12.233299999999993
天津市滨海新区李金山养殖场,2025-12-17 01:41:00,12.5,12.5,11.966,12.51189999999999
天津市滨海新区李金山养殖场,2025-12-17 05:41:00,13.0,12.5,11.495999999999999,11.945349999999992
天津市滨海新区李金山养殖场,2025-12-17 09:41:00,13.0,13.0,10.926,11.745499999999991
天津市滨海新区李金山养殖场,2025-12-17 13:41:00,13.5,13.0,11.278,12.0798
天津市滨海新区李金山养殖场,2025-12-17 17:41:00,13.8,13.5,11.516,12.301800000000004
天津市滨海新区李金山养殖场,2025-12-17 21:42:00,13.5,13.8,11.77,12.568949999999994
天津市滨海新区李金山养殖场,2025-12-18 01:42:00,13.5,13.5,12.106,12.480999999999993
天津市滨海新区李金山养殖场,2025-12-18 05:42:00,13.4,13.5,11.024,12.018100000000006
天津市滨海新区李金山养殖场,2025-12-18 09:42:00,13.5,13.4,11.056000000000001,11.922200000000005
天津市滨海新区李金山养殖场,2025-12-18 13:42:00,13.9,13.5,11.434,12.092400000000005
天津市滨海新区李金山养殖场,2025-12-18 21:43:00,13.2,13.9,11.512,12.42335000000001
天津市滨海新区李金山养殖场,2025-12-19 01:43:00,13.2,13.2,12.110000000000001,12.564399999999988
天津市滨海新区李金山养殖场,2025-12-19 05:43:00,13.7,13.2,11.145999999999999,12.017950000000003
天津市滨海新区李金山养殖场,2025-12-19 09:43:00,13.9,13.7,10.512,11.840199999999998
天津市滨海新区李金山养殖场,2025-12-19 13:44:00,14.7,13.9,11.632,12.147200000000005
天津市滨海新区李金山养殖场,2025-12-19 17:44:00,15.0,14.7,12.08,12.430750000000003
天津市滨海新区李金山养殖场,2025-12-20 01:44:00,13.8,15.0,12.546000000000001,12.63399999999999
天津市滨海新区李金山养殖场,2025-12-20 05:44:00,13.8,13.8,11.399999999999999,12.01025
天津市滨海新区李金山养殖场,2025-12-20 21:45:00,13.7,13.8,11.248000000000001,11.883199999999997
天津市滨海新区李金山养殖场,2025-12-21 01:46:00,13.7,13.7,12.14,12.463399999999988
天津市滨海新区李金山养殖场,2025-12-21 05:46:00,13.3,13.7,11.692000000000002,12.200650000000003
天津市滨海新区李金山养殖场,2025-12-21 09:46:00,13.3,13.3,12.002,12.268550000000003
天津市滨海新区李金山养殖场,2025-12-21 13:46:00,13.7,13.3,11.906,11.99585
天津市滨海新区李金山养殖场,2025-12-21 17:46:00,13.9,13.7,11.814000000000002,12.249000000000013
天津市滨海新区李金山养殖场,2025-12-21 21:47:00,13.9,13.9,12.148,12.543799999999987
天津市滨海新区李金山养殖场,2025-12-22 01:47:00,13.9,13.9,12.152000000000001,12.490799999999988
天津市滨海新区李金山养殖场,2025-12-22 05:47:00,13.4,13.9,11.95,11.9865
天津市滨海新区李金山养殖场,2025-12-22 09:47:00,13.5,13.4,12.136,11.842549999999996
天津市滨海新区李金山养殖场,2025-12-22 13:47:00,14.0,13.5,11.538,11.948850000000002
天津市滨海新区李金山养殖场,2025-12-22 17:48:00,14.2,14.0,12.15,12.181300000000004
天津市滨海新区李金山养殖场,2025-12-22 21:48:00,13.7,14.2,11.726,12.58604999999999
天津市滨海新区李金山养殖场,2025-12-23 01:48:00,13.7,13.7,11.818,12.50759999999999
天津市滨海新区李金山养殖场,2025-12-23 05:48:00,13.5,13.7,12.032,11.765150000000004
天津市滨海新区李金山养殖场,2025-12-23 09:48:00,13.5,13.5,11.738,11.800799999999999
天津市滨海新区李金山养殖场,2025-12-23 13:49:00,12.5,13.5,12.002,11.926149999999998
天津市滨海新区李金山养殖场,2025-12-23 21:49:00,14.7,12.5,11.652,12.284950000000006
天津市滨海新区李金山养殖场,2025-12-24 01:49:00,14.7,14.7,12.196000000000002,12.647299999999984
天津市滨海新区李金山养殖场,2025-12-24 05:50:00,14.4,14.7,11.974,11.81405
天津市滨海新区李金山养殖场,2025-12-24 09:50:00,14.5,14.4,11.172,11.714999999999996
天津市滨海新区李金山养殖场,2025-12-24 13:50:00,15.3,14.5,11.11,11.9112
天津市滨海新区李金山养殖场,2025-12-24 17:50:00,14.4,15.3,11.953999999999999,12.247100000000003
天津市滨海新区李金山养殖场,2025-12-25 01:51:00,14.0,14.4,11.494,12.586049999999991
天津市滨海新区李金山养殖场,2025-12-25 09:51:00,13.7,14.0,11.418000000000001,11.88855
天津市滨海新区李金山养殖场,2025-12-25 13:52:00,13.6,13.7,11.318000000000001,11.939849999999996
天津市滨海新区李金山养殖场,2025-12-25 17:52:00,12.3,13.6,11.429999999999998,12.079450000000001
天津市滨海新区李金山养殖场,2025-12-26 01:52:00,13.8,12.3,12.553999999999998,12.48699999999999
天津市滨海新区李金山养殖场,2025-12-26 05:53:00,14.2,13.8,11.738,11.810399999999998
天津市滨海新区李金山养殖场,2025-12-26 13:53:00,14.4,14.2,10.906,11.741700000000002
天津市滨海新区李金山养殖场,2025-12-26 17:53:00,14.3,14.4,12.034,12.053800000000003
天津市滨海新区李金山养殖场,2025-12-26 21:54:00,14.4,14.3,11.936,12.482699999999992
天津市滨海新区李金山养殖场,2025-12-27 01:54:00,14.4,14.4,12.554,12.533349999999995
天津市滨海新区李金山养殖场,2025-12-27 05:54:00,14.4,14.4,11.878,11.87575
天津市滨海新区李金山养殖场,2025-12-27 09:54:00,14.7,14.4,11.116,11.716199999999997
天津市滨海新区李金山养殖场,2025-12-27 13:54:00,15.5,14.7,11.540000000000001,11.928950000000002
天津市滨海新区李金山养殖场,2025-12-27 17:55:00,14.4,15.5,12.419999999999998,12.2705
天津市滨海新区李金山养殖场,2025-12-27 21:55:00,9.8,14.4,12.554,12.632199999999987
天津市滨海新区李金山养殖场,2025-12-28 01:55:00,9.8,9.8,11.33,11.08415
天津市滨海新区李金山养殖场,2025-12-28 05:55:00,9.4,9.8,11.344,10.745849999999995
天津市滨海新区李金山养殖场,2025-12-28 09:55:00,13.8,9.4,11.484,10.326300000000005
天津市滨海新区李金山养殖场,2025-12-28 17:56:00,14.4,13.8,11.376,10.911800000000007
天津市滨海新区李金山养殖场,2025-12-28 21:56:00,14.2,14.4,11.59,11.139449999999997
天津市滨海新区李金山养殖场,2025-12-29 01:56:00,14.2,14.2,11.376,10.983399999999996
天津市滨海新区李金山养殖场,2025-12-29 05:57:00,13.8,14.2,11.516000000000002,11.526200000000001
天津市滨海新区李金山养殖场,2025-12-29 09:57:00,14.3,13.8,10.718,11.475449999999999
天津市滨海新区李金山养殖场,2025-12-29 13:57:00,14.4,14.3,11.614,11.209000000000001
天津市滨海新区李金山养殖场,2025-12-29 17:57:00,14.7,14.4,12.092,12.279200000000003
天津市滨海新区李金山养殖场,2025-12-29 21:57:00,16.9,14.7,12.246,12.550200000000002
天津市滨海新区李金山养殖场,2025-12-30 05:58:00,16.6,16.9,12.251999999999999,12.407199999999994
天津市滨海新区李金山养殖场,2025-12-30 09:58:00,16.7,16.6,12.252,11.825850000000003
天津市滨海新区李金山养殖场,2025-12-30 13:58:00,17.2,16.7,12.252,12.080050000000002
天津市滨海新区李金山养殖场,2025-12-30 21:59:00,15.9,17.2,12.298,12.066850000000004
天津市滨海新区李金山养殖场,2025-12-31 01:59:00,15.9,15.9,12.294,12.486199999999998
天津市滨海新区李金山养殖场,2025-12-31 05:59:00,17.1,15.9,12.251999999999999,11.842399999999996
天津市滨海新区李金山养殖场,2025-12-31 09:59:00,17.3,17.1,11.937999999999999,11.798500000000004
天津市滨海新区李金山养殖场,2025-12-31 13:59:00,18.4,17.3,12.187999999999999,11.892099999999997
天津市滨海新区李金山养殖场,2025-12-31 18:00:00,17.1,18.4,12.384,12.387000000000002
天津市滨海新区李金山养殖场,2026-01-08 22:10:00,17.4,17.1,12.392,12.714949999999998
天津市滨海新区李金山养殖场,2026-01-09 10:10:00,16.7,17.4,11.722,12.172799999999997
天津市滨海新区李金山养殖场,2026-01-09 14:11:00,17.0,16.7,11.664000000000001,11.674450000000004
天津市滨海新区李金山养殖场,2026-01-09 18:11:00,17.0,17.0,11.057999999999998,12.19290000000001
天津市滨海新区李金山养殖场,2026-01-09 22:11:00,17.0,17.0,12.074000000000002,12.205000000000005
天津市滨海新区李金山养殖场,2026-01-10 02:12:00,17.0,17.0,12.492,12.151150000000008
天津市滨海新区李金山养殖场,2026-01-10 06:12:00,17.2,17.0,11.462,11.5579
天津市滨海新区李金山养殖场,2026-01-10 10:12:00,17.4,17.2,11.112,11.531249999999995
天津市滨海新区李金山养殖场,2026-01-10 14:13:00,18.0,17.4,10.822,11.632549999999997
天津市滨海新区李金山养殖场,2026-01-10 18:13:00,12.6,18.0,12.152000000000001,12.227000000000011
天津市滨海新区李金山养殖场,2026-01-10 22:13:00,9.8,12.6,11.942,12.136900000000004
天津市滨海新区李金山养殖场,2026-01-11 02:13:00,9.6,9.8,12.29,11.693150000000001
天津市滨海新区李金山养殖场,2026-01-11 06:14:00,9.5,9.6,11.478,11.094700000000005
天津市滨海新区李金山养殖场,2026-01-11 10:14:00,9.3,9.5,11.664000000000001,10.790500000000003
天津市滨海新区李金山养殖场,2026-01-11 14:14:00,5.94,9.3,11.83,10.731550000000011
天津市滨海新区李金山养殖场,2026-01-11 18:15:00,3.28,5.94,11.414,11.002600000000003
天津市滨海新区李金山养殖场,2026-01-12 02:15:00,9.3,3.28,10.91,10.890900000000004
天津市滨海新区李金山养殖场,2026-01-12 06:15:00,9.2,9.3,10.708000000000002,10.585400000000003
天津市滨海新区李金山养殖场,2026-01-12 14:16:00,3.18,9.2,10.124,10.649499999999998
天津市滨海新区李金山养殖场,2026-01-12 18:16:00,9.3,3.18,11.28,11.02355000000001
天津市滨海新区李金山养殖场,2026-01-13 02:16:00,3.71,9.3,11.612,11.45055000000001
天津市滨海新区李金山养殖场,2026-01-13 06:17:00,5.21,3.71,9.331999999999999,10.511050000000012
天津市滨海新区李金山养殖场,2026-01-13 10:17:00,8.82,5.21,10.576,10.539300000000008
天津市滨海新区李金山养殖场,2026-01-13 14:17:00,9.5,8.82,11.494,10.505300000000007
天津市滨海新区李金山养殖场,2026-01-13 18:17:00,10.36,9.5,11.31,11.552549999999998
天津市滨海新区李金山养殖场,2026-01-13 22:18:00,8.65,10.36,11.794,11.409950000000011
天津市滨海新区李金山养殖场,2026-01-14 02:18:00,9.3,8.65,11.432000000000002,11.040250000000016
天津市滨海新区李金山养殖场,2026-01-14 06:18:00,9.3,9.3,10.579999999999998,10.727550000000003
天津市滨海新区李金山养殖场,2026-01-14 10:19:00,8.24,9.3,10.782,10.631599999999999
天津市滨海新区李金山养殖场,2026-01-14 14:19:00,9.6,8.24,11.564000000000002,10.542150000000003
天津市滨海新区李金山养殖场,2026-01-14 18:19:00,11.05,9.6,11.642,11.5199
天津市滨海新区李金山养殖场,2026-01-14 22:19:00,9.19,11.05,11.974,11.507450000000008
天津市滨海新区李金山养殖场,2026-01-15 06:20:00,5.04,9.19,11.328,11.095200000000004
天津市滨海新区李金山养殖场,2026-01-15 18:20:00,9.84,5.04,11.206,10.52785
天津市滨海新区李金山养殖场,2026-01-15 22:20:00,9.76,9.84,11.685999999999998,11.396500000000009
天津市滨海新区李金山养殖场,2026-01-16 02:21:00,9.3,9.76,11.628,11.208550000000011
天津市滨海新区李金山养殖场,2026-01-16 06:21:00,3.46,9.3,10.714000000000002,10.839000000000008
天津市滨海新区李金山养殖场,2026-01-16 10:21:00,9.34,3.46,10.703999999999999,10.505449999999996
天津市滨海新区李金山养殖场,2026-01-16 14:21:00,9.19,9.34,11.03,10.625550000000002
天津市滨海新区李金山养殖场,2026-01-16 18:21:00,9.42,9.19,11.474,11.382550000000013
天津市滨海新区李金山养殖场,2026-01-16 22:22:00,7.66,9.42,12.028,11.096300000000006
天津市滨海新区李金山养殖场,2026-01-17 06:22:00,5.92,7.66,12.175999999999998,10.971050000000012
天津市滨海新区李金山养殖场,2026-01-17 10:22:00,8.24,5.92,10.868,10.480250000000007
天津市滨海新区李金山养殖场,2026-01-17 14:22:00,8.49,8.24,11.764,10.5102
天津市滨海新区李金山养殖场,2026-01-17 18:22:00,9.94,8.49,12.006,11.01840000000001
天津市滨海新区李金山养殖场,2026-01-17 22:23:00,9.66,9.94,11.602,11.326350000000005
天津市滨海新区李金山养殖场,2026-01-18 02:23:00,9.3,9.66,11.742,11.161250000000003
天津市滨海新区李金山养殖场,2026-01-18 06:23:00,9.3,9.3,11.192,10.681550000000007
天津市滨海新区李金山养殖场,2026-01-18 10:23:00,9.28,9.3,11.13,10.687550000000003
天津市滨海新区李金山养殖场,2026-01-18 14:23:00,7.8,9.28,12.038,10.556849999999999
天津市滨海新区李金山养殖场,2026-01-18 18:24:00,17.3,7.8,11.432,11.442400000000006
天津市滨海新区李金山养殖场,2026-01-18 22:24:00,19.9,17.3,12.118,11.840800000000003
天津市滨海新区李金山养殖场,2026-01-19 02:24:00,18.8,19.9,11.794,11.837600000000009
天津市滨海新区李金山养殖场,2026-01-19 06:24:00,19.4,18.8,11.11,11.367599999999996
天津市滨海新区李金山养殖场,2026-01-19 10:25:00,19.5,19.4,10.888000000000002,11.260050000000009
天津市滨海新区李金山养殖场,2026-01-19 14:25:00,19.7,19.5,11.374,11.427399999999999
天津市滨海新区李金山养殖场,2026-01-19 18:25:00,20.1,19.7,11.932,12.044950000000004
天津市滨海新区李金山养殖场,2026-01-19 22:25:00,20.5,20.1,11.516000000000002,12.09280000000001
天津市滨海新区李金山养殖场,2026-01-20 02:25:00,20.1,20.5,11.492,12.050250000000005
天津市滨海新区李金山养殖场,2026-01-20 06:26:00,20.9,20.1,11.096,11.53815
天津市滨海新区李金山养殖场,2026-01-20 10:26:00,20.9,20.9,11.120000000000001,11.42735
天津市滨海新区李金山养殖场,2026-01-20 14:26:00,20.2,20.9,11.106,11.481850000000007
天津市滨海新区李金山养殖场,2026-01-20 18:26:00,20.6,20.2,11.768,12.133400000000009
天津市滨海新区李金山养殖场,2026-01-20 22:26:00,21.9,20.6,11.666,12.152800000000004
天津市滨海新区李金山养殖场,2026-01-21 02:27:00,20.1,21.9,11.818000000000001,12.130649999999997
天津市滨海新区李金山养殖场,2026-01-21 06:27:00,20.0,20.1,11.278,11.367699999999996
天津市滨海新区李金山养殖场,2026-01-21 10:27:00,20.0,20.0,10.918000000000001,11.206549999999998
天津市滨海新区李金山养殖场,2026-01-21 14:27:00,19.3,20.0,11.214,11.455650000000006
天津市滨海新区李金山养殖场,2026-01-21 18:28:00,20.4,19.3,11.846,11.992900000000011
天津市滨海新区李金山养殖场,2026-01-21 22:28:00,20.7,20.4,11.954000000000002,12.107650000000001
天津市滨海新区李金山养殖场,2026-01-22 02:28:00,19.8,20.7,11.292,12.07720000000001
天津市滨海新区李金山养殖场,2026-01-22 06:28:00,19.8,19.8,11.356,11.42210000000001
天津市滨海新区李金山养殖场,2026-01-22 10:29:00,19.8,19.8,11.278,11.229000000000001
天津市滨海新区李金山养殖场,2026-01-22 14:29:00,18.3,19.8,12.032,11.529399999999999
天津市滨海新区李金山养殖场,2026-01-22 18:29:00,16.7,18.3,12.092,11.961150000000007
天津市滨海新区李金山养殖场,2026-01-22 22:30:00,18.4,16.7,12.042,12.065300000000004
天津市滨海新区李金山养殖场,2026-01-23 02:30:00,19.1,18.4,11.922,12.078450000000002
天津市滨海新区李金山养殖场,2026-01-23 10:30:00,18.1,19.1,11.111999999999998,11.416850000000004
天津市滨海新区李金山养殖场,2026-01-23 14:30:00,18.4,18.1,10.966,11.473400000000002
天津市滨海新区李金山养殖场,2026-01-23 18:31:00,17.9,18.4,11.224,11.987649999999995
天津市滨海新区李金山养殖场,2026-01-23 22:31:00,18.7,17.9,11.91,12.13175
天津市滨海新区李金山养殖场,2026-01-24 02:31:00,18.5,18.7,11.744,12.087550000000007
天津市滨海新区李金山养殖场,2026-01-24 06:31:00,18.6,18.5,11.177999999999999,11.359299999999992
天津市滨海新区李金山养殖场,2026-01-24 10:32:00,18.1,18.6,10.92,11.463750000000003
天津市滨海新区李金山养殖场,2026-01-24 14:32:00,18.1,18.1,11.617999999999999,11.450700000000005
天津市滨海新区李金山养殖场,2026-02-11 11:56:00,18.5,18.1,11.91,12.15535
天津市滨海新区李金山养殖场,2026-02-11 15:56:00,18.9,18.5,11.55,11.527350000000002
天津市滨海新区李金山养殖场,2026-02-11 19:56:00,20.4,18.9,12.078,12.174850000000001
天津市滨海新区李金山养殖场,2026-02-11 23:56:00,19.5,20.4,12.456,12.167250000000013
天津市滨海新区李金山养殖场,2026-02-12 03:56:00,19.0,19.5,12.012,12.16160000000001
天津市滨海新区李金山养殖场,2026-03-12 00:36:00,11.04,19.0,10.815999999999999,11.273799999999994
天津市滨海新区李金山养殖场,2026-03-12 05:59:00,9.97,11.04,10.84,11.180749999999998
天津市滨海新区李金山养殖场,2026-03-12 10:09:00,9.95,9.97,11.408000000000001,10.997099999999998
天津市滨海新区李金山养殖场,2026-03-12 15:26:00,10.2,9.95,11.975999999999999,11.03455
天津市滨海新区李金山养殖场,2026-03-12 21:02:00,11.59,10.2,11.995999999999999,11.609000000000004
天津市滨海新区李金山养殖场,2026-03-13 00:19:00,11.87,11.59,11.718,11.243450000000012
天津市滨海新区李金山养殖场,2026-03-13 05:40:00,10.94,11.87,11.076,10.585250000000004
天津市滨海新区李金山养殖场,2026-03-13 10:28:00,9.81,10.94,10.552000000000001,10.339300000000001
天津市滨海新区李金山养殖场,2026-03-13 15:43:00,9.68,9.81,11.55,10.320849999999993
天津市滨海新区李金山养殖场,2026-03-13 21:00:00,11.35,9.68,12.49,11.417400000000017
天津市滨海新区李金山养殖场,2026-03-14 00:23:00,11.22,11.35,12.017999999999999,11.14380000000001
天津市滨海新区李金山养殖场,2026-03-14 05:32:00,9.85,11.22,10.768,10.574100000000003
天津市滨海新区李金山养殖场,2026-03-14 10:09:00,9.2,9.85,10.952,10.126300000000002
天津市滨海新区李金山养殖场,2026-03-14 15:58:00,9.56,9.2,11.22,10.279300000000003
天津市滨海新区李金山养殖场,2026-03-14 21:19:00,10.49,9.56,11.922,11.31530000000001
天津市滨海新区李金山养殖场,2026-03-15 00:24:00,11.65,10.49,11.004,11.15835
天津市滨海新区李金山养殖场,2026-03-15 05:47:00,11.08,11.65,11.059999999999999,10.707900000000002
天津市滨海新区李金山养殖场,2026-03-15 10:31:00,10.51,11.08,10.4,10.4551
天津市滨海新区李金山养殖场,2026-03-15 15:54:00,10.4,10.51,10.628,10.2935
天津市滨海新区李金山养殖场,2026-03-15 21:27:00,10.6,10.4,11.818000000000001,11.510350000000008
天津市滨海新区李金山养殖场,2026-03-16 00:11:00,11.2,10.6,11.832,11.373950000000011
天津市滨海新区李金山养殖场,2026-03-16 05:35:00,11.02,11.2,11.086,10.6201
天津市滨海新区李金山养殖场,2026-03-16 10:19:00,9.96,11.02,10.592000000000002,10.237499999999997
天津市滨海新区李金山养殖场,2026-03-16 15:26:00,9.31,9.96,10.814,10.433500000000008
天津市滨海新区李金山养殖场,2026-03-16 21:00:00,11.66,9.31,11.074,11.149400000000007
天津市滨海新区李金山养殖场,2026-03-17 00:02:00,10.79,11.66,11.752,11.253050000000005
天津市滨海新区李金山养殖场,2026-03-17 05:47:00,11.17,10.79,10.272,10.693000000000005
天津市滨海新区李金山养殖场,2026-03-17 10:27:00,11.02,11.17,10.239999999999998,10.171100000000003
天津市滨海新区李金山养殖场,2026-03-17 15:34:00,10.64,11.02,10.844,10.560099999999998
天津市滨海新区李金山养殖场,2026-03-17 21:04:00,11.85,10.64,11.86,11.46580000000001
天津市滨海新区李金山养殖场,2026-03-18 00:31:00,11.69,11.85,11.596,11.625450000000008
天津市滨海新区李金山养殖场,2026-03-18 05:52:00,10.31,11.69,11.15,10.65435
天津市滨海新区李金山养殖场,2026-03-18 10:35:00,9.62,10.31,10.718,10.14375
天津市滨海新区李金山养殖场,2026-03-18 15:34:00,10.32,9.62,10.925999999999998,10.432249999999996
天津市滨海新区李金山养殖场,2026-03-18 21:00:00,11.14,10.32,11.164000000000001,11.216250000000002
天津市滨海新区李金山养殖场,2026-03-19 00:19:00,10.7,11.14,11.42,11.355299999999998
天津市滨海新区李金山养殖场,2026-03-19 05:37:00,11.07,10.7,10.526,10.5583
天津市滨海新区李金山养殖场,2026-03-19 10:27:00,9.09,11.07,10.484,10.123799999999996
天津市滨海新区李金山养殖场,2026-03-19 15:42:00,10.33,9.09,10.106000000000002,10.377400000000002
天津市滨海新区李金山养殖场,2026-03-19 21:13:00,11.38,10.33,11.058,11.16705
天津市滨海新区李金山养殖场,2026-03-20 00:24:00,11.36,11.38,11.266,11.180750000000014
天津市滨海新区李金山养殖场,2026-03-20 05:54:00,10.55,11.36,10.45,10.440050000000006
天津市滨海新区李金山养殖场,2026-03-20 10:19:00,9.15,10.55,10.054,10.165950000000002
天津市滨海新区李金山养殖场,2026-03-20 15:36:00,10.73,9.15,10.620000000000001,10.333549999999997
天津市滨海新区李金山养殖场,2026-03-20 21:25:00,11.47,10.73,11.75,11.271050000000002
天津市滨海新区李金山养殖场,2026-03-21 00:18:00,10.99,11.47,11.552000000000001,11.42955
天津市滨海新区李金山养殖场,2026-03-21 05:52:00,10.55,10.99,10.958,10.434450000000005
天津市滨海新区李金山养殖场,2026-03-21 10:23:00,10.41,10.55,10.202,10.08925
天津市滨海新区李金山养殖场,2026-03-21 15:54:00,10.59,10.41,11.05,10.437249999999992
天津市滨海新区李金山养殖场,2026-03-21 21:00:00,11.45,10.59,11.907999999999998,11.19335
天津市滨海新区李金山养殖场,2026-03-22 00:04:00,11.84,11.45,12.110000000000001,11.512650000000006
天津市滨海新区李金山养殖场,2026-03-22 05:59:00,10.85,11.84,11.028,10.623050000000003
天津市滨海新区李金山养殖场,2026-03-22 10:36:00,10.42,10.85,10.882,10.241049999999994
天津市滨海新区李金山养殖场,2026-03-22 15:50:00,11.12,10.42,11.28,10.513399999999997
天津市滨海新区李金山养殖场,2026-03-22 21:00:00,10.95,11.12,11.034,11.316650000000003
天津市滨海新区李金山养殖场,2026-03-23 00:11:00,11.59,10.95,12.102,11.2899
天津市滨海新区李金山养殖场,2026-03-23 05:59:00,10.21,11.59,10.904,10.776199999999994
天津市滨海新区李金山养殖场,2026-03-23 10:08:00,11.13,10.21,10.6,10.326549999999992
天津市滨海新区李金山养殖场,2026-03-23 15:32:00,10.8,11.13,10.928,10.467149999999998
天津市滨海新区李金山养殖场,2026-03-23 21:27:00,11.12,10.8,11.761999999999999,11.336900000000005
天津市滨海新区李金山养殖场,2026-03-24 00:10:00,11.84,11.12,11.734,11.604050000000006
天津市滨海新区李金山养殖场,2026-03-24 05:50:00,10.91,11.84,11.203999999999999,10.775700000000008
天津市滨海新区李金山养殖场,2026-03-24 10:18:00,9.78,10.91,10.681999999999999,10.274
天津市滨海新区李金山养殖场,2026-03-24 15:35:00,10.4,9.78,10.698,10.340250000000005
天津市滨海新区李金山养殖场,2026-03-24 21:12:00,12.09,10.4,11.582,11.513600000000006
天津市滨海新区李金山养殖场,2026-03-25 00:33:00,11.2,12.09,11.574,11.430100000000005
天津市滨海新区李金山养殖场,2026-03-25 05:53:00,10.82,11.2,10.495999999999999,10.503000000000004
天津市滨海新区李金山养殖场,2026-03-25 10:17:00,10.34,10.82,10.425999999999998,10.265050000000004
天津市滨海新区李金山养殖场,2026-03-25 15:47:00,9.86,10.34,10.812000000000001,10.275500000000001
天津市滨海新区李金山养殖场,2026-03-25 21:20:00,11.47,9.86,11.498000000000001,11.410349999999996
天津市滨海新区李金山养殖场,2026-03-26 00:28:00,11.61,11.47,11.76,11.16720000000001
天津市滨海新区李金山养殖场,2026-03-26 05:34:00,11.01,11.61,10.290000000000001,10.58465
天津市滨海新区李金山养殖场,2026-03-26 10:26:00,10.46,11.01,10.330000000000002,10.434799999999994
天津市滨海新区李金山养殖场,2026-03-26 15:25:00,10.4,10.46,11.112,10.678549999999998
天津市滨海新区李金山养殖场,2026-03-26 21:07:00,11.63,10.4,11.617999999999999,11.455900000000009
天津市滨海新区李金山养殖场,2026-03-27 00:31:00,11.25,11.63,11.864,11.539899999999998
天津市滨海新区李金山养殖场,2026-03-27 05:51:00,10.23,11.25,10.936000000000002,10.601499999999998
天津市滨海新区李金山养殖场,2026-03-27 10:15:00,10.86,10.23,10.266,10.254000000000003
天津市滨海新区李金山养殖场,2026-03-27 15:53:00,10.79,10.86,10.442000000000002,10.408000000000001
天津市滨海新区李金山养殖场,2026-03-27 21:27:00,11.03,10.79,11.422,11.212449999999999
天津市滨海新区李金山养殖场,2026-03-28 00:21:00,12.04,11.03,11.356,11.392100000000005
天津市滨海新区李金山养殖场,2026-03-28 05:59:00,11.18,12.04,10.806000000000001,10.684050000000003
天津市滨海新区李金山养殖场,2026-03-28 10:31:00,9.55,11.18,10.144,9.952950000000008
天津市滨海新区李金山养殖场,2026-03-28 15:38:00,10.25,9.55,10.666,10.2091
天津市滨海新区李金山养殖场,2026-03-28 21:10:00,11.31,10.25,11.358,11.380649999999997
天津市滨海新区李金山养殖场,2026-03-29 00:27:00,11.92,11.31,11.57,11.052800000000012
天津市滨海新区李金山养殖场,2026-03-29 05:59:00,10.7,11.92,10.656,10.841449999999998
天津市滨海新区李金山养殖场,2026-03-29 10:20:00,11.37,10.7,10.244,10.339699999999993
天津市滨海新区李金山养殖场,2026-03-29 15:38:00,11.21,11.37,10.894,10.53975
天津市滨海新区李金山养殖场,2026-03-29 21:19:00,12.27,11.21,11.725999999999999,11.463250000000007
天津市滨海新区李金山养殖场,2026-03-30 00:08:00,11.85,12.27,11.584,11.667000000000003
天津市滨海新区李金山养殖场,2026-03-30 05:59:00,10.48,11.85,10.382,10.690550000000004
天津市滨海新区李金山养殖场,2026-03-30 10:14:00,10.51,10.48,10.356,10.329200000000004
天津市滨海新区李金山养殖场,2026-03-30 15:50:00,10.42,10.51,10.604,10.627400000000002
天津市滨海新区李金山养殖场,2026-03-30 21:18:00,11.61,10.42,11.538,11.394450000000012
天津市滨海新区李金山养殖场,2026-03-31 00:15:00,10.48,11.61,11.782000000000002,11.611399999999996
天津市滨海新区李金山养殖场,2026-03-31 05:41:00,11.25,10.48,10.466,10.386949999999999
天津市滨海新区李金山养殖场,2026-03-31 10:18:00,9.76,11.25,10.514,10.413200000000007
天津市滨海新区李金山养殖场,2026-03-31 15:28:00,10.33,9.76,10.394,10.316550000000001
天津市滨海新区李金山养殖场,2026-03-31 21:00:00,11.85,10.33,11.386,11.16755
天津市滨海新区李金山养殖场,2026-04-09 00:18:00,10.49,11.85,11.606000000000002,11.457350000000005
天津市滨海新区李金山养殖场,2026-04-09 05:45:00,10.3,10.49,10.35,9.92115
天津市滨海新区李金山养殖场,2026-04-09 10:37:00,9.68,10.3,10.672,10.064050000000002
天津市滨海新区李金山养殖场,2026-04-09 15:43:00,9.09,9.68,10.118,9.933599999999991
天津市滨海新区李金山养殖场,2026-04-09 21:02:00,9.36,9.09,11.166,10.368949999999998
天津市滨海新区李金山养殖场,2026-04-10 00:03:00,10.92,9.36,11.088,10.427399999999993
天津市滨海新区李金山养殖场,2026-04-10 05:59:00,10.19,10.92,10.552,9.870349999999995
天津市滨海新区李金山养殖场,2026-04-10 10:35:00,8.98,10.19,9.916,9.77505
天津市滨海新区李金山养殖场,2026-04-10 15:50:00,9.98,8.98,10.336000000000002,9.330100000000003
天津市滨海新区李金山养殖场,2026-04-10 21:16:00,10.81,9.98,11.104000000000001,10.432749999999999
天津市滨海新区李金山养殖场,2026-04-11 00:35:00,10.38,10.81,10.218,10.411949999999996
天津市滨海新区李金山养殖场,2026-04-11 05:45:00,10.1,10.38,9.704,9.890450000000001
天津市滨海新区李金山养殖场,2026-04-11 10:10:00,9.47,10.1,9.809999999999999,9.47465
天津市滨海新区李金山养殖场,2026-04-11 15:23:00,9.29,9.47,9.792000000000002,9.417999999999997
天津市滨海新区李金山养殖场,2026-04-11 21:26:00,10.55,9.29,10.59,10.601099999999999
天津市滨海新区李金山养殖场,2026-04-12 00:18:00,9.79,10.55,10.724,10.5841
天津市滨海新区李金山养殖场,2026-04-12 05:59:00,9.04,9.79,9.712,9.613349999999999
天津市滨海新区李金山养殖场,2026-04-12 10:08:00,9.54,9.04,9.158000000000001,9.28945
天津市滨海新区李金山养殖场,2026-04-12 15:36:00,9.56,9.54,10.06,9.822349999999998
天津市滨海新区李金山养殖场,2026-04-12 21:25:00,11.12,9.56,10.55,10.463299999999998
天津市滨海新区李金山养殖场,2026-04-13 00:13:00,10.83,11.12,11.352,10.347549999999998
天津市滨海新区李金山养殖场,2026-04-13 05:45:00,10.29,10.83,9.989999999999998,9.487200000000009
天津市滨海新区李金山养殖场,2026-04-13 10:07:00,10.11,10.29,9.634,9.513699999999993
天津市滨海新区李金山养殖场,2026-04-13 15:23:00,10.12,10.11,10.396,9.582099999999999
天津市滨海新区李金山养殖场,2026-04-13 21:20:00,10.88,10.12,10.516000000000002,10.303299999999995
天津市滨海新区李金山养殖场,2026-04-14 00:24:00,10.73,10.88,10.404,10.269849999999993
天津市滨海新区李金山养殖场,2026-04-14 05:35:00,10.11,10.73,10.34,9.7081
天津市滨海新区李金山养殖场,2026-04-14 10:06:00,8.97,10.11,9.144000000000002,9.202449999999999
天津市滨海新区李金山养殖场,2026-04-14 15:33:00,9.41,8.97,9.868,9.17855
天津市滨海新区李金山养殖场,2026-04-14 21:12:00,9.92,9.41,10.895999999999999,10.571950000000001
天津市滨海新区李金山养殖场,2026-04-15 00:24:00,10.95,9.92,11.207999999999998,10.259449999999998
天津市滨海新区李金山养殖场,2026-04-15 05:58:00,10.56,10.95,10.052000000000001,9.980200000000004
天津市滨海新区李金山养殖场,2026-04-15 10:34:00,8.87,10.56,9.902000000000001,9.694449999999996
天津市滨海新区李金山养殖场,2026-04-15 15:22:00,9.28,8.87,10.404000000000002,9.539149999999994
天津市滨海新区李金山养殖场,2026-04-15 21:08:00,10.59,9.28,10.783999999999999,10.355549999999992
天津市滨海新区李金山养殖场,2026-04-16 00:09:00,10.65,10.59,10.620000000000001,10.484500000000002
天津市滨海新区李金山养殖场,2026-04-16 05:37:00,9.23,10.65,9.92,9.984699999999993
天津市滨海新区李金山养殖场,2026-04-16 10:02:00,9.59,9.23,9.838,9.69314999999999
天津市滨海新区李金山养殖场,2026-04-16 15:53:00,10.33,9.59,10.088000000000001,9.623549999999991
天津市滨海新区李金山养殖场,2026-04-16 21:17:00,10.89,10.33,10.542,10.392449999999998
天津市滨海新区李金山养殖场,2026-04-17 00:08:00,11.4,10.89,10.754,10.627400000000002
天津市滨海新区李金山养殖场,2026-04-17 05:46:00,9.65,11.4,10.129999999999999,10.146300000000004
天津市滨海新区李金山养殖场,2026-04-17 10:35:00,9.66,9.65,9.440000000000001,9.523249999999997
天津市滨海新区李金山养殖场,2026-04-17 15:37:00,10.23,9.66,10.23,9.852300000000001
天津市滨海新区李金山养殖场,2026-04-17 21:18:00,9.35,10.23,10.232,10.638749999999995
天津市滨海新区李金山养殖场,2026-04-18 00:15:00,9.42,9.35,10.604000000000001,10.41325
天津市滨海新区李金山养殖场,2026-04-18 05:59:00,9.07,9.42,10.15,9.789349999999999
天津市滨海新区李金山养殖场,2026-04-18 10:19:00,9.18,9.07,9.040000000000001,9.300899999999997
天津市滨海新区李金山养殖场,2026-04-18 15:43:00,9.69,9.18,9.767999999999999,9.664449999999999
天津市滨海新区李金山养殖场,2026-04-18 21:20:00,9.6,9.69,10.386,10.270799999999998
天津市滨海新区李金山养殖场,2026-04-19 00:32:00,10.29,9.6,10.47,10.371399999999996
天津市滨海新区李金山养殖场,2026-04-19 05:57:00,9.63,10.29,10.532,9.353400000000008
天津市滨海新区李金山养殖场,2026-04-19 10:25:00,8.38,9.63,9.620000000000001,9.564050000000002
天津市滨海新区李金山养殖场,2026-04-19 15:50:00,9.64,8.38,9.744,9.614849999999995
天津市滨海新区李金山养殖场,2026-04-19 21:01:00,10.25,9.64,10.431999999999999,10.434649999999992
天津市滨海新区李金山养殖场,2026-04-20 00:13:00,11.36,10.25,10.925999999999998,10.30750000000001
天津市滨海新区李金山养殖场,2026-04-20 05:40:00,10.77,11.36,10.216,9.929349999999998
天津市滨海新区李金山养殖场,2026-04-20 10:09:00,9.32,10.77,9.952,9.801749999999998
天津市滨海新区李金山养殖场,2026-04-20 15:23:00,9.26,9.32,10.088000000000001,9.860599999999984
天津市滨海新区李金山养殖场,2026-04-20 21:13:00,10.31,9.26,11.038,10.320400000000012
天津市滨海新区李金山养殖场,2026-04-21 00:25:00,10.12,10.31,10.416,10.448399999999994
天津市滨海新区李金山养殖场,2026-04-21 05:57:00,10.33,10.12,9.55,9.7903
天津市滨海新区李金山养殖场,2026-04-21 10:24:00,9.78,10.33,9.628,9.822549999999994
天津市滨海新区李金山养殖场,2026-04-21 15:33:00,9.02,9.78,9.475999999999999,9.796200000000006
天津市滨海新区李金山养殖场,2026-04-21 21:00:00,11.24,9.02,10.414,10.253199999999993
天津市滨海新区李金山养殖场,2026-04-22 00:30:00,11.22,11.24,10.756,10.378699999999997
天津市滨海新区李金山养殖场,2026-04-22 05:40:00,9.79,11.22,9.764,9.894899999999994
天津市滨海新区李金山养殖场,2026-04-22 10:29:00,8.24,9.79,9.489999999999998,9.5616
天津市滨海新区李金山养殖场,2026-04-22 15:32:00,9.22,8.24,10.170000000000002,9.288350000000003
天津市滨海新区李金山养殖场,2026-04-22 21:00:00,10.72,9.22,10.632,10.481099999999996
天津市滨海新区李金山养殖场,2026-04-23 00:10:00,10.63,10.72,10.77,10.330199999999992
天津市滨海新区李金山养殖场,2026-04-23 05:56:00,10.44,10.63,9.767999999999997,9.85049999999999
天津市滨海新区李金山养殖场,2026-04-23 10:15:00,10.14,10.44,8.488,9.519849999999996
天津市滨海新区李金山养殖场,2026-04-23 15:45:00,9.53,10.14,9.846,9.500699999999998
天津市滨海新区李金山养殖场,2026-04-23 21:10:00,10.79,9.53,10.623999999999999,10.511799999999994
天津市滨海新区李金山养殖场,2026-04-24 00:14:00,10.2,10.79,11.075999999999999,10.407899999999994
天津市滨海新区李金山养殖场,2026-04-24 05:51:00,9.61,10.2,9.808,9.888700000000005
天津市滨海新区李金山养殖场,2026-04-24 10:08:00,9.17,9.61,9.764,9.504599999999996
天津市滨海新区李金山养殖场,2026-04-24 15:24:00,10.04,9.17,9.51,9.4291
天津市滨海新区李金山养殖场,2026-04-24 21:00:00,10.01,10.04,10.446000000000002,10.381299999999996
天津市滨海新区李金山养殖场,2026-04-25 00:13:00,10.03,10.01,10.848,10.471550000000002
天津市滨海新区李金山养殖场,2026-04-25 05:32:00,9.97,10.03,10.661999999999999,9.786549999999997
天津市滨海新区李金山养殖场,2026-04-25 10:05:00,8.53,9.97,9.848,9.311049999999998
天津市滨海新区李金山养殖场,2026-04-25 15:24:00,9.83,8.53,9.978,9.800599999999996
天津市滨海新区李金山养殖场,2026-04-25 21:25:00,10.7,9.83,10.913999999999998,10.525199999999995
天津市滨海新区李金山养殖场,2026-04-26 00:34:00,10.87,10.7,10.540000000000001,10.186049999999993
天津市滨海新区李金山养殖场,2026-04-26 05:46:00,10.14,10.87,9.806000000000001,9.86355
天津市滨海新区李金山养殖场,2026-04-26 10:06:00,9.72,10.14,9.516000000000002,9.532749999999993
天津市滨海新区李金山养殖场,2026-04-26 15:40:00,9.49,9.72,9.738,9.883700000000001
天津市滨海新区李金山养殖场,2026-04-26 21:08:00,10.83,9.49,10.152,10.446550000000004
天津市滨海新区李金山养殖场,2026-04-27 00:25:00,10.38,10.83,11.174000000000001,10.557949999999996
天津市滨海新区李金山养殖场,2026-04-27 05:59:00,10.59,10.38,9.552000000000001,9.656300000000009
天津市滨海新区李金山养殖场,2026-04-27 10:20:00,10.03,10.59,10.008000000000001,9.79240000000001
天津市滨海新区李金山养殖场,2026-04-27 15:38:00,9.94,10.03,9.942,9.892350000000002
天津市滨海新区李金山养殖场,2026-04-27 21:14:00,10.63,9.94,10.331999999999999,10.3862
天津市滨海新区李金山养殖场,2026-04-28 00:32:00,10.59,10.63,10.559999999999999,10.351999999999997
天津市滨海新区李金山养殖场,2026-04-28 05:51:00,10.43,10.59,8.574000000000002,9.857849999999996
天津市滨海新区李金山养殖场,2026-04-28 10:16:00,8.78,10.43,9.898,9.779599999999999
天津市滨海新区李金山养殖场,2026-04-28 15:29:00,9.79,8.78,10.038,9.402549999999996
天津市滨海新区李金山养殖场,2026-04-28 21:25:00,9.7,9.79,10.378,10.501199999999992
天津市滨海新区李金山养殖场,2026-05-06 00:16:00,10.42,9.7,10.13,10.400649999999999
天津市滨海新区李金山养殖场,2026-05-06 05:55:00,3.01,10.42,9.965999999999998,9.441000000000008
天津市滨海新区李金山养殖场,2026-05-06 10:17:00,6.54,3.01,7.702000000000001,7.247600000000001
天津市滨海新区李金山养殖场,2026-05-06 15:34:00,8.04,6.54,8.274000000000001,8.403749999999999
天津市滨海新区李金山养殖场,2026-05-06 21:27:00,9.42,8.04,8.97,9.073700000000004
天津市滨海新区李金山养殖场,2026-05-07 00:06:00,10.07,9.42,8.540000000000001,9.445150000000003
天津市滨海新区李金山养殖场,2026-05-07 05:51:00,8.64,10.07,8.028,8.791800000000006
天津市滨海新区李金山养殖场,2026-05-07 10:22:00,8.65,8.64,6.572,7.1812000000000005
天津市滨海新区李金山养殖场,2026-05-07 15:53:00,9.47,8.65,8.716000000000001,8.884550000000004
天津市滨海新区李金山养殖场,2026-05-07 21:06:00,10.09,9.47,8.144,9.223400000000005
天津市滨海新区李金山养殖场,2026-05-08 00:16:00,9.88,10.09,8.968,9.789449999999999
天津市滨海新区李金山养殖场,2026-05-08 05:46:00,9.67,9.88,8.408,8.693100000000005
天津市滨海新区李金山养殖场,2026-05-08 10:12:00,8.48,9.67,9.244,8.660100000000003
天津市滨海新区李金山养殖场,2026-05-08 15:39:00,8.88,8.48,9.373999999999999,8.517100000000001
天津市滨海新区李金山养殖场,2026-05-08 21:12:00,9.22,8.88,9.916,9.5889
天津市滨海新区李金山养殖场,2026-05-09 00:28:00,10.25,9.22,10.193999999999999,9.795000000000005
天津市滨海新区李金山养殖场,2026-05-09 05:55:00,9.16,10.25,7.786,8.341850000000008
天津市滨海新区李金山养殖场,2026-05-09 10:10:00,9.36,9.16,7.824000000000001,8.5265
天津市滨海新区李金山养殖场,2026-05-09 15:29:00,9.38,9.36,8.297999999999998,8.204099999999993
天津市滨海新区李金山养殖场,2026-05-09 21:02:00,10.17,9.38,9.362,9.324950000000003
天津市滨海新区李金山养殖场,2026-05-10 00:26:00,10.13,10.17,10.18,9.429449999999996
天津市滨海新区李金山养殖场,2026-05-10 05:59:00,5.35,10.13,9.882,8.02090000000001
天津市滨海新区李金山养殖场,2026-05-10 10:36:00,5.74,5.35,7.956,7.436049999999999
天津市滨海新区李金山养殖场,2026-05-10 15:35:00,7.69,5.74,7.74,8.683900000000003
天津市滨海新区李金山养殖场,2026-05-10 21:01:00,9.55,7.69,7.203999999999999,8.130350000000004
天津市滨海新区李金山养殖场,2026-05-11 00:27:00,9.98,9.55,8.738,9.208700000000002
天津市滨海新区李金山养殖场,2026-05-11 05:39:00,8.47,9.98,8.610000000000001,8.035700000000006
天津市滨海新区李金山养殖场,2026-05-11 10:04:00,8.28,8.47,8.059999999999999,8.041000000000004
天津市滨海新区李金山养殖场,2026-05-11 15:25:00,7.78,8.28,8.912,8.8078
天津市滨海新区李金山养殖场,2026-05-11 21:26:00,10.0,7.78,10.123999999999999,9.455850000000003
天津市滨海新区李金山养殖场,2026-05-12 00:19:00,9.76,10.0,10.347999999999999,9.565500000000013
天津市滨海新区李金山养殖场,2026-05-12 05:59:00,5.77,9.76,8.484,7.9422500000000005
天津市滨海新区李金山养殖场,2026-05-12 10:16:00,5.14,5.77,7.360000000000001,7.379249999999997
天津市滨海新区李金山养殖场,2026-05-12 15:58:00,9.07,5.14,7.142,8.645350000000006
天津市滨海新区李金山养殖场,2026-05-12 21:24:00,8.87,9.07,8.282,8.664399999999999
天津市滨海新区李金山养殖场,2026-05-13 00:22:00,9.97,8.87,7.564,9.033600000000007
天津市滨海新区李金山养殖场,2026-05-13 05:33:00,5.49,9.97,6.9,8.322800000000008
天津市滨海新区李金山养殖场,2026-05-13 10:36:00,6.67,5.49,7.74,7.2204000000000015
天津市滨海新区李金山养殖场,2026-05-13 15:24:00,8.82,6.67,7.153999999999999,8.545549999999999
天津市滨海新区李金山养殖场,2026-05-13 21:00:00,9.75,8.82,9.222,9.303500000000005
天津市滨海新区李金山养殖场,2026-05-14 00:32:00,9.94,9.75,7.574000000000001,9.249300000000003
天津市滨海新区李金山养殖场,2026-05-14 05:59:00,9.6,9.94,9.272,8.591050000000003
天津市滨海新区李金山养殖场,2026-05-14 10:30:00,8.51,9.6,8.952,7.756900000000001
天津市滨海新区李金山养殖场,2026-05-14 15:26:00,8.74,8.51,8.219999999999999,8.693599999999996
天津市滨海新区李金山养殖场,2026-05-14 21:00:00,9.78,8.74,10.306000000000001,8.267650000000007
天津市滨海新区李金山养殖场,2026-05-15 00:34:00,9.75,9.78,10.22,9.601650000000001
天津市滨海新区李金山养殖场,2026-05-15 05:59:00,8.93,9.75,9.971999999999998,8.445500000000003
天津市滨海新区李金山养殖场,2026-05-15 10:16:00,8.66,8.93,8.668000000000001,6.996349999999999
天津市滨海新区李金山养殖场,2026-05-15 15:30:00,8.23,8.66,8.85,8.676500000000004
天津市滨海新区李金山养殖场,2026-05-15 21:02:00,9.89,8.23,9.867999999999999,9.523600000000005
天津市滨海新区李金山养殖场,2026-05-16 00:09:00,9.93,9.89,10.05,9.529850000000001
天津市滨海新区李金山养殖场,2026-05-16 05:59:00,5.93,9.93,7.562,8.271650000000008
天津市滨海新区李金山养殖场,2026-05-16 10:13:00,8.23,5.93,7.996,7.203949999999996
天津市滨海新区李金山养殖场,2026-05-16 15:52:00,8.77,8.23,8.947999999999999,7.985700000000001
天津市滨海新区李金山养殖场,2026-05-16 21:21:00,9.72,8.77,9.084,9.399450000000016
天津市滨海新区李金山养殖场,2026-05-17 00:32:00,9.1,9.72,9.26,9.456400000000004
天津市滨海新区李金山养殖场,2026-05-17 05:59:00,8.67,9.1,9.642,8.196100000000001
天津市滨海新区李金山养殖场,2026-05-17 10:12:00,5.12,8.67,7.712000000000001,8.063700000000004
天津市滨海新区李金山养殖场,2026-05-17 15:40:00,9.38,5.12,7.662000000000001,8.675700000000006
天津市滨海新区李金山养殖场,2026-05-17 21:00:00,9.74,9.38,9.780000000000001,9.342600000000006
天津市滨海新区李金山养殖场,2026-05-18 00:21:00,10.22,9.74,9.7,9.923749999999997
天津市滨海新区李金山养殖场,2026-05-18 05:59:00,8.62,10.22,9.097999999999999,7.971900000000002
天津市滨海新区李金山养殖场,2026-05-18 10:06:00,8.94,8.62,7.214,6.878499999999994
天津市滨海新区李金山养殖场,2026-05-18 15:26:00,9.39,8.94,6.962000000000001,8.20185
天津市滨海新区李金山养殖场,2026-05-18 21:09:00,10.33,9.39,10.203999999999999,9.951300000000014
天津市滨海新区李金山养殖场,2026-05-19 00:05:00,5.14,10.33,10.55,9.888500000000002
天津市滨海新区李金山养殖场,2026-05-19 05:40:00,5.59,5.14,8.798,7.792600000000013
天津市滨海新区李金山养殖场,2026-05-19 10:33:00,9.07,5.59,6.81,7.6088999999999976
天津市滨海新区李金山养殖场,2026-05-19 15:41:00,9.36,9.07,7.748,8.61065
天津市滨海新区李金山养殖场,2026-05-19 21:00:00,9.62,9.36,7.678,8.997050000000009
天津市滨海新区李金山养殖场,2026-05-20 00:08:00,10.32,9.62,10.097999999999999,9.956550000000004
天津市滨海新区李金山养殖场,2026-05-20 05:44:00,9.43,10.32,7.511999999999999,7.423900000000003
天津市滨海新区李金山养殖场,2026-05-20 10:05:00,3.05,9.43,6.851999999999999,7.870100000000001
天津市滨海新区李金山养殖场,2026-05-20 15:23:00,9.15,3.05,7.7,7.633899999999999
天津市滨海新区李金山养殖场,2026-05-20 21:14:00,5.97,9.15,9.338,9.729849999999999
天津市滨海新区李金山养殖场,2026-05-21 00:10:00,9.96,5.97,7.758,8.87015
天津市滨海新区李金山养殖场,2026-05-21 05:39:00,9.54,9.96,7.38,8.191350000000002
天津市滨海新区李金山养殖场,2026-05-21 10:14:00,8.37,9.54,9.308,8.546600000000005
天津市滨海新区李金山养殖场,2026-05-21 15:33:00,8.49,8.37,7.192,7.896199999999998
天津市滨海新区李金山养殖场,2026-05-21 21:27:00,9.84,8.49,9.868,9.546199999999997
天津市滨海新区李金山养殖场,2026-05-22 00:38:00,10.18,9.84,8.578,9.640050000000002
天津市滨海新区李金山养殖场,2026-05-22 05:59:00,8.71,10.18,10.115999999999998,8.442100000000009
天津市滨海新区李金山养殖场,2026-05-22 10:17:00,8.45,8.71,9.368,7.813200000000007
天津市滨海新区李金山养殖场,2026-05-22 15:29:00,8.24,8.45,10.022,8.928350000000005
天津市滨海新区李金山养殖场,2026-05-22 21:12:00,9.94,8.24,9.096,9.767200000000004
天津市滨海新区李金山养殖场,2026-05-23 00:11:00,9.9,9.94,9.26,9.824100000000005
天津市滨海新区李金山养殖场,2026-05-23 05:36:00,9.09,9.9,9.346,8.563100000000004
天津市滨海新区李金山养殖场,2026-05-23 10:12:00,3.95,9.09,8.91,7.4486000000000026
天津市滨海新区李金山养殖场,2026-05-23 15:37:00,8.82,3.95,8.544,8.600999999999996
天津市滨海新区李金山养殖场,2026-05-23 21:02:00,9.99,8.82,9.238,9.669800000000016
天津市滨海新区李金山养殖场,2026-05-24 00:30:00,6.8,9.99,10.154,9.517999999999999
天津市滨海新区李金山养殖场,2026-05-24 05:33:00,9.5,6.8,6.628,7.779450000000005
天津市滨海新区李金山养殖场,2026-05-24 10:22:00,8.32,9.5,7.036,7.227249999999998
天津市滨海新区李金山养殖场,2026-05-24 15:35:00,8.24,8.32,7.582000000000001,8.702299999999997
天津市滨海新区李金山养殖场,2026-05-24 21:14:00,10.0,8.24,9.450000000000001,9.496599999999995
天津市滨海新区李金山养殖场,2026-05-25 00:03:00,10.33,10.0,9.924000000000001,9.538100000000009
天津市滨海新区李金山养殖场,2026-05-25 05:59:00,9.43,10.33,7.368,8.154950000000007
天津市滨海新区李金山养殖场,2026-05-25 10:20:00,8.18,9.43,8.491999999999999,6.921299999999999
天津市滨海新区李金山养殖场,2026-05-25 15:56:00,9.32,8.18,9.325999999999999,8.803500000000003
天津市滨海新区李金山养殖场,2026-05-25 21:12:00,10.12,9.32,9.562000000000001,8.997700000000007
天津市滨海新区李金山养殖场,2026-06-08 00:04:00,3.43,10.12,9.558000000000002,9.838800000000003
天津市滨海新区李金山养殖场,2026-06-08 05:40:00,6.81,3.43,6.386,6.186549999999994
天津市滨海新区李金山养殖场,2026-06-08 10:02:00,7.92,6.81,6.160000000000001,6.1408999999999985
天津市滨海新区李金山养殖场,2026-06-08 15:45:00,5.17,7.92,7.894,6.767599999999995
天津市滨海新区李金山养殖场,2026-06-08 21:00:00,5.11,5.17,6.609999999999999,6.870399999999997
天津市滨海新区李金山养殖场,2026-06-09 00:02:00,3.58,5.11,7.903999999999999,6.765599999999998
天津市滨海新区李金山养殖场,2026-06-09 05:56:00,5.71,3.58,6.572,6.716350000000001
天津市滨海新区李金山养殖场,2026-06-09 10:35:00,6.82,5.71,6.1739999999999995,6.543149999999996
天津市滨海新区李金山养殖场,2026-06-09 15:48:00,8.31,6.82,5.26,6.3603499999999995
天津市滨海新区李金山养殖场,2026-06-09 21:20:00,8.83,8.31,7.354000000000001,7.1186500000000015
天津市滨海新区李金山养殖场,2026-06-10 00:34:00,5.12,8.83,7.362,7.028900000000001
天津市滨海新区李金山养殖场,2026-06-10 05:36:00,8.2,5.12,5.89,6.720900000000005
天津市滨海新区李金山养殖场,2026-06-10 10:10:00,6.86,8.2,7.325999999999999,6.247949999999999
天津市滨海新区李金山养殖场,2026-06-10 15:22:00,6.08,6.86,6.182,6.5067499999999985
天津市滨海新区李金山养殖场,2026-06-10 21:06:00,9.93,6.08,8.322,7.629200000000001
天津市滨海新区李金山养殖场,2026-06-11 00:10:00,10.01,9.93,6.052,6.868699999999999
天津市滨海新区李金山养殖场,2026-06-11 05:51:00,8.74,10.01,7.080000000000001,6.516349999999996
天津市滨海新区李金山养殖场,2026-06-11 10:33:00,6.89,8.74,5.654000000000001,5.936549999999999
天津市滨海新区李金山养殖场,2026-06-11 15:22:00,6.36,6.89,6.514,6.079200000000001
天津市滨海新区李金山养殖场,2026-06-11 21:25:00,8.41,6.36,7.184,7.223800000000003
天津市滨海新区李金山养殖场,2026-06-12 00:27:00,8.18,8.41,7.016,6.822349999999995
天津市滨海新区李金山养殖场,2026-06-12 05:32:00,8.56,8.18,6.628,6.682699999999996
天津市滨海新区李金山养殖场,2026-06-12 10:13:00,7.0,8.56,6.544,6.364049999999996
天津市滨海新区李金山养殖场,2026-06-12 15:26:00,6.16,7.0,6.903999999999999,7.1049
天津市滨海新区李金山养殖场,2026-06-12 21:00:00,8.78,6.16,7.566,7.363650000000004
天津市滨海新区李金山养殖场,2026-06-13 00:30:00,6.93,8.78,7.436,7.449600000000003
天津市滨海新区李金山养殖场,2026-06-13 05:33:00,5.15,6.93,7.4,6.828650000000001
天津市滨海新区李金山养殖场,2026-06-13 10:34:00,5.72,5.15,6.75,6.655750000000003
天津市滨海新区李金山养殖场,2026-06-13 15:32:00,3.08,5.72,7.9140000000000015,6.5800499999999955
天津市滨海新区李金山养殖场,2026-06-13 21:16:00,6.5,3.08,6.81,7.502999999999995
天津市滨海新区李金山养殖场,2026-06-14 00:24:00,3.33,6.5,7.922,7.3828
天津市滨海新区李金山养殖场,2026-06-14 05:53:00,6.09,3.33,6.651999999999999,6.293049999999997
天津市滨海新区李金山养殖场,2026-06-14 10:13:00,6.19,6.09,4.965999999999999,6.14755
天津市滨海新区李金山养殖场,2026-06-14 15:23:00,7.44,6.19,7.5920000000000005,6.525499999999995
天津市滨海新区李金山养殖场,2026-06-14 21:26:00,9.14,7.44,8.900000000000002,7.313699999999995
天津市滨海新区李金山养殖场,2026-06-15 00:15:00,5.21,9.14,8.344,7.519449999999997
天津市滨海新区李金山养殖场,2026-06-15 05:42:00,6.76,5.21,7.702,7.2962
天津市滨海新区李金山养殖场,2026-06-15 10:04:00,7.93,6.76,7.048,6.760449999999995
天津市滨海新区李金山养殖场,2026-06-15 15:47:00,3.21,7.93,6.15,6.504099999999997
天津市滨海新区李金山养殖场,2026-06-15 21:15:00,5.04,3.21,7.595999999999999,7.04665
天津市滨海新区李金山养殖场,2026-06-16 00:30:00,9.38,5.04,8.136,7.530299999999995
天津市滨海新区李金山养殖场,2026-06-16 05:53:00,5.04,9.38,7.164,6.622250000000001
天津市滨海新区李金山养殖场,2026-06-16 10:12:00,5.45,5.04,7.575999999999999,6.277399999999997
天津市滨海新区李金山养殖场,2026-06-16 15:38:00,3.16,5.45,7.0120000000000005,6.94275
天津市滨海新区李金山养殖场,2026-06-16 21:19:00,3.8,3.16,6.215999999999999,6.853550000000005
天津市滨海新区李金山养殖场,2026-06-17 00:03:00,10.09,3.8,7.603999999999999,6.8820500000000004
天津市滨海新区李金山养殖场,2026-06-17 05:36:00,8.59,10.09,7.066,6.889299999999995
天津市滨海新区李金山养殖场,2026-06-17 10:03:00,8.07,8.59,7.409999999999999,6.523099999999999
天津市滨海新区李金山养殖场,2026-06-17 15:38:00,7.67,8.07,7.242,6.3939499999999985
天津市滨海新区李金山养殖场,2026-06-17 21:27:00,3.29,7.67,7.782000000000001,7.323850000000006
天津市滨海新区李金山养殖场,2026-06-18 00:10:00,8.48,3.29,7.684,7.039
天津市滨海新区李金山养殖场,2026-06-18 05:37:00,5.02,8.48,6.975999999999999,6.731099999999995
天津市滨海新区李金山养殖场,2026-06-18 10:15:00,5.79,5.02,7.023999999999999,6.096849999999996
天津市滨海新区李金山养殖场,2026-06-18 15:29:00,7.84,5.79,7.108,6.371950000000007
天津市滨海新区李金山养殖场,2026-06-18 21:06:00,8.66,7.84,6.946,7.511549999999996
天津市滨海新区李金山养殖场,2026-06-19 00:25:00,5.38,8.66,6.151999999999999,7.160549999999993
天津市滨海新区李金山养殖场,2026-06-19 05:37:00,8.27,5.38,7.856,7.3579500000000015
天津市滨海新区李金山养殖场,2026-06-19 10:11:00,5.84,8.27,6.973999999999999,6.320900000000002
天津市滨海新区李金山养殖场,2026-06-19 15:53:00,5.93,5.84,5.228,6.478349999999997
天津市滨海新区李金山养殖场,2026-06-19 21:15:00,8.96,5.93,7.546000000000001,7.072799999999993
天津市滨海新区李金山养殖场,2026-06-20 00:27:00,5.75,8.96,9.026,7.6608500000000035
天津市滨海新区李金山养殖场,2026-06-20 05:43:00,8.92,5.75,6.992,6.390799999999996
天津市滨海新区李金山养殖场,2026-06-20 10:24:00,6.86,8.92,6.412000000000001,6.1552
天津市滨海新区李金山养殖场,2026-06-20 15:40:00,5.95,6.86,7.184,6.4540500000000005
天津市滨海新区李金山养殖场,2026-06-20 21:00:00,6.8,5.95,8.017999999999999,7.075700000000001
天津市滨海新区李金山养殖场,2026-06-21 00:23:00,8.48,6.8,7.523999999999999,8.605
天津市滨海新区李金山养殖场,2026-06-21 05:39:00,6.86,8.48,7.906000000000001,6.635349999999999
天津市滨海新区李金山养殖场,2026-06-21 10:36:00,7.76,6.86,7.492,6.789649999999997
天津市滨海新区李金山养殖场,2026-06-21 15:24:00,7.56,7.76,6.764,7.2086999999999986
天津市滨海新区李金山养殖场,2026-06-21 21:00:00,9.66,7.56,7.624,7.679050000000003
天津市滨海新区李金山养殖场,2026-06-22 00:24:00,9.34,9.66,6.248,7.219750000000002
天津市滨海新区李金山养殖场,2026-06-22 05:56:00,7.93,9.34,7.724000000000001,7.343650000000001
天津市滨海新区李金山养殖场,2026-06-22 10:32:00,7.74,7.93,6.622,6.9102
天津市滨海新区李金山养殖场,2026-06-22 15:51:00,8.0,7.74,6.909999999999999,6.54125
天津市滨海新区李金山养殖场,2026-06-22 21:00:00,5.01,8.0,8.164,6.858949999999997
天津市滨海新区李金山养殖场,2026-06-23 00:28:00,3.39,5.01,7.093999999999999,6.816000000000005
天津市滨海新区李金山养殖场,2026-06-23 05:59:00,7.79,3.39,7.43,6.648049999999999
天津市滨海新区李金山养殖场,2026-06-23 10:20:00,5.98,7.79,5.582,6.358799999999998
天津市滨海新区李金山养殖场,2026-06-23 15:41:00,5.07,5.98,5.764,6.377600000000001
天津市滨海新区李金山养殖场,2026-06-23 21:10:00,10.13,5.07,7.2379999999999995,6.782599999999998
天津市滨海新区李金山养殖场,2026-06-24 00:19:00,7.0,10.13,6.7780000000000005,8.060450000000007
天津市滨海新区李金山养殖场,2026-06-24 05:59:00,9.24,7.0,6.9,6.6120499999999955
天津市滨海新区李金山养殖场,2026-06-24 10:23:00,7.64,9.24,6.246,6.544899999999992
天津市滨海新区李金山养殖场,2026-06-24 15:44:00,5.77,7.64,5.978,6.7763
天津市滨海新区李金山养殖场,2026-06-24 21:07:00,8.53,5.77,7.104000000000001,6.728000000000001
天津市滨海新区李金山养殖场,2026-06-25 00:35:00,9.85,8.53,7.156000000000001,6.856750000000001
天津市滨海新区李金山养殖场,2026-06-25 05:51:00,5.45,9.85,6.926,7.0219000000000005
天津市滨海新区李金山养殖场,2026-06-25 10:30:00,8.43,5.45,5.926,6.351749999999999
天津市滨海新区李金山养殖场,2026-06-25 15:36:00,6.05,8.43,7.45,6.330249999999996
天津市滨海新区李金山养殖场,2026-06-25 21:20:00,6.23,6.05,8.402000000000001,7.3335000000000035
天津市滨海新区李金山养殖场,2026-06-26 00:33:00,8.82,6.23,7.223999999999999,7.766649999999999
天津市滨海新区李金山养殖场,2026-06-26 05:41:00,3.68,8.82,5.290000000000001,6.680599999999996
天津市滨海新区李金山养殖场,2026-06-26 10:11:00,5.18,3.68,6.948,6.536149999999993
天津市滨海新区李金山养殖场,2026-06-26 15:44:00,8.54,5.18,6.453999999999999,6.455299999999995
天津市滨海新区李金山养殖场,2026-06-26 21:12:00,5.01,8.54,6.825999999999999,6.99465
天津市滨海新区李金山养殖场,2026-06-27 00:33:00,3.27,5.01,7.332000000000001,7.5948999999999955
天津市滨海新区李金山养殖场,2026-06-27 05:42:00,8.56,3.27,6.148000000000001,6.991500000000002
天津市滨海新区李金山养殖场,2026-06-27 10:18:00,8.04,8.56,7.624,6.492649999999997
天津市滨海新区李金山养殖场,2026-06-27 15:40:00,5.56,8.04,5.832,6.453549999999999
天津市滨海新区李金山养殖场,2026-06-27 21:02:00,3.83,5.56,8.492,7.308549999999999
天津市滨海新区李金山养殖场,2026-07-03 00:36:00,8.75,3.83,8.132,7.8651
天津市滨海新区李金山养殖场,2026-07-03 05:59:00,6.43,8.75,7.578,6.5758000000000045
天津市滨海新区李金山养殖场,2026-07-03 10:13:00,6.59,6.43,7.006,6.610650000000003
天津市滨海新区李金山养殖场,2026-07-03 15:27:00,3.71,6.59,6.046,6.877549999999996
天津市滨海新区李金山养殖场,2026-07-03 21:16:00,6.34,3.71,6.963999999999999,7.1252999999999975
天津市滨海新区李金山养殖场,2026-07-04 00:30:00,5.63,6.34,6.380000000000001,6.866050000000002
天津市滨海新区李金山养殖场,2026-07-04 05:57:00,5.81,5.63,6.8,6.935900000000001
天津市滨海新区李金山养殖场,2026-07-04 10:14:00,6.63,5.81,6.956,6.74
天津市滨海新区李金山养殖场,2026-07-04 15:50:00,8.23,6.63,6.712000000000001,6.621299999999999
天津市滨海新区李金山养殖场,2026-07-04 21:05:00,5.18,8.23,8.078,6.947050000000002
天津市滨海新区李金山养殖场,2026-07-05 00:32:00,6.11,5.18,8.459999999999999,7.080550000000003
天津市滨海新区李金山养殖场,2026-07-05 05:43:00,6.14,6.11,6.441999999999998,6.7664
天津市滨海新区李金山养殖场,2026-07-05 10:24:00,5.58,6.14,7.314,6.655249999999999
天津市滨海新区李金山养殖场,2026-07-05 15:23:00,7.9,5.58,5.484,7.006550000000005
天津市滨海新区李金山养殖场,2026-07-05 21:23:00,9.09,7.9,6.95,6.62595
天津市滨海新区李金山养殖场,2026-07-06 00:23:00,5.04,9.09,7.6659999999999995,7.12645
天津市滨海新区李金山养殖场,2026-07-06 05:42:00,6.48,5.04,5.802,6.566200000000002
天津市滨海新区李金山养殖场,2026-07-06 10:17:00,7.48,6.48,6.912000000000001,6.469349999999999
天津市滨海新区李金山养殖场,2026-07-06 15:29:00,7.69,7.48,6.452,6.26105
天津市滨海新区李金山养殖场,2026-07-06 21:11:00,8.4,7.69,6.343999999999999,6.687049999999999
天津市滨海新区李金山养殖场,2026-07-07 00:35:00,9.12,8.4,8.432,7.366449999999998
天津市滨海新区李金山养殖场,2026-07-07 05:51:00,7.41,9.12,6.82,6.960449999999997
天津市滨海新区李金山养殖场,2026-07-07 10:11:00,8.31,7.41,6.142,6.210549999999999
天津市滨海新区李金山养殖场,2026-07-07 15:49:00,5.34,8.31,6.523999999999999,6.416850000000002
天津市滨海新区李金山养殖场,2026-07-07 21:12:00,8.98,5.34,6.956,6.781450000000002
天津市滨海新区李金山养殖场,2026-07-08 00:21:00,6.19,8.98,8.228,7.3271500000000005
天津市滨海新区李金山养殖场,2026-07-08 05:59:00,4.0,6.19,6.76,6.785
天津市滨海新区李金山养殖场,2026-07-08 10:09:00,6.85,4.0,6.824,6.885
天津市滨海新区李金山养殖场,2026-07-08 15:39:00,6.68,6.85,5.084,6.446200000000004
天津市滨海新区李金山养殖场,2026-07-08 21:00:00,8.35,6.68,6.894,7.060749999999993
天津市滨海新区李金山养殖场,2026-07-09 00:03:00,9.53,8.35,6.209999999999999,7.13425
天津市滨海新区李金山养殖场,2026-07-09 05:45:00,3.29,9.53,7.140000000000001,6.544199999999997
天津市滨海新区李金山养殖场,2026-07-09 10:19:00,7.44,3.29,5.706,6.647499999999995
天津市滨海新区李金山养殖场,2026-07-09 15:49:00,6.99,7.44,6.395999999999999,6.531899999999999
天津市滨海新区李金山养殖场,2026-07-09 21:00:00,8.18,6.99,6.909999999999999,6.888350000000005
天津市滨海新区李金山养殖场,2026-07-10 00:34:00,7.66,8.18,6.394,7.746849999999996
天津市滨海新区李金山养殖场,2026-07-10 05:40:00,7.83,7.66,6.322,6.990050000000004
天津市滨海新区李金山养殖场,2026-07-10 10:24:00,7.59,7.83,6.476000000000001,6.589899999999999
天津市滨海新区李金山养殖场,2026-07-10 15:34:00,7.43,7.59,6.956,6.703300000000002
天津市滨海新区李金山养殖场,2026-07-10 21:07:00,6.94,7.43,6.409999999999999,7.471650000000003
天津市滨海新区李金山养殖场,2026-07-11 00:13:00,5.75,6.94,6.944,7.370050000000001
天津市滨海新区李金山养殖场,2026-07-11 05:56:00,3.01,5.75,6.334,6.896199999999997
天津市滨海新区李金山养殖场,2026-07-11 10:26:00,7.16,3.01,7.154000000000001,6.596199999999998
天津市滨海新区李金山养殖场,2026-07-11 15:29:00,7.59,7.16,7.587999999999999,7.013249999999998
天津市滨海新区李金山养殖场,2026-07-11 21:00:00,8.89,7.59,6.8740000000000006,7.248250000000001
天津市滨海新区李金山养殖场,2026-07-12 00:13:00,8.92,8.89,7.546000000000001,6.948749999999998
天津市滨海新区李金山养殖场,2026-07-12 05:59:00,8.22,8.92,6.409999999999999,6.9869
天津市滨海新区李金山养殖场,2026-07-12 10:29:00,5.93,8.22,6.4079999999999995,6.440299999999999
天津市滨海新区李金山养殖场,2026-07-12 15:48:00,8.57,5.93,6.796000000000001,6.649150000000001
天津市滨海新区李金山养殖场,2026-07-12 21:24:00,8.38,8.57,5.84,6.888799999999996
天津市滨海新区李金山养殖场,2026-07-13 00:11:00,3.44,8.38,8.34,7.59205
天津市滨海新区李金山养殖场,2026-07-13 05:49:00,8.38,3.44,6.588000000000001,6.779300000000005
天津市滨海新区李金山养殖场,2026-07-13 10:11:00,8.01,8.38,7.3180000000000005,6.544999999999996
天津市滨海新区李金山养殖场,2026-07-13 15:36:00,7.49,8.01,6.27,6.7898000000000005
天津市滨海新区李金山养殖场,2026-07-13 21:02:00,9.04,7.49,6.884,7.351749999999999
天津市滨海新区李金山养殖场,2026-07-14 00:23:00,3.31,9.04,6.446000000000001,7.650650000000008
天津市滨海新区李金山养殖场,2026-07-14 05:58:00,5.55,3.31,6.492,6.85585
天津市滨海新区李金山养殖场,2026-07-14 10:08:00,5.36,5.55,6.409999999999999,6.164650000000005
天津市滨海新区李金山养殖场,2026-07-14 15:26:00,7.78,5.36,6.44,6.594400000000003
天津市滨海新区李金山养殖场,2026-07-14 21:28:00,8.61,7.78,6.1659999999999995,6.4109500000000015
天津市滨海新区李金山养殖场,2026-07-15 00:22:00,8.51,8.61,8.532,6.845750000000004
天津市滨海新区李金山养殖场,2026-07-15 05:59:00,6.19,8.51,6.953999999999999,6.893300000000008
天津市滨海新区李金山养殖场,2026-07-15 10:05:00,7.5,6.19,6.534000000000001,6.544650000000002
天津市滨海新区李金山养殖场,2026-07-15 15:44:00,5.83,7.5,6.008,6.543850000000003
天津市滨海新区李金山养殖场,2026-07-15 21:08:00,8.26,5.83,6.236,7.129349999999996
天津市滨海新区李金山养殖场,2026-07-16 00:22:00,8.24,8.26,7.56,6.981749999999998
天津市滨海新区李金山养殖场,2026-07-16 05:59:00,3.03,8.24,6.948,7.079300000000004
天津市滨海新区李金山养殖场,2026-07-16 10:10:00,6.6,3.03,5.912000000000001,7.0013499999999995
天津市滨海新区李金山养殖场,2026-07-16 15:28:00,7.9,6.6,6.332,6.515650000000002
天津市滨海新区李金山养殖场,2026-07-16 21:06:00,6.71,7.9,6.686,6.771449999999996
天津市滨海新区李金山养殖场,2026-07-17 00:22:00,5.59,6.71,4.244,7.0493999999999994
天津市滨海新区李金山养殖场,2026-07-17 05:43:00,5.01,5.59,5.86,6.8455
天津市滨海新区李金山养殖场,2026-07-17 10:20:00,5.05,5.01,6.174,6.585100000000006
天津市滨海新区李金山养殖场,2026-07-17 15:33:00,6.67,5.05,4.88,6.399149999999999
天津市滨海新区李金山养殖场,2026-07-17 21:16:00,8.66,6.67,7.267999999999999,7.201100000000001
天津市滨海新区李金山养殖场,2026-07-18 00:22:00,6.68,8.66,8.562000000000001,7.200099999999999
天津市滨海新区李金山养殖场,2026-07-18 05:59:00,6.69,6.68,6.382,6.638700000000004
天津市滨海新区李金山养殖场,2026-07-18 10:20:00,7.49,6.69,5.57,6.2887999999999975
天津市滨海新区李金山养殖场,2026-07-18 15:27:00,7.32,7.49,6.93,6.3965499999999995
天津市滨海新区李金山养殖场,2026-07-18 21:25:00,8.39,7.32,7.888,6.9916
天津市滨海新区李金山养殖场,2026-07-19 00:27:00,10.43,8.39,7.589999999999999,6.834749999999999
天津市滨海新区李金山养殖场,2026-07-19 05:59:00,5.62,10.43,7.248,6.7894499999999995
天津市滨海新区李金山养殖场,2026-07-19 10:24:00,6.11,5.62,6.760000000000001,6.016550000000002
天津市滨海新区李金山养殖场,2026-07-19 15:57:00,3.26,6.11,6.717999999999999,6.171300000000003
天津市滨海新区李金山养殖场,2026-07-19 21:13:00,5.12,3.26,8.389999999999999,6.2944
天津市滨海新区李金山养殖场,2026-07-20 00:34:00,8.75,5.12,7.4319999999999995,6.3470499999999985
天津市滨海新区李金山养殖场,2026-07-20 05:41:00,5.53,8.75,6.08,6.132200000000001
天津市滨海新区李金山养殖场,2026-07-20 10:29:00,6.53,5.53,6.994,6.379300000000004
天津市滨海新区李金山养殖场,2026-07-20 15:45:00,6.69,6.53,6.606,6.51815
天津市滨海新区李金山养殖场,2026-07-20 21:00:00,7.74,6.69,7.388,6.896150000000001
天津市滨海新区李金山养殖场,2026-07-21 00:25:00,3.73,7.74,6.812,7.217800000000002
天津市滨海新区李金山养殖场,2026-07-21 05:49:00,7.53,3.73,6.164,7.168300000000004
天津市滨海新区李金山养殖场,2026-07-21 10:27:00,6.26,7.53,7.07,6.912750000000002
天津市滨海新区李金山养殖场,2026-07-21 15:57:00,3.82,6.26,6.344,6.591800000000001
天津市滨海新区李金山养殖场,2026-07-21 21:23:00,8.24,3.82,6.523999999999999,7.142249999999998
天津市滨海新区李金山养殖场,2026-07-22 00:33:00,6.54,8.24,7.1579999999999995,6.849349999999996
天津市滨海新区李金山养殖场,2026-07-22 05:59:00,5.95,6.54,7.037999999999999,7.131650000000007
天津市滨海新区李金山养殖场,2026-07-22 10:31:00,3.53,5.95,5.938,6.6906
天津市滨海新区李金山养殖场,2026-07-22 15:55:00,3.4,3.53,5.91,6.09505
天津市滨海新区李金山养殖场,2026-07-22 21:25:00,9.11,3.4,8.374,6.496000000000002
天津市滨海新区李金山养殖场,2026-08-04 00:07:00,6.11,9.11,6.779999999999999,6.888049999999996
天津市滨海新区李金山养殖场,2026-08-04 05:58:00,7.43,6.11,7.1659999999999995,6.916000000000004
天津市滨海新区李金山养殖场,2026-08-04 10:38:00,7.5,7.43,7.2299999999999995,5.941500000000002
天津市滨海新区李金山养殖场,2026-08-04 15:33:00,8.35,7.5,6.868,6.803050000000002
天津市滨海新区李金山养殖场,2026-08-04 21:00:00,6.5,8.35,7.731999999999999,7.0347500000000025
天津市滨海新区李金山养殖场,2026-08-05 00:06:00,5.55,6.5,6.732000000000001,7.509099999999998
天津市滨海新区李金山养殖场,2026-08-05 05:44:00,7.61,5.55,5.918,7.145150000000001
天津市滨海新区李金山养殖场,2026-08-05 10:37:00,6.19,7.61,5.603999999999999,6.326650000000006
天津市滨海新区李金山养殖场,2026-08-05 15:58:00,8.02,6.19,7.838000000000001,6.711750000000002
天津市滨海新区李金山养殖场,2026-08-05 21:04:00,8.17,8.02,7.264,6.453649999999997
天津市滨海新区李金山养殖场,2026-08-06 00:30:00,9.05,8.17,8.222,6.828350000000003
天津市滨海新区李金山养殖场,2026-08-06 05:39:00,8.1,9.05,5.752000000000001,6.633500000000001
天津市滨海新区李金山养殖场,2026-08-06 10:37:00,7.23,8.1,6.482000000000001,6.4712999999999985
天津市滨海新区李金山养殖场,2026-08-06 15:49:00,8.22,7.23,6.694,6.702149999999997
天津市滨海新区李金山养殖场,2026-08-06 21:00:00,8.59,8.22,7.140000000000001,7.3941
天津市滨海新区李金山养殖场,2026-08-07 00:26:00,5.11,8.59,5.418000000000001,7.3695500000000065
天津市滨海新区李金山养殖场,2026-08-07 05:47:00,7.38,5.11,7.194,7.2257
天津市滨海新区李金山养殖场,2026-08-07 10:03:00,6.95,7.38,6.232,6.28
天津市滨海新区李金山养殖场,2026-08-07 15:52:00,5.44,6.95,7.1739999999999995,6.588549999999998
天津市滨海新区李金山养殖场,2026-08-07 21:14:00,3.44,5.44,7.2780000000000005,7.035849999999998
天津市滨海新区李金山养殖场,2026-08-08 00:30:00,8.34,3.44,6.462000000000001,6.663150000000003
天津市滨海新区李金山养殖场,2026-08-08 05:59:00,8.7,8.34,6.134,6.3472
天津市滨海新区李金山养殖场,2026-08-08 10:18:00,3.26,8.7,6.296,6.628150000000001
天津市滨海新区李金山养殖场,2026-08-08 15:54:00,6.17,3.26,6.22,6.5334999999999965
天津市滨海新区李金山养殖场,2026-08-08 21:14:00,3.85,6.17,7.837999999999999,7.1415
天津市滨海新区李金山养殖场,2026-08-09 00:30:00,5.25,3.85,4.668000000000001,6.8438000000000025
天津市滨海新区李金山养殖场,2026-08-09 05:56:00,7.64,5.25,5.828,6.511599999999999
天津市滨海新区李金山养殖场,2026-08-09 10:10:00,7.16,7.64,6.340000000000001,6.5832999999999995
天津市滨海新区李金山养殖场,2026-08-09 15:35:00,7.98,7.16,6.9879999999999995,6.562450000000002
天津市滨海新区李金山养殖场,2026-08-09 21:25:00,3.72,7.98,6.1819999999999995,6.862700000000001
天津市滨海新区李金山养殖场,2026-08-10 00:35:00,8.89,3.72,5.898,6.578500000000003
天津市滨海新区李金山养殖场,2026-08-10 05:58:00,8.42,8.89,7.188,6.898200000000003
天津市滨海新区李金山养殖场,2026-08-10 10:33:00,6.55,8.42,7.006,6.681149999999995
天津市滨海新区李金山养殖场,2026-08-10 15:50:00,5.33,6.55,7.052,6.60015
天津市滨海新区李金山养殖场,2026-08-10 21:14:00,3.16,5.33,7.914,6.620649999999999
天津市滨海新区李金山养殖场,2026-08-11 00:36:00,3.13,3.16,6.106,6.777899999999997
天津市滨海新区李金山养殖场,2026-08-11 05:52:00,5.16,3.13,7.228,6.513900000000001
天津市滨海新区李金山养殖场,2026-08-11 10:09:00,3.91,5.16,6.053999999999999,6.880149999999998
天津市滨海新区李金山养殖场,2026-08-11 15:50:00,3.55,3.91,6.302,6.4100999999999955
天津市滨海新区李金山养殖场,2026-08-11 21:13:00,6.04,3.55,6.396,6.912700000000004
天津市滨海新区李金山养殖场,2026-08-12 00:20:00,8.51,6.04,6.5680000000000005,7.0816500000000016
天津市滨海新区李金山养殖场,2026-08-12 05:52:00,6.07,8.51,7.174000000000001,6.716700000000006
天津市滨海新区李金山养殖场,2026-08-12 10:25:00,3.03,6.07,6.858,6.595400000000001
天津市滨海新区李金山养殖场,2026-08-12 15:28:00,3.9,3.03,7.256,6.649250000000002
天津市滨海新区李金山养殖场,2026-08-12 21:19:00,3.39,3.9,6.782000000000001,6.464149999999998
天津市滨海新区李金山养殖场,2026-08-13 00:30:00,8.78,3.39,8.758,6.707299999999999
天津市滨海新区李金山养殖场,2026-08-13 05:36:00,5.18,8.78,6.898000000000001,6.7359500000000025
天津市滨海新区李金山养殖场,2026-08-13 10:25:00,7.79,5.18,6.992,6.702450000000002
天津市滨海新区李金山养殖场,2026-08-13 15:36:00,5.94,7.79,6.965999999999999,6.482399999999996
天津市滨海新区李金山养殖场,2026-08-13 21:18:00,9.55,5.94,6.804,6.9284000000000034
天津市滨海新区李金山养殖场,2026-08-14 00:24:00,5.97,9.55,5.7620000000000005,7.318800000000005
天津市滨海新区李金山养殖场,2026-08-14 05:46:00,8.05,5.97,6.276000000000001,6.536200000000003
天津市滨海新区李金山养殖场,2026-08-14 10:05:00,7.32,8.05,7.628,6.527199999999997
天津市滨海新区李金山养殖场,2026-08-14 15:30:00,7.99,7.32,6.973999999999999,6.6668
天津市滨海新区李金山养殖场,2026-08-14 21:02:00,5.58,7.99,7.152000000000001,6.825350000000003
天津市滨海新区李金山养殖场,2026-08-15 00:02:00,8.62,5.58,6.537999999999999,7.412700000000001
天津市滨海新区李金山养殖场,2026-08-15 05:51:00,5.71,8.62,6.836,7.158649999999994
天津市滨海新区李金山养殖场,2026-08-15 10:35:00,6.18,5.71,7.136,6.976149999999994
天津市滨海新区李金山养殖场,2026-08-15 15:47:00,6.39,6.18,6.534000000000001,6.454200000000003
天津市滨海新区李金山养殖场,2026-08-15 21:06:00,6.11,6.39,6.314,6.7117499999999986
天津市滨海新区李金山养殖场,2026-08-16 00:38:00,8.81,6.11,6.422,6.230400000000002
天津市滨海新区李金山养殖场,2026-08-16 05:59:00,8.47,8.81,7.812,6.802599999999999
天津市滨海新区李金山养殖场,2026-08-16 10:27:00,5.38,8.47,5.863999999999999,6.689549999999994
天津市滨海新区李金山养殖场,2026-08-16 15:58:00,5.29,5.38,6.824000000000001,6.446750000000001
天津市滨海新区李金山养殖场,2026-08-16 21:21:00,6.87,5.29,6.694,6.931649999999999
天津市滨海新区李金山养殖场,2026-08-17 00:05:00,6.24,6.87,7.87,7.609600000000003
天津市滨海新区李金山养殖场,2026-08-17 05:48:00,8.82,6.24,7.066,7.097
天津市滨海新区李金山养殖场,2026-08-17 10:18:00,7.08,8.82,6.694,6.633949999999995
天津市滨海新区李金山养殖场,2026-08-17 15:39:00,5.95,7.08,5.33,6.6503999999999985
天津市滨海新区李金山养殖场,2026-08-17 21:19:00,3.44,5.95,6.872000000000002,6.502000000000001
天津市滨海新区李金山养殖场,2026-08-18 00:15:00,8.85,3.44,7.274000000000001,7.207499999999998
天津市滨海新区李金山养殖场,2026-08-18 05:33:00,7.44,8.85,6.726000000000001,7.091699999999996
天津市滨海新区李金山养殖场,2026-08-18 10:17:00,6.52,7.44,6.326,6.649900000000002
天津市滨海新区李金山养殖场,2026-08-18 15:57:00,7.81,6.52,6.897999999999999,6.881300000000001
天津市滨海新区李金山养殖场,2026-08-18 21:24:00,3.63,7.81,6.8740000000000006,7.364399999999996
天津市滨海新区李金山养殖场,2026-08-19 00:07:00,8.05,3.63,8.202000000000002,6.824900000000002
天津市滨海新区李金山养殖场,2026-08-19 05:55:00,6.1,8.05,6.812,6.837799999999999
天津市滨海新区李金山养殖场,2026-08-19 10:25:00,7.16,6.1,6.884,6.7257
天津市滨海新区李金山养殖场,2026-08-19 15:31:00,6.74,7.16,5.52,6.913349999999998
天津市滨海新区李金山养殖场,2026-08-19 21:01:00,9.06,6.74,8.075999999999999,6.1637
天津市滨海新区李金山养殖场,2026-08-20 00:22:00,3.68,9.06,7.38,6.7914500000000055
天津市滨海新区李金山养殖场,2026-08-20 05:51:00,7.55,3.68,6.3420000000000005,6.492349999999998
天津市滨海新区李金山养殖场,2026-08-20 10:23:00,3.91,7.55,7.859999999999999,6.436099999999997
天津市滨海新区李金山养殖场,2026-08-20 15:34:00,3.87,3.91,5.502,6.124149999999998
天津市滨海新区李金山养殖场,2026-08-20 21:27:00,8.48,3.87,7.514,6.8656
天津市滨海新区李金山养殖场,2026-08-21 00:19:00,8.58,8.48,8.752,7.404750000000002
天津市滨海新区李金山养殖场,2026-08-21 05:53:00,7.97,8.58,5.864,6.351949999999999
天津市滨海新区李金山养殖场,2026-08-21 10:03:00,6.03,7.97,6.587999999999999,6.46635
天津市滨海新区李金山养殖场,2026-08-21 15:35:00,6.87,6.03,5.42,6.368200000000004
天津市滨海新区李金山养殖场,2026-08-21 21:00:00,6.74,6.87,8.42,7.115300000000001
天津市滨海新区李金山养殖场,2026-08-22 00:18:00,8.62,6.74,6.2780000000000005,7.2704999999999975
天津市滨海新区李金山养殖场,2026-08-22 05:59:00,7.23,8.62,6.758,7.008200000000005
天津市滨海新区李金山养殖场,2026-08-22 10:32:00,7.71,7.23,5.192,6.595750000000004
天津市滨海新区李金山养殖场,2026-08-22 15:29:00,8.33,7.71,7.1659999999999995,7.135549999999996
天津市滨海新区李金山养殖场,2026-08-22 21:10:00,5.24,8.33,8.456,7.527000000000003
天津市滨海新区李金山养殖场,2026-08-23 00:15:00,8.03,5.24,7.706,7.255599999999999
天津市滨海新区李金山养殖场,2026-08-23 05:54:00,6.26,8.03,8.346,6.577749999999997
天津市滨海新区李金山养殖场,2026-08-23 10:08:00,8.14,6.26,7.409999999999999,6.25725
天津市滨海新区李金山养殖场,2026-08-23 15:53:00,7.81,8.14,7.308,6.519300000000003
天津市滨海新区李金山养殖场,2026-08-23 21:00:00,6.52,7.81,6.794,7.200299999999996
天津市滨海新区李金山养殖场,2026-09-08 00:12:00,9.89,6.52,7.702000000000001,7.023250000000001
天津市滨海新区李金山养殖场,2026-09-08 05:59:00,5.98,9.89,6.198,6.766499999999999
天津市滨海新区李金山养殖场,2026-09-08 10:15:00,5.26,5.98,6.292,6.114950000000006
天津市滨海新区李金山养殖场,2026-09-08 15:25:00,6.23,5.26,5.7,6.3168500000000005
天津市滨海新区李金山养殖场,2026-09-08 21:13:00,7.0,6.23,8.129999999999999,7.188999999999997
天津市滨海新区李金山养殖场,2026-09-09 00:07:00,5.25,7.0,6.88,7.247399999999996
天津市滨海新区李金山养殖场,2026-09-09 05:45:00,8.32,5.25,5.3740000000000006,7.338000000000003
天津市滨海新区李金山养殖场,2026-09-09 10:37:00,8.29,8.32,6.002000000000001,6.964750000000004
天津市滨海新区李金山养殖场,2026-09-09 15:40:00,7.94,8.29,6.428,6.594450000000003
天津市滨海新区李金山养殖场,2026-09-09 21:07:00,6.54,7.94,7.516,7.309699999999999
天津市滨海新区李金山养殖场,2026-09-10 00:19:00,9.2,6.54,8.144,7.819650000000005
天津市滨海新区李金山养殖场,2026-09-10 05:48:00,8.96,9.2,6.992,6.717900000000002
天津市滨海新区李金山养殖场,2026-09-10 10:25:00,5.97,8.96,6.837999999999999,6.470649999999996
天津市滨海新区李金山养殖场,2026-09-10 15:42:00,5.8,5.97,7.103999999999999,6.324900000000002
天津市滨海新区李金山养殖场,2026-09-10 21:03:00,5.44,5.8,6.380000000000001,7.182349999999999
天津市滨海新区李金山养殖场,2026-09-11 00:24:00,8.99,5.44,6.554,7.773150000000003
天津市滨海新区李金山养殖场,2026-09-11 05:39:00,8.82,8.99,6.903999999999999,7.53715
天津市滨海新区李金山养殖场,2026-09-11 10:03:00,5.59,8.82,6.372,6.6520999999999955
天津市滨海新区李金山养殖场,2026-09-11 15:29:00,8.11,5.59,6.369999999999999,6.729850000000003
天津市滨海新区李金山养殖场,2026-09-11 21:08:00,5.23,8.11,7.303999999999999,7.2437000000000005
天津市滨海新区李金山养殖场,2026-09-12 00:06:00,6.71,5.23,6.03,7.25815
天津市滨海新区李金山养殖场,2026-09-12 05:38:00,8.99,6.71,7.153999999999999,7.37575
天津市滨海新区李金山养殖场,2026-09-12 10:06:00,7.94,8.99,7.4239999999999995,6.690399999999996
天津市滨海新区李金山养殖场,2026-09-12 15:39:00,7.89,7.94,7.5840000000000005,6.680599999999996
天津市滨海新区李金山养殖场,2026-09-12 21:18:00,9.14,7.89,6.744,7.344549999999998
天津市滨海新区李金山养殖场,2026-09-13 00:31:00,3.67,9.14,7.287999999999999,7.061700000000002
天津市滨海新区李金山养殖场,2026-09-13 05:37:00,8.59,3.67,7.532000000000001,6.452699999999998
天津市滨海新区李金山养殖场,2026-09-13 10:21:00,5.0,8.59,7.302,6.002749999999995
天津市滨海新区李金山养殖场,2026-09-13 15:43:00,7.75,5.0,7.7780000000000005,6.415049999999997
天津市滨海新区李金山养殖场,2026-09-13 21:22:00,6.48,7.75,8.155999999999999,7.103350000000002
天津市滨海新区李金山养殖场,2026-09-14 00:06:00,5.69,6.48,8.416,7.533399999999997
天津市滨海新区李金山养殖场,2026-09-14 05:33:00,8.7,5.69,6.966000000000001,6.814649999999998
天津市滨海新区李金山养殖场,2026-09-14 10:22:00,6.58,8.7,5.944,6.449199999999996
天津市滨海新区李金山养殖场,2026-09-14 15:50:00,6.08,6.58,6.968000000000001,6.698599999999995
天津市滨海新区李金山养殖场,2026-09-14 21:07:00,9.44,6.08,7.784000000000001,7.136949999999998
天津市滨海新区李金山养殖场,2026-09-15 00:19:00,8.78,9.44,7.9,6.7745
天津市滨海新区李金山养殖场,2026-09-15 05:32:00,8.46,8.78,6.422,6.4288000000000025
天津市滨海新区李金山养殖场,2026-09-15 10:10:00,5.23,8.46,5.9799999999999995,6.725649999999998
天津市滨海新区李金山养殖场,2026-09-15 15:49:00,5.04,5.23,7.279999999999999,6.811649999999998
天津市滨海新区李金山养殖场,2026-09-15 21:01:00,5.97,5.04,7.917999999999999,7.554599999999994
天津市滨海新区李金山养殖场,2026-09-16 00:31:00,5.75,5.97,7.114,8.019599999999995
天津市滨海新区李金山养殖场,2026-09-16 05:51:00,8.29,5.75,6.306,7.722499999999997
天津市滨海新区李金山养殖场,2026-09-16 10:07:00,6.41,8.29,7.204000000000001,7.0322
天津市滨海新区李金山养殖场,2026-09-16 15:32:00,8.21,6.41,5.776,6.842349999999997
天津市滨海新区李金山养殖场,2026-09-16 21:26:00,5.39,8.21,7.162000000000001,7.228749999999996
天津市滨海新区李金山养殖场,2026-09-17 00:05:00,6.3,5.39,8.684000000000001,7.854399999999995
天津市滨海新区李金山养殖场,2026-09-17 05:57:00,6.69,6.3,6.465999999999999,7.101399999999996
天津市滨海新区李金山养殖场,2026-09-17 10:14:00,8.11,6.69,6.656000000000001,6.490000000000005
天津市滨海新区李金山养殖场,2026-09-17 15:40:00,8.48,8.11,5.682,6.333000000000004
天津市滨海新区李金山养殖场,2026-09-17 21:23:00,9.21,8.48,6.287999999999999,7.715199999999997
天津市滨海新区李金山养殖场,2026-09-18 00:08:00,5.64,9.21,7.031999999999999,7.245300000000006
天津市滨海新区李金山养殖场,2026-09-18 05:48:00,6.8,5.64,7.57,7.633299999999998
天津市滨海新区李金山养殖场,2026-09-18 10:32:00,7.54,6.8,7.234,6.454450000000003
天津市滨海新区李金山养殖场,2026-09-18 15:22:00,3.32,7.54,6.356,6.72135
天津市滨海新区李金山养殖场,2026-09-18 21:07:00,6.13,3.32,7.054,7.57085
天津市滨海新区李金山养殖场,2026-09-19 00:17:00,9.67,6.13,8.193999999999999,6.92985
天津市滨海新区李金山养殖场,2026-09-19 05:44:00,7.89,9.67,6.775999999999999,6.883199999999997
天津市滨海新区李金山养殖场,2026-09-19 10:37:00,8.49,7.89,6.542000000000002,6.394999999999999
天津市滨海新区李金山养殖场,2026-09-19 15:43:00,5.13,8.49,6.145999999999999,6.615699999999999
天津市滨海新区李金山养殖场,2026-09-19 21:16:00,3.48,5.13,8.459999999999999,7.248399999999995
天津市滨海新区李金山养殖场,2026-09-20 00:35:00,10.38,3.48,7.337999999999999,7.739849999999997
天津市滨海新区李金山养殖场,2026-09-20 05:37:00,7.69,10.38,6.197999999999999,7.215299999999997
天津市滨海新区李金山养殖场,2026-09-20 10:14:00,6.74,7.69,6.0920000000000005,6.5234000000000005
天津市滨海新区李金山养殖场,2026-09-20 15:29:00,6.56,6.74,7.502000000000001,6.896049999999997
天津市滨海新区李金山养殖场,2026-09-20 21:15:00,5.27,6.56,6.9159999999999995,7.5549500000000025
天津市滨海新区李金山养殖场,2026-09-21 00:22:00,8.91,5.27,6.715999999999999,7.698350000000002
天津市滨海新区李金山养殖场,2026-09-21 05:59:00,9.18,8.91,7.934,6.925599999999996
天津市滨海新区李金山养殖场,2026-09-21 10:23:00,5.34,9.18,7.723999999999999,6.7905499999999925
天津市滨海新区李金山养殖场,2026-09-21 15:51:00,5.54,5.34,7.5920000000000005,7.146699999999997
天津市滨海新区李金山养殖场,2026-09-21 21:08:00,3.78,5.54,7.158000000000001,8.46135
天津市滨海新区李金山养殖场,2026-09-22 00:03:00,8.33,3.78,5.54,7.2356
天津市滨海新区李金山养殖场,2026-09-22 05:49:00,8.87,8.33,5.704,6.938949999999998
天津市滨海新区李金山养殖场,2026-09-22 10:08:00,6.27,8.87,6.289999999999999,6.978549999999999
天津市滨海新区李金山养殖场,2026-09-22 15:54:00,3.62,6.27,7.215999999999999,6.721499999999997
天津市滨海新区李金山养殖场,2026-09-22 21:00:00,9.5,3.62,5.898,7.657249999999997
天津市滨海新区李金山养殖场,2026-09-23 00:04:00,10.0,9.5,8.174000000000001,7.13945
天津市滨海新区李金山养殖场,2026-09-23 05:59:00,6.25,10.0,7.111999999999999,7.150349999999994
天津市滨海新区李金山养殖场,2026-09-23 10:09:00,5.12,6.25,6.458,6.260700000000001
天津市滨海新区李金山养殖场,2026-09-23 15:27:00,8.07,5.12,6.934,6.515399999999999
天津市滨海新区李金山养殖场,2026-09-23 21:15:00,6.17,8.07,8.08,6.674450000000003
天津市滨海新区李金山养殖场,2026-09-24 00:37:00,9.22,6.17,7.702,7.00829999999999
天津市滨海新区李金山养殖场,2026-09-24 05:59:00,5.24,9.22,7.667999999999999,6.764650000000001
天津市滨海新区李金山养殖场,2026-09-24 10:16:00,5.6,5.24,8.05,6.570799999999998
天津市滨海新区李金山养殖场,2026-09-24 15:52:00,8.49,5.6,6.92,6.414849999999999
天津市滨海新区李金山养殖场,2026-09-24 21:22:00,5.53,8.49,7.256,7.183950000000001
天津市滨海新区李金山养殖场,2026-09-25 00:35:00,9.69,5.53,6.882,7.921850000000002
天津市滨海新区李金山养殖场,2026-09-25 05:59:00,8.48,9.69,7.18,7.336700000000004
天津市滨海新区李金山养殖场,2026-09-25 10:20:00,8.09,8.48,6.409999999999999,6.4209499999999995
天津市滨海新区李金山养殖场,2026-09-25 15:48:00,9.65,8.09,6.656000000000001,7.043150000000001
天津市滨海新区李金山养殖场,2026-09-25 21:08:00,9.12,9.65,8.802,8.630700000000004
天津市滨海新区李金山养殖场,2026-09-26 00:25:00,8.98,9.12,8.306000000000001,6.198349999999997
天津市滨海新区李金山养殖场,2026-09-26 05:44:00,5.65,8.98,8.212,6.546249999999994
天津市滨海新区李金山养殖场,2026-09-26 10:22:00,7.99,5.65,7.159999999999999,6.7415499999999975
天津市滨海新区李金山养殖场,2026-09-26 15:36:00,8.72,7.99,6.703999999999999,6.820849999999998
天津市滨海新区李金山养殖场,2026-09-26 21:14:00,9.99,8.72,6.651999999999999,6.744849999999999
天津市滨海新区李金山养殖场,2026-09-27 00:24:00,9.4,9.99,7.364000000000002,7.512199999999996
天津市滨海新区李金山养殖场,2026-09-27 05:57:00,5.71,9.4,8.102,6.666099999999999
天津市滨海新区李金山养殖场,2026-09-27 10:15:00,8.64,5.71,6.464,6.263550000000002
天津市滨海新区李金山养殖场,2026-09-27 15:56:00,8.72,8.64,7.520000000000001,6.7346
